complex_id,pnu,bldNm,platArea,archArea,totArea,vlRatEstmTotArea,vlRat,bcRat,hhldCnt,mainBldCnt,useAprDay,n_items
10,2817710200104750035,,,,,,,,,,,0
13,2817710200106900000,엘에이치미추홀3단지,26651.6,6150.99,84146.12,65983.07,247.58,23.08,1500,11,20181203,1
14,2817710200106640000,인천 SK Sky VIEW,197343.6,25605.477,652825.0758,471595.8112,238.97,12.98,3971,32,20160623,1
26,2817710200106270040, ,0,9762.38,138465.07,127799.66,0,0,1170,13, ,1
27,2817710200106470000,용현2단지금호타운,60732,10122.38,143291.016,136098.666,224.1,16.67,1306,16,19991101,1
41,2817710300105870397,,,,,,,,,,,0
50,2817710300107190000,"동아,풍림아파트",62792,13160.0431,256510.4414,188369.8414,299.99,20.96,1520,24, ,1
51,2817710300107210000,학익동풍림아이원아파트,95920.5,15253.8786,305651.1645,239551.1033,249.74,15.9,2090,29,20071213,1
69,2817710400110110000,더샵 인천스카이타워 1단지,36570.2,13030.34,247027.2083,160622.7044,439.22,35.63,1309,9,20201125,1
71,2817710400110090000,e편한세상 도화 6-1단지,46320.1,7265.54,160407.95,113523.74,245.09,15.69,1173,12,20180125,1
80,2817710500106050001,,,,,,,,,,,0
88,2817710500116620000,주안파크자이더플래티넘,72469.2,10677.29,269877.1815,180249.4332,248.73,14.73,2054,15,20230224,1
90,2817710500115770047,,,,,,,,,,,0
92,2817710500116280000,주안역 센트레빌,45106.5,7671.7631,185610.6967,132515.4484,293.7835,17.0081,1458,13,20210727,1
98,2817710500116140000,주안더월드스테이트,113946,20786.359,479450.39,362022.116,317.71,18.24,3160,42,20080528,1
100,2817710500116210000,인천관교 한신휴플러스,62973.9,11580.1947,213187.9334,157150.8934,249.55,18.39,1509,20,20100730,1
134,2818510100106260000,럭키송도아파트,49788.9,10592.54,152593.93,162267.5,325.91099,21.274902,1304,18, ,1
136,2818510100106370001,현대아파트,35748.4,6800.339,120746.999,98012.495,274.17309,19.02,1011,11, ,1
137,2818510100106330000,"현대2차아파트,상가,유치원",38499,7882.433,384396.429,124149.684,322.48,20.47,1180,11, ,1
149,2818510200103470000, ,0,36911.6,129684.22,79708.56,0,0,1300,15, ,1
168,2818510300105820002, ,0,0.0,0.0,0.0,0,0,3643,34, ,1
169,2818510300106350000,연수1차우성아파트,65459.4,8678.358,154164.151,144405.995,220.6,13.26,1088,19,19940902,1
170,2818510300106340000,우성아파트,78441,10118.89,203473.762,0.0,200.476,12.9,2044,22, ,1
172,2818510300105330000, ,0,141012.02,141012.92,130047.75,0,0,2614,17, ,1
173,2818510300105780002, ,37144.3,5435.33,74790.48,69063.71,185.93,14.63,1170,9,19931028,1
178,2818510300105820002, ,0,0.0,0.0,0.0,0,0,3643,34, ,1
179,2818510300105820002, ,0,0.0,0.0,0.0,0,0,3643,34, ,1
193,2818510500107570012,,,,,,,,,,,0
195,2818510500200510007,,,,,,,,,,,0
196,2818510500111310001,연수 서해그랑블 1단지,56056.2,9241.6826,164655.94,110269.88,196.71,16.49,1043,15,20171229,1
198,2818510500109250000,한양아파트,58279,102011.5304,275001.22,128998.08,221.35,175.04,1020,13, ,1
199,2818510500109240003,삼성아파트,60404,19403.72,279686.04000000004,283820.6,268.98,15.082842,1620,14, ,2
200,2818510500109250007,"대우,삼환아파트 전체동",101114.488,32037.76,347330.30000000005,208528.4086,206.22999,15.842319,2664,20, ,2
203,2818510500109310000,무지개마을,71646.1,12779.739,105494.27,123109.35,171.83,17.84,1068,16, ,1
206,2818510500109290000,연수2차풍림아파트,83160,12930.41,103468.45,93926.38,112.95,15.55,1200,19, ,1
207,2818510500109320000,연수2차한양아파트,125615.5,31059.85,147130.034,129897.081,103.41,24.73,0,44, ,1
208,2818510500109280000,"현대아파트,현대상가,유치원",93372,412148.88,161505.43,104310.52,111.71,441.41,1040,26, ,1
209,2818510500109430000,동남아파트,79794.3,9939.68,102537.24,95657.93,119.88,12.45,1350,9, ,1
210,2818510500109230000,연수타운,95535,13322.926,145555.758,139183.41,145.69,13.95,1056,20, ,1
223,2818510600103960001,송도 Luxe Ocean SK VIEW,67158,8873.5583,194835.2861,137555.1899,204.82,13.21,1114,9,20250225,1
224,2818510600103960011,송도자이 더 스타,103853.64,15619.8515,287876.7477,191295.3029,182.96,14.94,1533,10,20241227,1
227,2818510600100300002,힐스테이트 송도 더스카이,32909.9,11630.2064,320430.1902,213890.5527,649.93,35.34,1205,10,20240529,1
228,2818510600103960007,송도자이크리스탈오션,101606.6,14566.7106,288500.7133,197717.3194,194.59,14.34,1503,17,20240627,1
229,2818510600103970005,힐스테이트 레이크 송도 3차,66046.6,8714.09,211600.29,133755.92,202.52,13.19,1100,10,20231024,1
232,2818510600103120001,송도동 312-1외1필-호반 써밋 송도,66114.7,16483.2051,454649.8956,336708.9695,509.28,24.9312,1820,11,20230214,1
237,2818510600103110001,,,,,,,,,,,0
238,2818510600103080001,더샵송도 마리나베이,180714.8,22162.6177,479861.2567,348553.2502,192.87,12.26,3100,31,20200713,1
239,2818510600103100001,송도 오션파크 베르디움,74023,8861.1685,234226.8981,172175.0117,232.6,11.97,1530,12,20200214,1
241,2818510600103150001,송도 SK VIEW,105021.9,11848.1786,334980.5067,243571.52,231.93,11.28,2100,14,20190709,1
245,2818510600103190001,e편한세상 송도,121938.7204,15252.584,3986783503.0,2844507236.0,233.27,12.51,2708,19,20181106,1
246,2818510600101900004,송도 더샵 센트럴시티,97558.6,33038.65,395418.33,292643.27,299.97,33.87,2610,19,20180921,1
247,2818510600101910002,송도 글로벌파크 베르디움,60706.3,7683.8764,168480.7574,121198.1251,199.65,12.66,1153,11,20171101,1
251,2818510600101920008,베르디움 더퍼스트,98094.2,13082.7841,267667.0774,195877.9595,199.68,13.34,1834,17,20170201,1
252,2818510600101910004,송도 에듀포레 푸르지오,75338.2,8473.063,207749.641,154377.22,204.913,11.247,1406,9,20160825,1
253,2818510600101490000,롯데캐슬 캠퍼스타운,57091.6,14714.7577,391585.616,256427.3995,449.15,25.77,1230,10,20160310,1
263,2818510600100020007,송도풍림아이원아파트,71868,8944.0145,147320.054,125664.444,174.85,12.45,1024,19,20050718,1
266,2818510600100150002,더샵 엑스포,33102.3,5925.4384,77409.5497,53662.2715,162.11,17.9,356,7,20090930,1
283,2818510600101610003,송도 캐슬&해모로,83467.6,12049.6234,246707.4595,183628.1096,219.99,14.44,1439,15,20130930,1
284,2818510600101900002,글로벌 캠퍼스 푸르지오,94273.8,23374.69,437309.16,311007.77,329.9,24.79,1703,15,20131015,1
285,2818510600101920001,더샵  그린스퀘어,96614.4,9440.74,263862.2119,192289.0589,199.03,9.77,1516,14,20140311,1
294,2818510600100040001,송도동 4-1,103154,28435.997,513606.312,369598.263,358.2976,27.5665,156,13,20090122,1
299,2820010100116360000,한화 포레나 인천구월,42823.6,7080.6972,153490.908,101123.2854,236.14,16.53,1115,12,20231129,1
301,2820010100115510000,구월 아시아드선수촌 7단지,32033.7,4749.2239,89743.7526,60790.2297,189.77,14.83,1109,7,20230203,1
317,2820010100100230000,구월힐스테이트/롯데캐슬골드,178135.5,36536.2735,856257.0379,622382.5177,349.39,20.51,5076,65,20070801,1
319,2820010100100240000,롯데캐슬골드,116441.3,21902.3787,543517.2407,404178.6217,347.11,18.81,3384,40,20070801,1
333,2820010200109390001,간석래미안자이아파트,120509.8,19178.97,413135.21,301259.37,249.99,15.91,2432,35,20081017,1
340,2820010200109380001,어울림마을,59423.8,12042.6,278649.78,207894.42,349.85,20.27,1733,21,20051027,1
343,2820010200108930001, ,0,7192.61,102313.36,94755.28,0,0,1050,12, ,1
361,2820010300111150001,포레시안(Foresian),147684.7,19658.64,442985.68,322037.87,218.06,13.31,3208,42,20110520,1
365,2820010300111140000,햇빛마을벽산아파트,58711.5,14376.33,262012.53,201432.41,343.09,24.49,2073,22, ,1
370,2820010300110440000,만수뉴서울아파트,23779,5515.6,69023.015,59671.6,250.94,23.2,1234,8,19920709,1
371,2820010300110490000, ,0,4658.367,71729.71,67610.97,0,0,1100,10, ,1
379,2820010300110050000,만수주공아파트,0,11356.24,153178.25,140943.52,0,0,2906,19, ,1
384,2820010300100290000, ,0,16296.873,191309.275,180894.685,0,0,2436,38, ,1
385,2820010300100130000, ,0,11873.88,190017.005,179212.375,0,0,2220,20, ,1
386,2820010300110050000,만수주공아파트,0,11356.24,153178.25,140943.52,0,0,2906,19, ,1
394,2820010500107450000,인천 서창 꿈에그린,77709,11028.17,165098.71,129207.48,166.27,14.19,1212,11,20190226,1
395,2820010500106820000,서창센트럴푸르지오,66141,8661.68,167542.43,123333.64,186.47,13.1,1160,11,20180119,1
396,2820010500106760000,더포레스트,58522,8825.92,139714.96,105291.47,179.92,15.08,1228,13,20171215,1
402,2820010500106770000,,,,,,,,,,,0
408,2820010500106990000,서창퍼스트뷰,82827,14946.42,199034.27,138081.86,166.71,18.05,1196,23,20120614,1
410,2820010500107170000,인천서창엘에이치12단지,56752.3,9402.06,121058.04,89975.33,158.43,16.57,1534,15,20140401,1
437,2820011000106330001,논현휴먼시아,51819,8112.214,120278.742,97643.95,188.43,15.65,1522,16,20070330,1
438,2820011000105990001,주공아파트,59300,7579.948,139467.661,115601.677,194.94,12.78,1800,15,20060804,1
439,2820011000106350001,논현휴먼시아 하늘마을,84993,13118.428,179129.947,151313.262,178.03,15.43,2147,23,20080520,1
440,2820011000106430001,논현휴먼시아 범마을,49733,7319.089,106494.69,88927.306,178.81,14.72,1278,13,20080619,1
441,2820011000107400002,소래휴먼시아 3단지,80282,13236.6,167887.41,124208.9,154.72,16.49,2026,27,20101130,1
443,2820011000105640001,논현주공아파트,45443,6556.329,115233.648,90199.107,198.49,14.43,1190,14, ,1
444,2820011000105770000,소래마을풍림아파트,47772.1,11101.44,152364.447,144332.377,302.13,23.24,1517,22,20000325,1
446,2820011000107740001,에코메트로11단지한화꿈에그린아파트,101464,15417.891,287953.65,201970.117,199.056,15.195,1622,21,20090729,1
447,2820011000107550004,에코메트로12단지한화꿈에그린아파트,82493,11823.524,229203.921,164143.103,198.978,14.332,1298,17,20090729,1
451,2820011000107550001,에코메트로 5블록 한화 꿈에그린아파트,67126.4,7310.748,185058.926,133244.39,198.5,10.89,1052,9,20101224,1
464,2823710100106780005,,,,,,,,,,,0
471,2823710100109620000,부평 SK VIEW 해모로,55436,10042.4563,213087.1527,139122.2987,250.96,18.12,1559,18,20230224,1
474,2823710100109470000,래미안부평,47254,9307.294,182070.656,132259.223,279.89,19.7,1145,18, ,1
482,2823710100100700005,동아아파트,0,15391.92,221793.866,208914.65,0,0,2475,18, ,1
483,2823710100100700125,,,,,,,,,,,0
484,2823710100109350000,,,,,,,,,,,0
489,2823710200106420000,힐스테이트 부평,45122.4,7229.02,198213.3,130802.69,289.88,16.02,1409,10,20230607,1
490,2823710200106300000,더샵 부평센트럴시티,161812.4,32774.1719,755777.1755,535851.5873,331.1902,20.254425,5678,38,20220502,1
496,2823710200106070000,,,,,,,,,,,0
502,2823710300105240000,부평 신일 해피트리 더루츠,40438.2,7901.239,158754.655,99921.449,247.1,19.54,1116,13,20220701,1
508,2823710300105070000,금호 이수 마운트밸리,48756,11405.31,235938.58,166143.5,340.77,23.39,1384,23,20071123,1
518,2823710300101240023,산곡동한화아파트,71775,0.0,246094.59,0.0,0,0,2024,34, ,1
519,2823710300103070000,현대아파트,0,16308.45,243219.13,225860.66,0,0,2204,23, ,1
520,2823710300103110126, ,0,19500.788,126093.518,128688.98,0,0,1497,15, ,1
521,2823710300103700399,현대아파트,0,12412.19,149103.11,140208.49,0,0,1200,15, ,1
525,2823710300102930000,,,,,,,,,,,0
526,2823710400101420001,,,,,,,,,,,0
542,2823710400102000000,"부평1,2차 금호타운",27265,15844.347,309439.06,246541.935,282.79,18.17,2539,24, ,1
543,2823710400101760007,,,,,,,,,,,0
565,2823710500104480001,신성 미소지움아파트,69910,9751.41,202466.3,153793.88,219.99,13.95,1030,15,20050503,1
566,2823710500104530001,삼산타운,70926,9877.525,166029.717,143001.486,201.62,13.93,1351,17,20040817,1
567,2823710500104450005,삼산타운,87555,10838.324,206343.504,179643.101,205.18,12.38,1622,23,20051021,1
568,2823710500104400001,삼산타운1단지아파트,73387,9327.655,175611.808,144324.47,196.66,12.71,1871,22,20050608,1
574,2823710500104560008,주공삼산타운아파트,60978,9075.731,130351.66,108811.624,178.44,14.88,1696,17,20040714,1
578,2823710600103600000, ,33468.6,4198.43,50774.44,46459.84,138.82,12.54,1170,7,19920530,1
586,2823710600103590000,근로복지아파트,0,11408.5,96913.19,90808.82,0,0,1650,9,19920629,1
600,2823710700105120000,부개역 푸르지오,56905.6,9942.553,212279.997,142036.367,249.6,17.47,1054,13,20100128,1
603,2823710700104770003,뉴서울아파트,0,5259.43,71340.6,62659.45,0,0,1140,6, ,1
604,2823710700104990002,"푸른마을 한신,삼부아파트",55726.8,9640.89,176976.511,139143.443,249.68,17.3,1020,14, ,1
607,2823710700104980005,부개주공아파트,0,7578.14,138925.29,125414.32,0,0,1724,19,19961015,1
610,2823710700105010001,부개주공아파트,54451.2,7820.8,150024.656,126345.199,232.03,174.66,1240,14,19971022,1
611,2823710700104960002,부개주공아파트,0,6256.71,110171.42,103383.33,0,0,1490,15,19960911,1
628,2824510100106770000,e편한세상 계양 더프리미어,51457,7633.8868,214931.8601,141440.4019,274.87,14.83,1646,14,20211013,1
636,2824510100101230143,,,,,,,,,,,0
664,2824510200100200000,계산주공아파트,0,4461.04,69771.9,65386.38,0,0,1140,7, ,1
671,2824510200100620001,현대아파트,48819,7876.62,134172.015,126575.195,259.27,16.13,1248,11, ,1
692,2824510300109150001,,,,,,,,,,,0
694,2824510300109120005,도두리마을 대동아파트,33680.5,6171.84,125673.62,84682.57,251.42,18.32,1299,9, ,1
695,2824510300109120004,"도두리마을 동남,롯데아파트",33113.1,5491.78,86589.93,82084.63,247.89,16.58,1282,13, ,1
697,2824510300103860006,,,,,,,,,,,0
698,2824510300109120003,도두리마을동보아파트,35435,7305.44,93627.71,88016.72,248.39,20.62,1276,11, ,1
718,2824510400102300000,계양 효성해링턴 플레이스,63865.4,10459.686,238050.583,166428.51,260.59,16.38,1669,17,20210127,1
730,2824510700104320005,학마을 서해아파트,33113.9,13986.86,212884.77000000002,79154.59,239.04,22.26,2313,26, ,2
731,2824510700104320005,학마을 서해아파트,33113.9,13986.86,212884.77000000002,79154.59,239.04,22.26,2313,26, ,2
732,2824510700104330001,학마을 한진아파트,40044,7269.22,105921.85,99428.52,248.3,18.15,1500,17, ,1
755,2824511800101800000,신동아아파트,57034,12450.95,143816.68,107905.02,0,21.83075,1229,19, ,1
761,2871031025107180000,,,,,,,,,,,0
1156,1111017800101450000,,,,,,,,,,,0
1191,1114016200108440000,남산타운,193813,43326.86,560994.79,448022.02,231.16,22.36,5150,48,20020525,1
1192,1114016200108440000,남산타운,193813,43326.86,560994.79,448022.02,231.16,22.36,5150,48,20020525,1
1196,1114016200108420000,약수하이츠,74375,14874.21,251093.96,190245.84,255.79,19.99,2282,21, ,1
1207,1114016500125450000,롯데캐슬베네치아,39204.2,21647.96,378865.94,218489.57,557.31,55.22,1870,8,20081222,1
1219,1114017400102730000,서울역센트럴자이,55172.3,10817.7235,192785.1899,129253.2355,234.27197,19.607164,1341,18, ,1
1229,1117011600101750000,,,,,,,,,,,0
1242,1117012000100230000,도원동삼성래미안,52461.9,10493.68,202945.67,152113.57,289.95,20,1458,16,20010803,1
1255,1117012500104260000,용산 베르디움 프렌즈,7037.2,4047.54,99837.9,67695.83,961.97,57.52,1086,4,20210305,1
1262,1117012800100980000,센트럴파크,30364.4,18215.12,364262.8571,244452.9171,805.06,59.99,1140,9,20200820,1
1281,1117012900104020000,강촌아파트,30987.6,7224.631,136080.666,0.0,339.36,23.26,1001,9, ,1
1282,1117012900104040000,한가람아파트,57016.5,13620.405,271618.555,204257.18,358.17,23.88,297,20, ,1
1303,1117013300102710002,,,,,,,,,,,0
1312,1120010200110730000,,,,,,,,,,,0
1335,1120010500108180000,청계현대아파트,32262.8,6452.98,137198.84,107953.0,334.61,20,1017,12, ,1
1342,1120010700103800000,서울숲리버뷰자이,38351,7285.89,165016.48,107743.13,280.94,19,1034,9,20180622,1
1349,1120010700103470000,행당동 대림아파트,118458.2,27101.24,405203.72,301122.99,254.2,22.87,3649,41, ,1
1351,1120010700103460000,행당 한진타운,77198.8,15388.15,322555.16,227430.35,294.6,19.93,2303,25, ,1
1353,1120010700103470000,행당동 대림아파트,118458.2,27101.24,405203.72,301122.99,254.2,22.87,3649,41, ,1
1355,1120010700103490000,서울숲 한신 더 휴,47777.2,8866.66,201282.93,141401.06,295.96,18.56,1410,21,20031223,1
1358,1120010800100150000,대림 강변 타운,37667.4,7376.956,161258.06,111118.47,295,19.58,1174,16,20011026,1
1362,1120010900118230000,이편한세상금호파크힐스,48623.9,10307.262,195524.342,123455.267,253.9,21.2,1193,18,20190509,1
1365,1120010900106320000,벽산아파트,22890,3498.71,68380.92,53184.65,232.35,15.28,1232,5,20011203,1
1366,1120010900106330000,벽산아파트,84501.7,13804.64,267104.84,185114.61,219.07,16.34,1807,22,20011203,1
1367,1120011000100010000,신금호파크자이,45156.3,8273.87,153668.68,98294.69,217.68,18.32,1156,11,20160420,1
1374,1120011100113310000,두산아파트,53434.9,11491.84,144535.75,0.0,249.19,21.65,1318,17, ,1
1379,1120011200108000000,금호동 대우 아파트,43239.8,9927.22,185967.97,125488.46,290.22,22.96,1239,16, ,1
1386,1120011300105280000,이편한세상옥수파크힐스,60032.7,12221.53,192776.91,125433.28,208.94,20.39,1218,17,20161109,1
1389,1120011300102500000,옥수삼성아파트,42539.5,7908.093,151254.306,112252.398,263.88,18.59,1117,11, ,1
1394,1120011300105610000,래미안 옥수 리버젠,65362.3,15017.1,234749.48,155706.89,238.22,22.98,1511,17,20121228,1
1455,1121510300106310001,현대프라임아파트,46623.9,10472.35,246440.0,185979.16,398.89,22.46,1592,17, ,1
1458,1121510300106110000,구의현대2단지아파트,54083.04,8917.99,213035.37,166121.35,307.15,16.49,1606,18, ,1
1472,1121510400104840000,광장현대3단지아파트,39775,6914.3,116926.49,99377.41,249.85,17.38,1056,14, ,1
1479,1121510400105770000,광장현대파크빌,34682.4,7176.34,146803.89,109094.31,314.55,20.69,1170,15, ,1
1504,1121510500102270007,더샵스타시티,60235.4,15419.671,417948.182,249916.705,414.9,25.6,1170,5,20070122,1
1538,1123010200107980000,청량리역 한양수자인 그라시엘,15988.4,9495.6,234736.0,159572.47,998.05,59.39,1152,6,20230602,1
1540,1123010200107960000,래미안 엘리니티,43057.4,10258.35,150512.02,97593.73,226.66,23.82,1048,17,20220830,1
1553,1123010300112120000,한신아파트,36050.3,7080.8,151164.61,108350.5,300.55,19.64,1070,14,20040511,1
1559,1123010400106200179,,,,,,,,,,,0
1563,1123010400106900000,래미안 크레시티,105888.2,24041.4,370092.598,252555.17,238.51,22.7,2397,34,20141023,1
1565,1123010400100060000,전농우성아파트,0,0.0,139068.22,0.0,0,0,1234,18, ,1
1566,1123010400100100000,전농 SK아파트,72738.8,14601.938,254284.496,200069.709,275.05,20.07,2007,21, ,1
1580,1123010500110130000,래미안 미드카운티,38768.9,8218.8,144294.33,97457.29,251.38,21.2,1009,12, ,1
1587,1123010500110030000,래미안위브,113219.5,25732.69,404825.48,274371.14,242.34,22.73,2652,36, ,1
1589,1123010500100800000,답십리청솔우성아파트,50959.6,10191.75,176314.41,132485.6,258.08,19.85,1599,18, ,1
1617,1123010600103290003,래미안장안2차아파트,61232.65,11885.81,255680.9,183534.13,299.73,19.41,1786,28,20070628,1
1618,1123010600103360000,장안현대홈타운,81130.5,17056.42,366425.36,249985.91,308.12,21.02,2264,25,20031028,1
1627,1123010700102350001, ,0,0.0,59179.56,0.0,0,0,423,4, ,1
1640,1123010900100570000,휘경리오포레아파트,76418.1,15549.762,293106.37,196511.97,257.15,20.35,2042,23, ,1
1652,1123011000101340040,,,,,,,,,,,0
1665,1123011000100640000,쌍용아파트,37896.7,8584.32,178002.91,130043.27,343.15,22.65,1368,17, ,1
1666,1123011000102250000,이문e편한세상아파트,57718.8,10030.006,204146.63,145194.132,251.554,17.377,1378,19,20030709,1
1676,1126010100115450000,사가정 센트럴 아이파크,55326.5,10036.874,244759.145,165566.329,299.25,18.14,1505,13,20200730,1
1686,1126010100101930001, ,0,8212.45,92635.64,91998.6,0,0,1169,15,19871230,1
1719,1126010600107850000, ,0,0.0,71664.45,0.0,0,0,397,4, ,1
1721,1126010200104810000,신내아파트,20569.2,4349.82,48793.25,0.0,0,21.147249,1000,9, ,1
1730,1126010300104500000,"한신아파트,상가동,유치원동",36645.3,7614.61,173785.36,0.0,376.21,20.77,1544,11, ,1
1747,1126010400100130000,신내아파트,35722,7688.53,81741.75,68184.32,190.87,21.52,1070,13, ,1
1748,1126010400100200000,신내두산·대림아파트,82512,20095.69,214637.11,0.0,198.63,24.35,1244,34, ,1
1760,1126010500106080000,LH서울양원1단지,30278.9,5238.62,72724.61,56979.91,188.18,17.3,1216,5,20220124,1
1784,1126010600108170000,신내 데시앙포레,108163,20204.2,267015.06,186245.48,172.19,18.68,1896,24,20131211,1
1785,1126010600108160000,신내우디안1단지,72608,14171.97,190866.39,134182.32,184.8,19.52,1402,18,20140618,1
1786,1126010600106500000,신내아파트,57572,11909.508,130433.86,107808.64,187.26,20.69,1609,16, ,1
1788,1126010600103170000,데시앙,73810.1,12386.637,170686.849,131774.917,178.53,16.78,1326,16,20100108,1
1793,1126010600200670013,,,,,,,,,,,0
1801,1126010600106570000,신내아파트,49639.3,9474.59,105706.48,93511.37,188.38,19.086872,1650,15, ,1
1802,1126010600106600000,신내아파트,32908.2,5817.78,69173.52,61797.225,187.79,17.68,1430,9, ,1
1811,1129010300106090001,"한신,한진아파트",183281,36779.86,579313.272,506303.17,0,20.06747,4515,41, ,1
1817,1129010300100150002, ,0,2404.07,40865.5,33351.48,0,0,736,4, ,1
1818,1129010300106360000,브라운스톤 돈암 아파트,46819.6,8911.25,157228.89,111753.19,238.69,19.03,1074,19,20041218,1
1837,1129012800104580000,보문파크뷰자이,43084.9,9217.77,166764.73,102467.01,237.83,21.39,1186,18,20170118,1
1850,1129013300102390000,정릉풍림아이원,76954.1,17332.0,280942.28,197760.42,256.98,22.52,1971,31,20051228,1
1871,1129013400112890000,롯데캐슬 클라시아,70584.2,13250.6449,288555.0018,187356.2104,265.44,18.77,2029,21,20220127,1
1872,1129013400112880000,래미안길음센터피스,71314.3,15643.06,312313.04,213876.16,299.9,21.94,2352,27,20191129,1
1879,1129013400112810000,e편한세상 길음뉴타운4단지,69327.4,13571.63,237075.15,170878.8,246.48,19.58,1605,25,20050420,1
1880,1129013400112800000,길음뉴타운,72580,12431.59,260853.16,184656.14,254.41,17.13,1634,28,20050420,1
1881,1129013400112840000,길음뉴타운,72164,13838.82,239660.11,161132.03,223.29,19.18,1497,26,20100630,1
1884,1129013400112860000,길음뉴타운,46426.5,10472.25,173919.43,112220.16,241.72,22.56,1012,17,20100930,1
1887,1129013400112790001,,,,,,,,,,,0
1889,1129013400112780000,길음동동부센트레빌아파트,53316.5,11237.278,203198.23,143856.787,269.82,21.08,1377,20,20030331,1
1898,1129013500101040001,종암에스케이아파트,0,10879.29,143220.84,136778.43,369.24,25.78,1320,8, ,1
1907,1129013500100800000,래미안 크리시엘,47820.5,8285.83,155906.43,113931.77,238.25,17.33,1168,17,20040924,1
1920,1129013600102250000,래미안월곡아파트,59967.4,9904.453,206644.683,144748.723,241.38,16.52,1372,26,20060719,1
1921,1129013600102220000,월곡두산위브아파트,89062,17914.598,368906.384,248928.182,279.5,20.11,2197,32,20030430,1
1928,1129013700101010000,동아 에코빌 아파트,50135,10347.19,183790.69,141034.12,281.31,20.64,1531,18,20030627,1
1933,1129013800103230000,꿈의숲 아이파크,62989.2,13174.35,258102.65,166885.87,264.94,20.92,1711,26,20220713,1
1935,1129013800103200000,래미안 장위 퍼스트하이,57028,11349.44,234586.33,155604.85,272.86,19.9,1562,19,20201103,1
1943,1129013900104100000,래미안 아트리치,42032.1,9213.19,167606.11,102773.68,244.51,21.92,1091,15,20190228,1
1945,1129013900100100000,두산아파트,72210.8,12798.23,212273.17,200407.7,277.53,17.72,1998,28,19980418,1
1958,1130510100113690000,꿈의숲 해링턴 플레이스,46655.7,12847.87,163778.6,101576.65,217.71,27.53,1028,19,20190930,1
1961,1130510100113570000,삼각산아이원아파트,57531.4,9652.3,199187.119,147447.168,256.29,16.78,1344,20,20031230,1
1963,1130510100113530000,에스케이북한산시티아파트,144296.6,25581.94,535994.1,391378.87,271.23,17.73,3830,49,20040507,1
1964,1130510100113540002,,,,,,,,,,,0
1967,1130510100108120000,삼성래미안트리베라아파트,54047.7,9533.16,193459.23,129246.96,239.13,17.64,1330,26, ,1
1968,1130510100108130001,,,,,,,,,,,0
1970,1130510100113530000,에스케이북한산시티아파트,144296.6,25581.94,535994.1,391378.87,271.23,17.73,3830,49,20040507,1
1972,1130510100108110000,두산위브트레지움아파트,61406,11712.35,205840.32,136763.05,223.09,19.11,1370,26,20111031,1
1979,1130510200102420000,번동주공아파트1단지,0,9102.24,107680.92,100422.74,0,0,1430,14, ,1
1989,1130510200102410000,번동주공영구임대아파트2단지,0,0.0,0.0,0.0,0,0,1778,11, ,1
1991,1130510200102370000,번동주공아파트(3단지),37954,7474.34,82111.87,60893.84,197.17,19.69,1560,9, ,1
1994,1130510200102290000,번동주공아파트5단지,46649.3,4662.14,59489.29,0.0,127.52,9.994,1129,9, ,1
2002,1130510300102050000,수유벽산아파트,67045.8,14480.9,172542.97,157369.9,234.72,21.6,1454,15, ,1
2029,1132010500100590000,한양아파트,0,0.0,115245.903,0.0,0,0,1635,10, ,1
2031,1132010500100560000,삼익세라믹아파트,0,0.0,123655.35,0.0,0,0,1541,16, ,1
2044,1132010600107200001,대상타운현대아파트,50678,10022.51,231893.63,152692.49,301.3,19.78,1278,18,20011029,1
2051,1132010600102710004, ,0,0.0,43483.02,0.0,0,0,344,5, ,2
2074,1132010700100450000,삼성아파트,66419.3,10553.44,190454.805,0.0,249.74,15.94,1668,20, ,1
2075,1132010700103730000,창동4단지주공아파트,0,0.0,50250.34,0.0,0,0,870,5, ,1
2076,1132010700103470000,창동주공아파트,0,0.0,236098.36,0.0,0,0,2626,24, ,1
2085,1132010700108070000,쌍용아파트,48216.1,9543.86,179506.08,0.0,292.27,20.06,1352,17, ,1
2086,1132010700100380000,주공아파트,0,0.0,109973.6,0.0,0,0,1980,13, ,1
2087,1132010700108080000,동아청솔아파트,80509.9,13536.38,249804.22,0.0,0,16.81,1981,20, ,1
2095,1132010700108250000,북한산아이파크,85445.5,17038.009,395670.6179,286429.9064,335.22,19.94,2061,25,20040730,1
2100,1132010700100270000,주공아파트,0,0.0,83119.37,0.0,0,0,780,8, ,1
2117,1132010800106410000,서원아파트,56619.48,11496.69,155488.34,0.0,246.82,20.3,2450,17, ,1
2118,1132010800100300001,도봉한신아파트,94880.4,19710.94,356618.55,269096.96,283.62,20.77,2678,28, ,1
2137,1135010200109290000,현대아파트,41297.3,8612.72,174649.34,132490.56,320.82,20.85,1376,11,20001125,1
2144,1135010200100180000,그랑빌아파트,91736.57,19031.85,489825.87,329148.27,358.8,20.746197,3003,29,20021018,1
2145,1135010200100130000, ,0,50215.48,288122.92,526941.54,0,0,3930,36, ,2
2150,1135010200105560000,"월계1,2단지주공아파트",0,17084.88,235752.01,218066.48,0,0,4300,26, ,1
2151,1135010200105560000,"월계1,2단지주공아파트",0,17084.88,235752.01,218066.48,0,0,4300,26, ,1
2154,1135010200107740000,청백아파트,28928.4,5513.68,70925.08,59012.16,203.99,19.06,1147,10,19980714,1
2164,1135010200103210000,사슴아파트1단지,28889.14,5130.74,59050.63,51310.27,177.61,17.76,1372,9,19950612,1
2171,1135010300107580000,태릉해링턴플레이스,58702.9,10483.64,191972.77,125491.882,213.77,17.86,1308,16,20220118,1
2186,1135010300100810000,태강아파트,52158.4,11988.857,126562.99,118005.925,226.25,22.99,1676,24,19990723,1
2201,1135010300107080000,공릉아파트,39883.1,0.0,87483.83,0.0,0,0,1785,12,19941207,1
2202,1135010300107250000,풍림아파트,55531.1,9861.53,193102.22,139983.29,252.08,17.76,1426,13,20010917,1
2214,1135010400102740000,청솔아파트,37239.8,6343.9,82883.41,76798.81,206.23,17.04,1192,8,19891030,1
2215,1135010400102560000,중계9단지주공영구임대아파트,67233.7,10721.3,124059.0,107917.05,160.51,15.95,2694,15,19920928,1
2219,1135010400102700000,현대.우성아파트,0,10168.64,147781.069,136618.23,0,0,1320,14, ,1
2220,1135010400102730000,장미아파트,0,11933.2,137014.9,125293.3,0,0,1880,17,19891030,1
2221,1135010400103540000,학여울청구아파트,72187.8,13283.78,182217.99,155121.71,214.89,18.4,1476,21, ,1
2222,1135010400102710003,극동.건영.벽산아파트,0,11514.91,169241.42,156458.92,0,0,1980,13, ,1
2225,1135010400102840000,한신아파트/청구아파트,0,0.0,117357.67,0.0,0,0,1860,10, ,1
2235,1135010500106800000,포레나노원,36132.5,8475.8779,153921.4829,102886.4555,284.75,23.46,1062,14,20201125,1
2251,1135010500101730001,벽산아파트,0,0.0,144569.915,0.0,0,0,1654,9,19890513,1
2253,1135010500107490005,상계주공아파트,0,1842.14,9904.51,7356.18,0,0,98,3,19880513,1
2254,1135010500107200000,상계주공아파트,0,13006.76,190875.17,176896.94,0,0,2548,26,19880513,1
2255,1135010500106240000,상계주공아파트,170507.8,24351.7,340035.24,314074.97,184.2,14.28,4492,32, ,1
2256,1135010500106240000,상계주공아파트,170507.8,24351.7,340035.24,314074.97,184.2,14.28,4492,32, ,1
2257,1135010500106660000,상계주공아파트,0,16200.29,199152.17,186360.56,0,0,2654,27,19880907,1
2258,1135010500106700000,상계주공아파트,0,14823.67,219923.234,204382.694,0,0,2830,23,19881122,1
2260,1135010500107300002,상계주공아파트,0,1859.18,9987.17,7390.27,0,0,98,3,19880513,1
2279,1135010500106260000,상계주공아파트,0,11079.96,125274.94,115554.61,0,0,1635,19, ,1
2285,1135010500106480000,,,,,,,,,,,0
2286,1135010500106520000,상계주공아파트,0,7005.2,98917.526,91049.456,0,0,1248,11,19880907,1
2287,1135010500106390000,보람아파트,0,19233.77,294982.66,275956.39,0,0,3315,21,19880629,1
2290,1135010500106910000,상계주공아파트,0,2344.04,36641.38,34321.48,0,0,476,4,19880727,1
2291,1135010500107400000,상계주공아파트,0,11756.534,142043.44,133721.01,0,0,1931,21,19871121,1
2293,1135010500107650000,상계주공아파트,0,5192.88,54272.34,51152.82,0,0,816,10,19880513,1
2303,1135010500112560000,은빛아파트,34367.7,7859.9,108366.03,89473.58,260.34,22.87,1313,10,19981026,1
2304,1135010500112550000,은빛아파트,39257.5,8662.94,118054.07,97512.76,248.39,22.07,1391,12,19981116,1
2319,1135010600103590001,중계5단지주공아파트,0,11666.76,176522.1,164394.92,0,0,2328,18,19920429,1
2331,1135010600105110002, ,0,0.0,134588.12,0.0,0,0,1979,17, ,1
2337,1135010600103580000,중계3단지주공영구임대아파트,30169.9,5450.6,64137.2,56244.56,186.43,18.07,1455,7,19910914,1
2338,1135010600103690000,중계주공2단지아파트,0,7281.11,108213.12,100279.1,0,0,1800,10,19920626,1
2346,1135010600105050000,"경남,롯데,상아아파트",0,13166.17,184059.96,170096.96,0,0,1890,17,19890629,1
2347,1135010600105020001,중계그린아파트,0,4555.17,57220.54,51936.58,0,0,878,5,19900903,1
2348,1135010600105120000,중계무지개아파트,0,9757.51,113575.35,102701.63,0,0,1563,10,19911115,1
2349,1135010600105140003,목련아파트,0,0.0,125594.32,0.0,0,0,2669,12,19911130,1
2358,1138010100104190000,DMC SK VIEW IPARK Foret,54763.1,13164.41,237911.62,133550.67,243.87,24.04,1486,23,20250822,1
2359,1138010100104310011,,,,,,,,,,,0
2362,1138010100104170000,DMC 롯데캐슬 더 퍼스트,45390.8,10925.91,178408.54,116602.97,256.89,24.07,1192,17,20211209,1
2371,1138010200102810000,북한산 푸르지오,58517.9,13899.27,193700.39,130164.2,222.43,23.75,1230,23, ,1
2388,1138010300106410000,북한산현대힐스테이트3차아파트,54905.5,13095.97,189737.55,118887.69,216.53,23.76,1185,20,20100825,1
2395,1138010300102480000,미성아파트,0,10924.68,165344.93,137889.66,0,0,1342,11, ,1
2423,1138010700107690000,녹번역e편한세상캐슬,98439.1,21886.25,362565.31,237044.49,240.8,22.23,2569,35,20210527,1
2425,1138010700107670000,백련산에스케이뷰아이파크,46680.5,7252.0548,173574.6973,120851.8636,258.89,15.54,1305,12,20200521,1
2432,1138010700107590000,백련산 힐스테이트1차,58717.4,11696.94,169997.48,112592.18,191.75,19.92,1106,17, ,1
2467,1138011000102600000,,,,,,,,,,,0
2507,1138011400100220000,은평뉴타운 구파발,56863.1,13235.5,135179.59,100694.11,177.08,23.28,1057,17,20100709,1
2527,1141010600101450000,천연뜨란채,34115,7340.042,80191.558,78145.95,229.07,21.52,1008,17,20060323,1
2531,1141010900102000000,독립문극동아파트,42769.1,9568.596,170725.215,135319.526,316.4,22.37,1300,13, ,1
2534,1141011000110170000,힐스테이트 신촌,49743.5,12392.8157,184229.0431,118382.9063,237.99,24.91,1226,16,20230607,1
2535,1141011000110140000,,,,,,,,,,,0
2542,1141011100104740000,홍제역 해링턴플레이스,46200.4,10125.27,189877.66,109920.93,237.92,21.92,1116,19,20240327,1
2582,1141011800104550000,홍은동벽산아파트,64081,14062.57,203357.145,0.0,253.44,21.94,1431,40, ,2
2594,1141011900104810000,DMC 래미안 e편한세상,159088,31708.53,575494.03,365256.08,229.59,19.93,3293,58,20121005,1
2604,1141012000103890000,DMC에코자이,38405.7,8320.798,166558.986,96212.926,250.52,21.67,1047,14, ,1
2605,1141012000103880000,DMC센트럴아이파크,49481.5,8879.43,182139.52,111933.59,226.21,17.94,1061,14,20181231,1
2607,1141012000103850000,DMC파크뷰자이,201017.4,39613.003,712874.653,469076.108,233.35,19.71,4300,75,20151026,1
2611,1141012000103770000,DMC래미안클라시스,39397.6,8806.03,119430.73,114097.06,289.63,22.35,1114,16, ,1
2612,1141012000103760000,남가좌동현대아파트,35669.2,9178.77,123194.08,117300.17,328.86,25.73,1155,13, ,1
2617,1144010100108040000,마포더클래시,49402.1,9291.59,209770.23,123263.17,249.51,18.81,1419,20,20221129,1
2623,1144010100107770000,마포래미안푸르지오,146498.5,30656.4366,588070.0381,380606.0073,259.8,20.93,3885,54, ,1
2652,1144010400100820000,도화3지구우성아파트,0,12544.47,168646.765,144801.31,0,0,1222,16, ,1
2657,1144010400103570000,도화동현대아파트,48411.4,11243.24,140147.7,129162.52,266.8,21.76,1021,14, ,1
2667,1144010800108060000,마포그랑자이,48233,12669.08,182086.53,123511.71,256.07,26.27,1248,22, ,1
2672,1144010800106600000,대흥동태영아파트,50247.6,11756.09,252661.19,172898.6,344.09,22.12,1992,21,19991120,1
2674,1144010900105320000,마포프레스티지자이,63183.6,12588.8224,265936.921,159048.0615,251.72,19.92,1694,23,20210326,1
2684,1144011100104620000,마포 아이파크 포레,37941.8,6708.012,172446.226,110076.188,290.12,17.68,1015,9, ,1
2734,1144012500105950000,성산임대아파트,39883.2,8142.996,89133.835,84565.66,212.03,20.42,1807,10, ,1
2735,1144012500104460000,성산시영아파트,0,0.0,280687.501,0.0,0,0,0,37, ,2
2754,1144012700117520000,상암월드컵파크9단지,49885,10072.2,144316.1,98728.53,197.91,20.19,1036,17,20101014,1
2761,1147010100113260000,래미안 목동아델리체,60663.8,13572.54,244199.05,156239.08,257.55,22.37,1497,25,20210128,1
2764,1147010100113230000,목동힐스테이트,44011.6,10119.15,170225.73,111071.06,252.37,22.99,1081,17,20160519,1
2771,1147010100103130000,,,,,,,,,,,0
2785,1147010100103140000, ,0,8163.93,128398.85,116499.48,0,0,1352,14, ,1
2786,1147010100103270000, ,0,24432.16,280749.73,258844.11,0,0,2280,36, ,1
2787,1147010100103310000,,,,,,,,,,,0
2790,1147010100103370001,,,,,,,,,,,0
2791,1147010100103370002,목동2차우성아파트,17358.2,4392.05,63001.79,51370.92,295.95,25.3,1140,5, ,1
2792,1147010100103250000,목동신시가지아파트,0,11480.45,140912.14,128687.33,0,0,1595,21, ,1
2793,1147010100103260000, ,0,15789.1,161791.73,149828.62,0,0,1860,29, ,1
2794,1147010100102760000,양천아파트,212891.6,15131.636,261115.09,153156.37,82.84,7.11,2998,32, ,2
2797,1147010100103110000,목동신시가지아파트,0,20595.26,241842.4,222005.99,0,0,2160,36, ,1
2802,1147010100113160000,신정 이펜하우스 3단지,63100,15406.42,181742.84,119353.55,189.15,24.42,1339,23,20110629,1
2831,1147010200109290000,"목동청구아파트,목동한신아파트",64759.8,13645.57,186225.75,151506.1,233.95,21.07,1512,17, ,1
2832,1147010200109030000,목동신시가지아파트,0,24014.77,193732.32,178877.01,0,0,1588,32, ,1
2839,1147010200109250000,목동신시가지아파트,0,21750.75,241844.22,228964.05,0,0,2550,37, ,1
2844,1147010200109560000,목동 롯데캐슬 위너,43007.4,8417.01,173805.72,125015.71,290.68,19.57,1067,14,20050623,1
2849,1147010200109040000,목동신시가지아파트,0,13589.98,137771.25,126616.32,0,0,1382,19, ,1
2850,1147010200109120000,목동신시가지아파트,0,26043.89,229059.97,209298.37,0,0,1848,41, ,1
2853,1147010200109010000,목동신시가지아파트,0,27010.33,219757.75,201619.59,0,0,1882,38, ,1
2854,1147010200109020000,목동신시가지아파트,0,25931.68,208958.02,192809.51,0,0,1640,40, ,1
2855,1147010200109110000,목동신시가지아파트,0,10938.3,142543.9,131615.62,0,0,1368,18, ,1
2882,1147010300110760000,목동 센트럴 아이파크위브 2단지,33610.8,8933.32,134037.36,94481.22,281.1,26.58,962,12,20200528,1
2908,1147010300109870001,신월시영아파트,0,14763.79,161713.97,150928.85,0,0,2256,24, ,1
2963,1150010200107150000,등촌동아이파크,86045.8,16026.1956,313763.2287,230861.5559,268.3,18.63,1653,31,20031223,1
2970,1150010200106880000,등촌3단지주공아파트,31435.5,5065.38,82527.8,72402.32,0,0,1016,9,19951010,1
2971,1150010200106950000,등촌5단지주공아파트,32644.6,5140.44,76407.53,71589.32,219.3,15.75,1045,9,19951010,1
2972,1150010200106870000,"등촌1,2단지주공아파트",0,8425.44,104719.43000000001,96484.63,0,0,2174,20,19941104,2
2976,1150010200106900000,등촌4단지주공영구임대아파트,0,4936.22,65235.962,60528.02,192.69,0,1575,10, ,1
2978,1150010200107070000, ,0,5957.79,73986.49,67960.12,0,0,1590,14, ,2
2979,1150010200107040000, ,0,4431.2,63455.12,58820.92,0,0,1445,8, ,1
3002,1150010300111590000,우장산 아이파크 이편한세상,106164.2,19726.19,394027.24,280741.65,264.44,18.58,2517,44,20080108,1
3006,1150010300111650000,강서힐스테이트,131939.1,29580.73,539090.47,341726.09,259,22.42,2603,37,20150819,1
3008,1150010300111450000,우장산롯데캐슬,66508.5,11994.07,235741.47,170831.07,256.86,18.03,1164,22,20030909,1
3016,1150010300110910000,화곡푸르지오,150567,30653.8396,478162.8784,319858.4564,212.4359,21.46,2176,50,20021216,1
3023,1150010400114860000, ,0,6220.94,85756.65,79737.19,0,0,1998,12, ,1
3029,1150010400114610000,가양2단지성지아파트,0,15564.21,137534.89,102640.45,0,0,1624,11, ,1
3032,1150010400114750000,강변아파트,0,0.0,93746.12,0.0,0,0,1556,13, ,1
3033,1150010400114780000,가양4단지,42110.4,7603.18,88224.71,79423.01,188.61,18.06,0,13, ,1
3034,1150010400114810000, ,0,9578.61,0.0,96332.6,0,0,2411,18, ,1
3035,1150010400114820000,가양8단지,30406.9,6267.88,68880.8,63113.439999999995,203.72,18.67,0,12, ,2
3036,1150010400114850000, ,0,31865.92,217505.69,122491.67,0,0,1476,16, ,1
3038,1150010400114900000, ,0,4753.69,57699.86,74136.93,0,0,1005,8, ,1
3041,1150010500107300715,,,,,,,,,,,0
3042,1150010500107480000,마곡 13단지 힐스테이트 마스터,58829.3,14587.9861,191644.153,129230.3551,219.67,24.8,1194,24,20170410,1
3052,1150010500107430000,마곡엠밸리6단지,75036.4,19086.42,226637.65,151051.46,201.3,25.44,1466,20,20140612,1
3053,1150010500107430004,마곡엠밸리7단지,56329.7,16279.59,207921.77,134350.45,238.51,28.9,1004,14,20140612,1
3056,1150010500107500000,마곡엠밸리14단지,62516.5,16977.83,196539.25,128827.06,206.07,27.16,1270,14,20140529,1
3060,1150010500107510000,마곡엠밸리15단지,54721,14727.44,174422.02,112685.08,205.93,26.91,1171,14,20140529,1
3071,1150010600107420000,마곡수명산파크1단지,49086.9,9968.79,145070.164,109769.262,223.62,20.31,1421,18,20071101,1
3072,1150010600106570000,우장산힐스테이트,95662.2,19779.08,351625.82,255882.53,267.49,20.68,2198,42,20050504,1
3104,1150010900108390000,도시개발공사아파트,56485.9,10245.98,126891.485,115549.04,204.56262,18.139004,0,20, ,1
3110,1150010900108510000,도시개발아파트,22991.5,4046.261,47417.412,42949.408,186.81,17.6,1065,6,19940521,1
3115,1150010900108160000,도시개발공사아파트,25115.3,5070.36,46936.99,42586.21,169.56,20.19,0,6,19940817,1
3116,1150010900108140000,방화5단지아파트,44527.42,8410.51,83483.676,77256.76,173.5,18.89,1372,7,19940817,1
3140,1153010100106430000,신도림1차 동아아파트,31324.8,20656.352,177869.672,124202.01,395.69,65.94,1095,12, ,1
3141,1153010100106420000,신도림 대림아파트,74075.1,14274.01,325741.15,234395.67,316.43,19.27,2304,29, ,1
3166,1153010200112650000,구로두산아파트,25167.7,6176.39,92922.07,89105.66,354.05,24.54,1285,13, ,1
3169,1153010200112670000,신도림태영타운,43788.1,8958.45,140674.68,138647.32,316.63,20.46,1252,16, ,1
3182,1153010200102560001,삼성래미안아파트,40863.7,9049.259,190134.243,129976.866,318.07,22.14,1244,17,20040529,1
3193,1153010200106850222,구로주공아파트,0,9978.78,142969.56,133733.47,0,0,1400,13, ,1
3231,1153010700104970000,센트레빌 레우스 1단지,31988.8,6875.9832,156965.3528,116048.8987,362.78,21.49,1042,9,20200720,1
3232,1153010700104760000,한마을아파트,60424.8,12416.93,284455.16,202651.62,335.38,20.55,1983,29, ,1
3243,1153010700104810000,현대아파트,80922.7,14904.885,260139.283,259160.144,320.26,18.41,2414,35, ,1
3246,1153010700104780000,개봉동한진아파트,38824.3,10039.12,136485.58,134043.47,345.26,25.85,1371,16, ,1
3285,1153011100102780000,천왕 이펜하우스 3단지,49699.6,9633.09,148135.41,98168.73,197.52,19.38,1044,14,20111012,1
3287,1153011100102810000,천왕연지타운2단지,51172.2,10039.9,148465.43,98533.45,192.59,19.62,1018,17,20140128,1
3297,1153011200102420000,하버라인3단지,50056.4,10553.61,158323.3,106002.36,211.67,21.07,1170,12,20190225,1
3305,1154510100107700000,,,,,,,,,,,0
3313,1154510200111550000,금천 롯데캐슬 골드파크 3차,29932.1,17676.9745,246607.5249,149653.0082,499.97,59.06,1236,8,20181030,1
3316,1154510200111470000,금천 롯데캐슬 골드파크 1차,64312,11759.8243,270973.945,191299.4764,297.46,18.29,1743,14,20161209,1
3326,1154510200110950000,,,,,,,,,,,0
3327,1154510200110880001,주공아파트,35358,5291.3,64008.34,58887.17,166.54,14.96,1297,9, ,1
3336,1154510300110100000,벽산아파트,91574,16339.62,266394.41,226108.49,249.47,17.84,2336,22, ,1
3342,1154510300110130004,벽산아파트,22047.6,3815.12,79449.24,58632.63,265.94,17.3,1288,4,20040806,1
3343,1154510300110130000,벽산아파트,107560.8,20363.91,363995.29,290815.36,270.37,18.93,2810,28,20040806,1
3346,1154510300110270000,,,,,,,,,,,0
3358,1156010100106470001,,,,,,,,,,,0
3364,1156010800102050000,,,,,,,,,,,0
3389,1156011000100500000, ,0,59370.89,170198.64,175275.66,0,0,1812,25, ,1
3422,1156011500100420000,당산 삼성 래미안,68115.4,12336.32,291405.3,204150.27,299.71,18.11,1391,27,20031230,1
3434,1156012100100540000,문래자이,68661.3,10417.71,227868.73,171512.34,249.79,15.17,1302,19, ,1
3477,1156012900100760000,양평동한신아파트,40564.5,11879.11,145223.18,114667.73,282.68,29.28,1218,11, ,1
3486,1156013200149690000,힐스테이트 클래시안,51714.6,9004.63,209892.65,132053.24,255.35,17.41,1476,15,20201228,1
3487,1156013200149640000,신길센트럴자이아파트,35435.5,7898.79,144871.22,94603.06,266.97,22.29,1008,14,20210413,1
3488,1156013200149580000,보라매 SK VIEW,59073.6,11581.882,233798.957,156236.227,264.48,19.61,1546,20,20200129,1
3491,1156013200149500000,래미안 에스티움,70569.1,13438.18,278511.63,178419.45,252.83,19.04,1722,20,20170412,1
3504,1156013200108970001,삼환아파트,43278.9,6977.81,131665.89,106033.81,246.84,16.12,1174,12, ,1
3526,1156013300106080001,현대3차아파트,38598.4,10228.25,157864.43,125760.15,325.82,26.5,1187,9, ,1
3543,1159010100103260000,신동아리버파크아파트,15687.9,4446.12,54385.78,45380.88,289.27,28.34,925,3, ,1
3561,1159010200104310000,래미안상도3차아파트,84419.1,17299.92,278616.04,193533.35,229.25,20.49,1656,28,20051224,1
3567,1159010200105210000,상도 더샾아파트,61043.877,13020.939,197874.171,139848.736,229.1,21.33,1122,24,20070928,1
3573,1159010200105310000,힐스테이트 상도 센트럴파크,78478,16822.5409,251674.7099,174817.0458,222.75,21.43,1559,25,20120925,1
3588,1159010500103420000,,,,,,,,,,,0
3618,1159010700101690008,대림아파트,0,12237.26,141374.15,133064.61,0,0,1152,14, ,1
3632,1159010700101050000,"극동,사당우성,신동아 아파트",178093.1,33658.34,467098.95,443275.5,248.9,18.9,4397,44, ,1
3633,1159010700101050000,"극동,사당우성,신동아 아파트",178093.1,33658.34,467098.95,443275.5,248.9,18.9,4397,44, ,1
3648,1159010800105010000,대방동 대림아파트 아파트동,70957.4,14246.3,240444.76,193694.57,272.97,20.08,1628,16, ,1
3671,1159010900105650000,우성아파트,0,11165.08,174693.6,166384.799,0,0,1335,17, ,1
3688,1162010100117300001,e편한세상 서울대입구 2단지,24133.2,6291.66,89186.81,60017.18,248.69,26.07,565,10,20190625,1
3698,1162010100117170000,관악푸르지오,64321.1,11358.35,272722.89,189431.41,294.51,17.66,2104,23,20040826,1
3699,1162010100110000000, ,0,0.0,192591.79,0.0,0,0,1729,26, ,2
3700,1162010100117120001,관악드림타운,29889.4,6217.04,117994.92,87602.86,293.09,20.8,1843,7,20030906,1
3702,1162010100117060000, ,50661.5,10351.59,237079.205,174744.63499999998,340.49,18.9,1597,13, ,2
3706,1162010100117080000,두산아파트,75505.9,0.0,283621.2,0.0,324.4,22.01,2001,28,20001228,1
3707,1162010100117030000,성현동아아파트,44725,8564.32,185363.07,135261.03,302.43,19.15,1261,11, ,1
3710,1162010100117180000,벽산블루밍,65046.9,16358.23,274638.49,216682.94,333.12,25.15,2105,22,20050705,1
3715,1162010100117120000,관악드림타운,138186.8,23373.74,531139.83,369777.96,267.59,16.91,3544,46,20030906,1
3727,1162010200117460000,힐스테이트 뉴포레,24035.7,6075.8541,146677.998,97458.3387,405.47,25.28,1143,10,20220829,1
3735,1162010200117350000,관악산 휴먼시아,105721.5,16099.081,337509.458,253943.566,240.2,15.23,2265,32,20080313,1
3737,1162010200117140000,삼성산주공아파트,50978.2,9203.56,219708.81,152889.19,299.91,18.05,1482,10, ,1
3739,1162010200116940000,신림동현대아파트,65800,13758.99,172157.61,153795.85,233.73,20.91,1634,14, ,1
3760,1162010200117300000,신림푸르지오,59937.3,11183.34,254293.23,178596.61,297.97,18.65,1456,24,20050622,1
3814,1165010300107730000,서초힐스,53430,9109.61,148779.26,111628.65,208.93,17.05,1082,14,20121203,1
3815,1165010300107170000,서초네이처힐3단지,61684,13568.68,177072.25,121872.46,197.58,22,1251,18,20130118,1
3866,1165010600100700000,신반포아파트,0,14296.48,166886.99,150677.36,0,0,1212,13, ,1
3869,1165010600100730000,신반포아파트,0,27376.35,170480.03,311422.82,0,0,1572,18, ,1
3870,1165010700110660000,,,,,,,,,,,0
3873,1165010700100010000,래미안 원베일리,119799.8,23833.35,673552.93,359202.92,299.84,19.89,2990,23,20230830,1
3880,1165010700100020012,아크로리버파크,68841.5,13581.39,346883.14,206338.25,299.73,19.73,1612,15,20160830,1
3883,1165010700100200043,반포자이,194458.5,27076.668,813150.722,525079.107,270.02,13.92,3410,45,20090313,1
3884,1165010700100600004,반포미도아파트,0,10214.26,143230.74,134497.08,0,0,1260,10, ,1
3886,1165010700100300026,반포리체,47661.2,5650.979,180700.164,116148.512,243.7,11.86,1119,9,20101029,1
3888,1165010700100180001,래미안 퍼스티지,133060,16981.06,540103.11,359252.52,269.99,12.76,2444,28,20090714,1
3911,1165010800117570000,서초그랑자이,53923.1,8422.059,286427.324,161614.314,299.71,15.62,1446,9,20210629,1
3912,1165010800117550000,래미안 리더스원,51252.5,9439.63,267015.92,153383.71,299.27,18.42,1317,13,20200925,1
3958,1165010800116830002,,,,,,,,,,,0
3959,1165010800116850000,삼풍아파트,0,22013.16,336927.72,316876.2,0,0,2390,25, ,1
3961,1165010900103840000,서초포레스타2단지,39025,8617.02,135050.16,88127.17,225.82,22.08,1077,14,20150618,1
3962,1165010900104110000,서초더샵포레,81190,19784.09,232130.27,153243.74,188.75,24.37,1264,27,20140811,1
3996,1168010100107570000,역삼래미안,34111.4,6229.506,132463.769,94203.519,276.16,18.26,1050,13,20051026,1
3998,1168010300112840000,개포자이 프레지던스,142628.4,28942.2026,641451.945,356356.7545,249.8498,20.29,3375,38,20230228,1
4001,1168010300112820000,개포 래미안 포레스트,98561.6,20774.78,422380.59,246401.68,249.99,21.08,2296,36,20200928,1
4002,1168010300112810000,디에이치아너힐즈,57329.7,11130.7411,233596.9813,143307.0498,249.97,19.42,1320,24,20190829,1
4003,1168010300112800000,래미안블레스티지,86461.8,16155.045,362894.618,216147.117,249.99,18.68,1957,24, ,1
4007,1168010300100120000,"대치,대청 아파트",0,15403.97,224217.01,21833.55,0,0,4199,27, ,1
4012,1168010300100120000,"대치,대청 아파트",0,15403.97,224217.01,21833.55,0,0,4199,27, ,1
4015,1168010300101850000,개포주공아파트,0,12975.06,184280.09,166471.99,0,0,1960,20, ,1
4056,1168010500100160002,,,,,,,,,,,0
4075,1168010600110270000,래미안 대치 팰리스,78777.7,12158.28,349568.37,203759.12,258.65,15.43,1608,17,20150922,1
4078,1168010600105110000,미도맨션아파트,0,28511.75,372573.64,346355.29,0,0,2435,22, ,1
4088,1168010600103160000,은마아파트,0,48104.55,528772.0,488472.85,0,0,4424,31, ,1
4089,1168010600105060000,선경아파트,0,10877.08,152146.6,141025.0,0,0,1033,13, ,1
4118,1168011000104260000,현대아파트,0,7354.48,81881.62,75221.31,0,0,600,11, ,1
4121,1168011000104930000,영동한양아파트,0,3879.87,52388.79,38501.57,0,0,296,5, ,1
4122,1168011000103690001,현대아파트,0,14227.78,177290.37,163345.72,0,0,960,18, ,1
4133,1168011200103270001,,,,,,,,,,,0
4136,1168011200106190000,강남자곡 힐스테이트,70095.4,20386.13,179903.97,124103.98,177.05,29.08,1339,8,20150602,1
4138,1168011200106210000,강남 에버시움,34396.9,11097.438,85878.184,62402.742,181.42,32.26,1065,16,20131113,1
4139,1168011200106870000,래미안포레,63968.6,16844.86,145322.63,101875.74,159.26,26.33,1070,16,20140313,1
4140,1168011200106860000,강남한양수자인,91359.3,22236.2,201793.05,137363.51,150.36,24.34,1304,27,20140314,1
4141,1168011200106110000,래미안 강남힐즈,80305.2,14050.14,192070.36,128450.25,159.95,17.5,1020,21,20140630,1
4145,1168011400106880000,상록 스타힐스,51020.2,11925.088,184881.291,132613.461,259.92,23.37,1703,13, ,1
4146,1168011400107430000,디에이치 자이 개포,64598.4,18610.13,364700.14,219131.79,336.99,28.81,1996,21,20210730,1
4155,1168011400107110000,수서1단지아파트,79603,10969.04,157121.09,150889.89,189.55,13.78,2934,22, ,1
4164,1168011500107360000,신동아아파트,31862.7,5111.57,65535.25,64453.92,202.29,16.04,1163,9, ,1
4165,1168011500107460000,까치마을아파트,36700,7945.02,83490.86,76481.99,208.4,21.65,1403,8, ,1
4166,1168011500107070000,수서주공영구임대아파트,0,8886.19,114619.57,104597.1,0,0,2560,16, ,1
4167,1168011500107230000,수서6단지아파트,0,4958.82,6005.481,57880.05,197.6,18.42,1512,8, ,1
4190,1168011800105270000,도곡렉슬아파트,138750.3,20980.5366,557235.8697,380720.9448,274.39,15.12,3002,35,20060127,1
4198,1168011800109630000,역삼럭키아파트,0,9905.52,142131.12,131409.44,0,0,1094,11, ,1
4204,1171010100100440000,레이크팰리스,126628.8,17841.76,506900.68,346045.78,273.27,14.09,2678,35,20061228,1
4205,1171010100100350000,트리지움,157005.7,22624.79,624434.11,431370.19,274.75,14.41,3696,46,20070824,1
4206,1171010100100220000,리센츠,219217.9,33257.95,936257.86,603406.17,275.25,15.17,5562,65,20080731,1
4207,1171010100100190000,잠실엘스,231604.7,38028.15,969380.41,639213.43,275.99,16.41,5678,72,20080930,1
4209,1171010100100860000, ,0,0.0,227115.961,0.0,0,0,1356,18, ,1
4210,1171010100101010002, ,0,0.0,39043.42,0.0,0,0,330,7, ,2
4212,1171010100100270001,,,,,,,,,,,0
4214,1171010200100170006,,,,,,,,,,,0
4215,1171010200100200004,,,,,,,,,,,0
4220,1171010200100070000, ,0,0.0,350289.35,0.0,0,0,0,25, ,1
4221,1171010200100170000,파크리오,279928.3,39910.83,1179837.66,793974.21,283.63,14.26,6864,66,20080829,1
4263,1171010700109130000,헬리오시티,346570.4,67270.07,1563379.68,991121.07,285.98,19.41,9510,93,20181228,1
4277,1171010700101400000,가락쌍용아파트,55641.4,13093.1,248143.69,0.0,343,23.53,2065,18,19970320,1
4293,1171010800100010000,문정래미안아파트,89496.7,19107.51,381065.09,262142.72,292.91,21.35,1696,33,20040930,1
4294,1171010800101450000, ,0,0.0,93833.393,0.0,0,0,1316,11, ,1
4295,1171010800101500020,,,,,,,,,,,0
4300,1171010900109050000,위례포레샤인23단지,105589,17996.11,261708.32,177881.2,168.47,17.04,2200,27,20170928,1
4318,1171010900108790000,송파더센트레,44191,7647.16,130136.74,89949.68,203.55,17.3,1139,13,20131101,1
4319,1171010900109010000,위례24단지,82398,14518.13,229723.73,159892.28,194.05,17.62,1810,23,20131108,1
4325,1171011100100890014,,,,,,,,,,,0
4341,1171011200100440000,,,,,,,,,,,0
4350,1171011300106510000,포레나송파,61476.1,12183.77,195996.32,130871.46,212.88,19.82,1282,20,20210806,1
4355,1171011300106960000,e편한세상 송파 파크센트럴,43504.4,8963.44,180054.32,120147.33,276.17,20.6,1199,15,20210517,1
4362,1171011300102900000, ,23445.8,7271.75,79417.5,6465.2,275.57,30,1004,10, ,1
4379,1174010100103590000,래미안 솔베뉴,55763.4,10901.44,256091.95,167281.63,299.98,19.55,1900,13,20190624,1
4382,1174010100100150000,삼익그린맨션,78102,0.0,174673.41,0.0,0,0,1667,12,19831217,1
4390,1174010100102570000,고덕주공아파트,73413.2,9847.747,143449.283,133081.322,181.28,13.41,1320,15, ,1
4396,1174010200106930000,고덕그라시움,207860.3,42982.655,839026.856,519326.812,249.84,20.68,4932,58,20190927,1
4397,1174010200106900000,,,,,,,,,,,0
4398,1174010200104990000,고덕 아이파크,61365.2,13454.85,229501.15,147885.74,240.99,21.93,1142,15,20111228,1
4407,1174010300105210000,고덕자이,75815.3,12001.6329,295366.2876,185360.8676,244.49,15.83,1824,20,20210107,1
4409,1174010300105190000,고덕아르테온,174972,34162.97,671682.2,437203.32,249.87,19.52,4066,45,20200226,1
4410,1174010300105130000,고덕센트럴 IPARK,72986.1,14390.8,287871.53,182444.92,249.97,19.72,1745,21,20191230,1
4411,1174010300105140000,고덕 롯데캐슬 베네루체,79519.9,14455.162,324727.508,198737.15,249.92127,18.178043,1859,22,20191230,1
4414,1174010300104900000,고덕리엔파크3단지,126602,22733.74,303640.45,224150.46,177.05,17.96,2283,43,20110127,1
4422,1174010500104830000,강동헤리티지자이,39246.1,6877.245,180400.336,114187.662,290.95288,17.523384,1299,9,20241010,1
4425,1174010100200690001,,,,,,,,,,,0
4454,1174010700104130000,프라이어 팰리스,67217.3,10548.17,269236.69,186644.56,277.67,15.69,1622,22,20070709,1
4455,1174010700105090000,선사현대아파트,68996.22,15442.94,280749.07,271521.98,393.53,22.38,2938,17,20020816,1
4458,1174010700104140002,강동 롯데캐슬퍼스트아파트,144209,19053.49,565619.28,399386.77,276.95,13.21,3226,43,20080925,1
4469,1174010800105890000,,,,,,,,,,,0
4531,4111112900106400000,포레나 북수원,57956,6593.0975,171836.04,110561.6969,190.77,11.38,1063,12,20230927,1
4540,4111113000109500000,화서역 파크 푸르지오,61714,17061.06,444235.3188,308172.8622,499.35648,27.645364,2355,16,20210823,1
4544,4111113000109450000,수원 SK SKY VIEW,184421.3,23371.234,595218.63,420774.53,228.16,12.67,3498,30,20130527,1
4546,4111113000104010000,,,,,,,,,,,0
4547,4111113000103130001,동신아파트,0,9501.54,130511.49,121999.2,0,0,1542,13, ,1
4562,4111113000108870001,화서역 우방 센트럴파크,43585.8,8195.17,138308.19,100157.67,229.79,18.8,1335,16,19990827,1
4584,4111113200105460000,밤꽃마을뜨란채,50550.6,8063.807,124642.744,112261.753,222.08,15.95,1078,14,20050913,1
4593,4111113300103330000,화서역푸르지오더에듀포레,130771,18612.526,451414.898,320982.463,245.45,14.23,2571,33,20090116,1
4600,4111113300105110000,비단마을 베스트타운,51978.3,8326.7756,110777.9032,110777.9032,213.12,16.02,1032,13, ,1
4615,4111113600108740000,,,,,,,,,,,0
4617,4111113600108610000,주공뉴타운,64790,10174.736,145755.76,138886.088,214.36,15.7,1586,18, ,1
4619,4111113700103000000,서광교 파크 스위첸,40086.4,6815.3434,163311.4562,100104.7281,249.72,17,1130,11,20231214,1
4622,4111312600108200011,,,,,,,,,,,0
4623,4111312600112800000,수원역센트럴어반시티,59050,12620.54,149022.76,115945.36,196.35,21.37,1019,18,20150729,1
4653,4111312900109460000,상송마을주공아파트,36126.6,6767.089,84216.419,73882.185,204.51,18.73,1185,14,20051031,1
4661,4111313100103710000,센트라우스,49574,9977.5382,143716.565,113519.8174,228.99,20.13,1094,18,20051124,1
4664,4111313200104620000,삼환아파트,67751.5,12652.08,167985.03,155027.85,228.82,18.67,1680,17,19920327,1
4674,4111313400108590000,,,,,,,,,,,0
4675,4111313400110770000,수원모아미래도센트럴타운2단지,48110.5,6535.1973,125217.9025,91358.0533,189.89,13.58,772,8,20170908,1
4676,4111313400111470000,호반베르디움 더 센트럴,62665.3,9865.0238,168235.9986,124695.0637,198.99,15.74,1100,15,20170616,1
4678,4111313400105200000,금곡엘지아파트,161139,25691.807,444459.042,347977.088,215.95,15.94,998,14, ,1
4682,4111313400110950000,수원호매실휴먼시아8단지아파트,42712.4,8803.02,96441.89,75440.64,176.62,20.61,1270,12,20111010,1
4683,4111313400110810000,호매실역 서희 스타힐스,81022.6,15440.15,203382.15,145767.21,179.91,19.06,1318,27,20111118,1
4693,4111313500113610000,한양수자인파크원,93039.8,11722.8641,224532.0534,167461.9812,179.99,12.6,1394,17,20180531,1
4694,4111313500114080000,호매실 스타힐스,50558.3,7599.86,107378.2,79576.62,157.4,15.03,1100,11,20180405,1
4696,4111313500113800000,벨섬시티,75672.5,11021.43,187313.1,144799.1,191.35,14.56,1300,15,20171207,1
4699,4111313500113710000,호매실마을13단지,58814.2,9716.39,165714.29,122487.32,208.26,16.52,1428,16,20150205,1
4701,4111313500103770000,호매실GS아파트,61282,12185.265,219470.9585,171473.7988,279.81,19.88,1754,18, ,1
4702,4111313500113880000,호매실경남아너스빌,63104.1,12107.798,163854.61,113674.39,180.14,19.19,1029,21,20111118,1
4704,4111313500113940000,호매실스위첸,46979.4,7253.77,124209.78,89660.12,190.85,15.44,1050,12,20140811,1
4708,4111313600106540000,수원 하늘채 더퍼스트 2단지,92176,20294.94,277348.85,181978.34,197.42,22.02,1833,29,20220613,1
4709,4111313600106520000,수원 하늘채 더퍼스트 1단지,71720.3,16145.67,212352.62,141946.01,197.92,22.51,1403,21,20220613,1
4719,4111313700113550000,수원아이파크시티5단지,37991.6,8772.56,112503.01,73187.66,192.64,23.09,704,11,20150825,1
4720,4111313700113370000,수원아이파크시티7단지,75364.4,16701.78,217515.35,146859.28,194.87,22.16,1596,25,20160822,1
4729,4111313700112740000,신동아아파트,40418.708,8432.112,311888.162,83986.12,207.79,20.86,1020,16, ,1
4740,4111313700113610000,수원아이파크시티2단지,83950,18772.711,234823.256,154558.415,185.83,22.36,1135,28,20120120,1
4741,4111313700113300000,권선자이 이편한세상,96058.2,22241.189,297627.3112,230519.2417,239.97,23.15,1753,36,20110921,1
4749,4111313700110350000,수원시청역 SK VIEW,55910.9,12808.33,170361.53,128238.28,229.36,22.91,1018,26, ,1
4752,4111313700112650000,"보성,유원아파트",47542,10648.69,456586.3,0.0,197.39,22.4,1200,19,19960228,1
4759,4111314100103880019,,,,,,,,,,,0
4766,4111513300102920000,힐스테이트 푸르지오 수원,103960.4,24153.7,375852.09,233573.57,224.68,23.23,2586,38,20230525,1
4767,4111513300103000000,매교역푸르지오SK VIEW,164447,34595.63,533066.63,362438.34,220.4,21.04,3603,55,20230907,1
4770,4111513500100900005,,,,,,,,,,,0
4781,4111513800102500004,화서역 블루밍푸른숲아파트,85624.2,16778.897,258171.278,191263.823,223.37589,19.6,1744,35,20090728,1
4792,4111513800106500000,"화서4,5단지주공아파트및상가",55896,9280.45,159718.41,122618.84,219.37,16.6,1700,18, ,1
4808,4111514000103010000,,,,,,,,,,,0
4810,4111514000103000001,,,,,,,,,,,0
4814,4111514000106000000,월드메르디앙 아파트,114637.9,14553.387,364809.835,275310.547,240.16,12.7,2063,16,20040614,1
4823,4111514100111730000,수원센트럴 아이파크자이,129442,25522.97,493880.18,317110.16,244.98,19.72,3432,34,20241014,1
4832,4111514100103840000,래미안 노블클래스,44829.2,8448.44,156937.38,111169.99,247.99,18.85,892,17,20090826,1
4842,4111710100101760000,현대힐스테이트아파트,95025.1,18627.191,330109.006,266413.2,280.36,19.6,2328,38,20060227,1
4862,4111710100111620000,임광아파트,56919.9,10872.47,141454.38,129778.31,232.41,19.1,1320,11, ,1
4864,4111710100113520000,,,,,,,,,,,0
4867,4111710200106280000,영흥숲푸르지오파크비엔,80056,12789.0013,259370.7969,175217.9751,218.87,15.98,1509,16,20230628,1
4869,4111710200105890000,광교중흥에스클래스,84302.4,4446.1132,59095.2188,7047.7489,8.3601,5.274,0,18,20190530,1
4874,4111710200106060000,광교 호반베르디움,51693,7207.9472,182391.1993,116318.7713,225,13.94,1330,11,20140602,1
4875,4111710200100350000,,,,,,,,,,,0
4878,4111710200105480000,원천 레이크파크아파트,66820.7,11674.52,194380.645,147919.774,221.37,17.47,1835,22, ,1
4895,4111710300113440000,자연앤 힐스테이트,93505.8,13273.443,281089.054,195917.212,209.52412,14.195315,1764,20,20121129,1
4898,4111710300113260000,e편한세상 광교,127453.8,17507.6526,420885.3372,292993.7974,229.88,13.74,1970,24,20121206,1
4905,4111710400109940000,광교호수마을 호반써밋,70970,10617.95,214418.6,148894.93,209.8,14.96,1188,11,20110930,1
4909,4111710400110010000,광교 더 포레스트,109977.3,12829.08,295678.15,207954.91,189.09,11.67,1702,17,20131212,1
4912,4111710400109560000,휴먼시아아파트,100641,10005.42,177074.54,143795.19,142.88,9.94,2289,14,20111107,1
4932,4111710500109710001,벽적골롯데아파트,35206.1,7539.039,102195.21,69948.24,198.68,21.41,1040,8, ,1
4933,4111710500109480004,영통 센트럴파크뷰,41253.1,7252.21,115784.454,90222.534,218.7,17.58,1190,14, ,1
4934,4111710500109570006,영통에듀파크,56128.2,9670.985,151222.009,123498.47,220.03,17.23,1242,16, ,1
4935,4111710500109880002,살구골진덕.서광.성지.동아(아),77573.8,12576.75,217888.801,170505.59,219.79,16.21,1248,20, ,1
4936,4111710500109700003,벽적골9단지 주공아파트,44713,7815.832,125099.249,97623.517,218.33,17.48,1265,17, ,1
4937,4111710500109630002,신성.신안.쌍용.진흥아파트,56218.2,10512.815,161634.853,0.0,219.26,18.68,1616,17, ,1
4938,4111710500109730003,두산.우성.한신아파트,63229.6,10450.675,174276.266,139169.432,220.1,16.53,1842,21, ,1
4939,4111710500109550001,영통포레파크원 아파트,108988,18036.82,297839.964,235136.935,215.75,16.55,3129,42, ,1
4941,4111710500109640005,신나무실주공아파트,51319,8835.6,141199.224,0.0,219.72,17.22,1504,20, ,1
4952,4111710700107660000,영통아이파크캐슬1단지,94483.8,13764.86,261856.82,188304.57,199.3,14.57,1783,18,20190312,1
4953,4111710700107600000,영통아이파크캐슬2단지,62126.7,10573.23,171378.93,123935.71,199.49,17.02,1162,12,20190121,1
4954,4111710700107280000,힐스테이트 영통,113367,14554.3901,314039.5088,226194.4022,199.52,12.84,2140,26,20170830,1
4963,4111710700104880000,늘푸른 벽산아파트,65258,12215.363,232211.794,160317.818,245.67,18.72,1380,21, ,1
4964,4111710700106860000,동수원자이1차,105545.1,16461.387,311975.0515,237653.6505,225.16786,15.59,1829,14, ,1
4980,4113110100169610000,산성역자이푸르지오 1단지,65034,11037.34,260822.74,170998.87,262.94,16.97,1852,16,20240327,1
4981,4113110100169630000,산성역자이푸르지오 2단지,43967,7632.37,181441.13,116074.16,264,17.36,1270,12,20240327,1
4985,4113110100169510000,산성역포레스티아아파트,158510.7,32341.32,590683.53,395627.45,249.59,20.4,4089,40,20200730,1
5003,4113110400101000000,푸르지오,49330,10050.66,167540.52,114774.1,232.67,20.37,1015,14,20120907,1
5022,4113110800105000000,위례31단지,79718,12265.75,156352.62,124806.02,156.56,15.39,2334,14,20170707,1
5023,4113110800105040000,위례센트럴자이,68177,12967.76,189034.67,122355.34,179.47,19.02,1413,20,20170628,1
5024,4113110800105150000,위례 호반써밋 에비뉴,64696.8,11428.4,237259.74,144950.79,224.0463,17.664552,1137,17,20161206,1
5027,4113110800105100000,위례35단지,76396,12413.23,169674.03,136137.64,178.2,16.25,2568,15,20160531,1
5029,4113110800105280000,래미안 위례,31445,7442.71,83229.27,56597.4,179.99,23.67,410,8,20151127,1
5038,4113111200105780000,고등마을,40479,7399.27,92449.38,69746.38,172.3,18.28,1520,12,20190715,1
5048,4113310300110010000,e편한세상금빛그랑메종1단지,39164.6,7162.87,163319.71,103543.92,264.38,18.29,1135,10,20230629,1
5051,4113310300110200000,e편한세상금빛그랑메종5단지,37496,6673.54,151436.95,99266.26,264.74,17.8,1102,9,20230629,1
5058,4113310300125000000,래미안 금광,44447.6,7520.11,172254.69,123630.39,278.14,16.91,1098,12,20061113,1
5060,4113310300139530000,,,,,,,,,,,0
5061,4113310400105500000, ,0,12918.94,161071.3,161071.3,0,0,2010,26, ,1
5063,4113310500102790001,선경상대원2차아파트,83823.1,13790.0,180877.07,0.0,200.22,16.45,2510,0, ,1
5068,4113310600106020000,산들마을,56442,9138.17,127604.18,86544.36,153.33,16.19,1171,17,20151008,1
5070,4113310600106000000,센트럴타운,64957.9,14462.05,154385.08,113452.28,174.65509,22.263727,1039,24,20121220,1
5075,4113310700107080000,휴먼시아섬마을,45775,6469.791,83002.724,66343.747,144.93,14.13,1005,13,20080204,1
5082,4113310900101410000,,,,,,,,,,,0
5088,4113313200130010000,신흥역 하늘채 랜더스원 1단지,48132,11325.12,182265.23,122962.0,255.47,23.53,1267,15,20220920,1
5102,4113510100100660000, ,0,292586.01999999996,66766.31,44120.149999999994,0,0,437,21, ,2
5104,4113510200100550000, ,0,478508.31,149280.341,116600.411,0,0,841,19, ,2
5105,4113510200100710000, ,0,200678.1,42142.06,33883.76,0,0,226,7, ,2
5110,4113510200100320000, ,0,20591.907,45479.11,34009.82,0,0,286,2, ,1
5112,4113510200100240000, ,0,569679.95,137269.287,109131.837,0,0,1430,42, ,2
5115,4113510300101170000, ,0,0.0,3199.08,0.0,0,0,1039,14, ,2
5124,4113510300101210000, ,98901,0.0,217016.06,204275.35,206.55,19.24,1762,49, ,2
5126,4113510300100090000,아이파크분당1,17241.1,6235.6,158613.28,114641.26,664.93,36.17,540,4, ,1
5131,4113510300101020000, ,595923,7879.06,96543.71,88752.3,148.11,13.15,1651,27, ,2
5132,4113510300101120000,한솔마을주공아파트,45046,4994.73,81416.79,76773.23,170.43,11.09,1156,15, ,2
5136,4113510300100060000,,,,,,,,,,,0
5141,4113510300101010000,한솔마을,51272.9,7076.21,75000.63,65790.53,128.31,13.8,1668,13, ,1
5145,4113510500103080000, ,0,0.0,0.0,0.0,0,0,972,26, ,2
5151,4113510500100870000, ,0,0.0,243071.599,0.0,0,0,1781,36, ,2
5152,4113510500100960000, ,114397,25814.478,273173.147,219225.282,191.63551,22.565694,1874,36, ,2
5153,4113510500100910000, ,0,0.0,0.0,0.0,0,0,2419,42, ,2
5154,4113510500100920000, ,122197,28093.359,293749.064,237237.567,194.14352,22.990219,1695,35, ,2
5158,4113510600101330000, ,0,450473.15,159640.99,149901.24,0,0,1132,37, ,2
5169,4113510600100990000, ,0,0.0,0.0,0.0,0,0,572,19, ,2
5173,4113510600101240000, ,0,0.0,116024.44,0.0,0,0,2368,38, ,2
5179,4113510700101650000,목련마을,44139.8,7113.08,69689.9,60137.8,136.24,16.11,1460,14, ,1
5181,4113510700103300000, ,0,0.0,0.0,0.0,0,0,1520,65, ,2
5182,4113510700103300000, ,0,0.0,0.0,0.0,0,0,1520,65, ,2
5183,4113510700103350000, ,0,0.0,0.0,0.0,0,0,702,36, ,2
5196,4113510700102150000, ,0,0.0,0.0,0.0,0,0,1185,19, ,1
5201,4113510700105100000, ,0,0.0,0.0,0.0,0,0,180,9, ,2
5210,4113510800105850000,판교원마을,73411,10994.9354,165691.9703,113531.803,154.65,14.97,1045,25,20090327,1
5224,4113510900107050000,봇들마을,89467,13842.734,166552.933,126679.893,141.59,15.45,1147,28,20090213,1
5231,4113510900107280000,봇들마을,52047.1,9193.36,106232.462,85593.827,164.45,17.66,1297,15,20110126,1
5233,4113511000106080000,THE SHARP 판교 퍼스트파크,52418,13380.5553,249309.3417,165648.728,316.01,25.53,1223,16,20210609,1
5243,4113511000105530000,백현마을,78168.3,10239.922,162955.041,130454.783,166.89,13.1,1974,21,20110126,1
5244,4113511000105460000,백현마을,71383.8,13035.518,141277.074,112520.58,157.63,18.26,1722,25,20110126,1
5250,4113511100101260000, ,0,0.0,3529.86,0.0,0,0,0,12, ,2
5251,4113511100101330000, ,0,0.0,0.0,0.0,0,0,1020,10, ,2
5270,4113511400100630000, ,0,8965.182,127166.113,105432.03,182.83,14.38,1124,41, ,2
5271,4113511400101120000, ,0,0.0,0.0,0.0,0,0,1489,16, ,1
5293,4113511500109180000,산운마을,84307.5,8694.51,241486.15,177020.17,209.97,10.31,1396,13,20100607,1
5299,4113511600106360000,판교해링턴플레이스,47783,8587.34,144505.19,88152.0,184.48402,17.971537,1123,15,20240919,1
5318,4115010100107240000,의정부역센트럴자이&위브캐슬,86353.6,12711.137,319882.271,221689.041,255.59,14.72,2473,20,20220727,1
5395,4115010200100550004,신일유토빌아파트,57556.3,10488.436,231705.3051,170944.01,297,18.22,1456,19, ,1
5403,4115010300100050000,장암2단지주공아파트,0,32869.24,170339.028,157109.948,0,0,2788,31, ,2
5405,4115010300100200000,장암동아아파트,49633,8476.61,143791.258,136649.264,275.32,17.08,1488,17, ,1
5407,4115010300100050000,장암2단지주공아파트,0,32869.24,170339.028,157109.948,0,0,2788,31, ,2
5414,4115010400108170000,e편한세상 신곡 포레스타뷰,77569.5,10408.7158,248685.4858,177414.3018,228.72,13.42,1773,15,20200811,1
5415,4115010400108160000,e편한세상 신곡 파크비스타,66764.1,8818.4123,212492.0478,153321.3775,229.65,13.21,1561,14,20190304,1
5418,4115010400107900000,주공아파트,47937,6576.788,97797.02,96613.122,201.54,13.72,1450,14, ,1
5422,4115010400107270001,"풍림,한국아파트,주상가,유치원",52840.5,10615.098,149824.437,115994.17,219.51754,20.088943,1582,17, ,1
5424,4115010400106690000,"극동아파트,동성아파트,상가",35994.6,6702.21,95891.4,79715.82,226.74,18.62,1188,11, ,1
5426,4115010400103530043,서해아파트,39.457,9355.98,150029.77,143166.09,362.84,23.71,1555,14, ,1
5432,4115010400107250003,장암주공5단지,39466.8,6082.34,92314.332,87240.851,221.05,15.41,1214,14, ,1
5454,4115010500105670000,탑석센트럴자이,84431.1,13894.9606,360789.0134,244735.0832,289.86,16.46,2571,18,20211220,1
5468,4115010500105470003,송산주공아파트,55341.7,7752.88,112535.497,112535.497,203.35,14.01,1551,18, ,1
5470,4115010600108900000,민락엘레트19단지,59740.4,8908.57,169922.13,129129.97,216.15,14.91,1540,12,20171116,1
5472,4115010600108470000,호반베르디움1차,84067.7,12918.0727,240523.9443,179956.0934,214.06,15.37,1567,19,20170705,1
5481,4115010600106910001,"산들마을 길훈,신안,현대 아파트",64857.5,12174.63,183536.25,141601.73,218.33,18.77,1830,19, ,1
5500,4115010700107540000,양지마을8단지,45145.5,8378.98,90316.48,70308.62,155.74,18.56,1161,16,20121212,1
5513,4115010900103440017,금오2차 신도브래뉴 업,41476.2,8009.036,147327.523,118168.203,284.91,19.31,1111,17,20071123,1
5528,4115011000106570000,,,,,,,,,,,0
5538,4115011100103550000,녹양힐스테이트,41800.8,7714.39,157227.9,125368.8,299.92,18.46,1196,16,20060825,1
5542,4115011200109030000,고산리슈빌포레,59919,10623.01,155848.94,107098.07,178.74,17.73,1331,17,20210513,1
5551,4115011300107330000,고산 수자인 디에스티지 아트포레,64028,9504.2284,170899.9034,121623.0146,189.95,14.84,1134,12, ,1
5552,4115011300107250000,고산 수자인 디에스티지,64596,9646.4988,175898.0231,122587.4589,189.78,14.93,1033,14, ,1
5555,4115011300106710000,고산센트레빌엔에이치에프,59759,7869.62,149344.02,107447.62,179.8,13.17,1215,13,20200120,1
5561,4117110100104490013,,,,,,,,,,,0
5562,4117110100100970003,,,,,,,,,,,0
5567,4117110100114480000,아르테자이,36987.2,8956.17,145557.22,92935.85,251.26,24.21,1021,14,20230427,1
5577,4117110100113930000,래미안안양메가트리아,176696,28306.77,601437.3,432724.22,244.9,16.02,4250,38,20161026,1
5583,4117110100100900001,삼성래미안아파트,56225.7,10141.768,189151.069,189642.19,337.29,18.04,1998,17, ,1
5589,4117110100113800000,주공뜨란채,37317.9,6681.276,122986.495,103933.259,278.51,17.9,1093,12,20041115,1
5615,4117110200101820002,석수e-편한세상아파트,54811.5,11026.365,265704.408,194712.632,355.24,20.12,1908,21, ,1
5619,4117110200104150001,,,,,,,,,,,0
5620,4117110200102750001,현대아파트,30422.9,6579.67,158603.09,114464.55,376.24,21.63,1088,8, ,1
5621,4117110200107940000,석수아이파크,47564.2,8803.9,184658.257,135558.988,285,18.51,1134,17,20090930,1
5639,4117110300100850000,우성아파트,0,7525.37,107555.7,99469.37,0,0,1020,11, ,1
5642,4117110300101140000,한라비발디아파트,40470,8178.29,156846.034,151550.734,374.48,20.21,1394,12, ,1
5649,4117310100102820039,,,,,,,,,,,0
5654,4117310100111770000,평촌래미안푸르지오,42192.9,7648.5568,195135.6804,129737.9898,307.49,18.13,1199,13,20220302,1
5658,4117310100104550000,,,,,,,,,,,0
5660,4117310100111550000,더 포레스트 힐,79839.3,13117.977,236788.08,179743.97,225.13,16.43,2044,20, ,1
5661,4117310100111030005,,,,,,,,,,,0
5670,4117310100111010002, ,86813.2,16602.851,214415.594,177517.906,204.48,19.12,2744,27, ,1
5671,4117310100111010006,,,,,,,,,,,0
5673,4117310100111020000,관악아파트,81651.93,13926.5945,202660.9,170734.419,209.1,17.06,1800,28,19921114,1
5676,4117310200118150000,평촌 더샵 센트럴시티,63070.2,9796.9,222816.77,157661.99,249.98,15.53,1459,12,20160628,1
5680,4117310200116720000,동편마을,39920.1,7131.79,78415.8,60580.67,151.75,17.87,1017,13,20111212,1
5682,4117310200116510000,동편마을,59835.1,12593.1,156934.74,113448.87,189.6,21.05,1042,21,20120427,1
5686,4117310200115100001,인덕원마을삼성아파트,33468.1,8041.37,151610.03,118379.22,353.71,24.03,0,15, ,1
5687,4117310200115890000,한가람세경아파트,40655.3,6752.76,100010.79,79984.35,196.74,16.61,1292,12, ,1
5688,4117310200115890001,한가람아파트,33565,5745.477,74495.403,66597.132,198.41,17.12,1164,10, ,1
5692,4117310200115880013,,,,,,,,,,,0
5699,4117310300100750002,인덕원센트럴푸르지오아파트,56901.9,11623.679,252197.483,192864.484,338.94208,20.427576,1996,19, ,1
5706,4117310300108980002,초원아파트,44509.98,6866.118,103441.83,96269.342,216.28709,15.426019,1035,13, ,1
5719,4117310300108960006,초원아파트,51512.47,8905.25,112474.05,109457.18,212.49,16.27,1743,13, ,1
5724,4117310400109160002,,,,,,,,,,,0
5731,4117310400113270000,평촌센텀퍼스트,94193,16218.1685,424220.0894,266378.7149,282.8,17.22,2886,26,20231124,1
5732,4117310400112970000,,,,,,,,,,,0
5736,4117310400112870000,평촌더샵아이파크,42957,8733.04,181028.56,117688.53,273.97,19.9,1174,13,20190328,1
5763,4117310400108000001,,,,,,,,,,,0
5774,4117310400108130000,호계 e-편한세상아파트,56640.5,10867.572,283565.545,203829.93,359.87,19.19,1752,23,20031215,1
5801,4119210500102090000,부천위브트레지움2단지아파트,48250.9,8621.92,179178.2,119629.72,247.93,17.87,1013,15,20120413,1
5826,4119210800112880000,팰리스카운티,139857.3,23760.2825,448015.601,349041.8985,249.57,16.99,3090,34,20090727,1
5833,4119210800110270000,한라마을주공(3)아파트,42322,6438.14,98423.15,86570.79,204.55,15.21,1201,11, ,1
5834,4119210800110280000,한라마을,53485,7958.26,118660.69,111222.78,207.95,14.88,2171,20, ,1
5835,4119210800110290000,금강단지,25379,3394.38,55036.54,46716.036,184.07,13.37,743,8, ,1
5847,4119210800110410000, ,70554.6,9904.41,15371809.0,145420.01,206.11,14.04,2511,19, ,1
5848,4119210800110510000,설악단지,48485,7839.51,102790.8,96257.16,198.53,16.17,1590,11, ,1
5859,4119210800111720000,보람마을아주아파트,61666,10262.371,165283.42,135772.845,220.17,16.64,1398,20, ,1
5861,4119210800111790000,미리내마을,36068.1,6391.01,94822.23,78830.55,218.56,17.72,1008,10, ,1
5862,4119210800111780000,미리내마을,33920.5,4703.78,86098.84,72044.42,212.39,13.87,1540,13, ,1
5895,4119210900105890001,목련마을,26334.9,3810.868,70785.121,55168.579,209.48,14.47,670,11, ,1
5905,4119210900103920000,한아름마을,51818.9,8327.439,133288.526,114398.792,220.77,16.07,1236,16, ,1
5906,4119210900103930000,한아름마을,62956,0.0,163442.82,0.0,218.996,17.965,1428,20, ,1
5910,4119210900103990000,반달마을,41433.618,7825.301,123937.383,0.0,219.96,16.83,1390,12, ,1
5924,4119410100104110001,소새울역중흥S클래스,58978,8250.01,139246.369,119487.929,202.6,13.99,1104,16,20060630,1
5926,4119410100101350000,소사 에스케이뷰,50477.6,8980.7731,162218.2811,127771.8116,253.13,17.79,1195,15,20040706,1
5933,4119410100104000008,주공아파트,49062,7087.49,96848.73,91376.98,181.54,14.66,1222,16,19950101,1
5944,4119410300101550001,부천 범박 힐스테이트 3단지,42367.3,6999.32,144721.89,115223.33,271.96,16.52,1032,12,20040625,1
5945,4119410300101520002,부천범박힐스테이트 4단지,60984.8,8717.24,207209.95,164892.01,270.38,14.29,1387,11,20030627,1
5946,4119410300101540002,부천 범박 힐스테이트 1단지,36374.7,6758.28,132661.12,105752.52,290.73,18.58,1070,14,20040625,1
5961,4119410400102510001,범박휴먼시아1단지,56976.5,8804.922,114284.164,89319.477,156.76,15.4,1473,18,20110504,1
5976,4119410500103720000,부천중동역푸르지오,32010.8,6693.93,135707.376,103632.992,323.74,20.91,1001,13,20050906,1
5989,4119410600107710001,옥길센트리뷰,79427.5,12007.96,183361.06,133765.39,168.41,15.12,1318,16,20171208,1
5991,4119410600107800001,옥길호반베르디움,81868.3,11531.3377,228069.1982,163716.8664,199.98,14.09,1420,18,20171207,1
5995,4119410600107010001,부천옥길엘에이치1단지,35885,7066.62,96265.91,73953.8,206.09,19.69,1454,9,20160928,1
5996,4119410600107510001,옥길브리즈힐,70863,12040.49,199331.34,143845.2,202.99,16.99,1304,15,20160713,1
6007,4119610200102960000,여월휴먼시아,47172,8624.085,88763.825,70444.95,149.34,18.28,1044,14,20071123,1
6044,4121010100100110159,,,,,,,,,,,0
6050,4121010100107910001,,,,,,,,,,,0
6051,4121010100107880001,광명 푸르지오 센트베르,41689.5,6522.7921,168059.0053,111623.2794,267.74914,15.646126,1335,15,20221027,1
6052,4121010100107870004,광명 아크포레 자이위브,59957.8,10639.4728,258564.7379,167815.0537,279.89,17.74,2104,22,20210416,1
6057,4121010100107850000,광명 해모로 이연 아파트,59062,11126.72,213252.532,157192.75,266.15,18.84,1267,17, ,1
6063,4121010100107130004,,,,,,,,,,,0
6064,4121010100102000006,광명한진타운,48201,12087.82,207752.55,155753.79,323.13,25.08,1633,12,19970625,1
6065,4121010200101050001,,,,,,,,,,,0
6068,4121010200106390001,철산역 롯데캐슬&SKVIEW 클래스티지,48999.7,9012.95,204409.29,130282.18,265.88,18.39,1313,14,20220323,1
6070,4121010200106250000,도덕파크타운,69466.6,11777.332,273104.444,191012.348,274.97,16.95,2351,18,20010907,1
6075,4121010200106340000,철산래미안자이,96199.6,11874.94,323814.5,239411.85,248.87,12.34,2072,18,20091126,1
6076,4121010200106370000,철산푸르지오하늘채,58711.4,8749.151,206099.002,149276.1,254.25,14.9,1264,14,20100218,1
6081,4121010200102410000,주공아파트,144008.6,19651.93,265079.1,246155.88,170.93,13.65,2460,27,19860710,2
6083,4121010200103670000,철산한신아파트,60724,10829.36,224229.585,177500.17,292.31,17.83,1568,13,19921114,1
6084,4121010200104490000,주공아파트,100662,13573.85,172442.52,160333.0,159.28,13.48,1800,21,19860710,1
6085,4121010300102000000, ,68849.2,9169.11,110422.28,100099.27,145.38915,13.317671,2066,13,19901114,1
6086,4121010300108630000,광명 두산위브 트레지움,63743.6,7778.07,218394.52,156597.59,245.67,12.2,1248,10,20091102,1
6087,4121010300108640000,이편한세상 센트레빌아파트,132500.4,21051.356,460413.015,331757.636,250.38,15.89,2815,30,20100114,1
6088,4121010300102960000, ,44720,5241.31,74958.3,69394.35,155.18,11.72,1260,7,19900319,1
6089,4121010300100270000,주공아파트,40050,4663.08,65655.02,60697.9,151.56,11.643,0,6, ,1
6090,4121010300100130000,주공아파트,82797,11630.99,151014.32,140104.61,169.215,14.048,1818,16,19900910,1
6091,4121010300100300000,주공아파트,87002,11976.84,165067.98,153174.04,176.06,13.77,2032,19,19900319,1
6092,4121010300106510000, ,47189,6792.56,99182.35,92125.27,195.23,14.39,1346,11,19891010,1
6093,4121010300106500000,주공아파트,78741,11225.71,138833.66,128457.58,163.14,14.26,2220,15,19891010,1
6094,4121010300101100000,주공아파트,117821,14604.17,197032.31,182764.34,155.12,12.39,2392,26,19901114,1
6095,4121010300102600000,주공아파트,83427.9,14428.88,145014.99,133837.97,160.42,17.3,1680,21,19900319,1
6096,4121010300102950000,주공아파트,56925,8129.6,111966.67,104008.24,182.71,14.28,1342,12, ,1
6098,4121010300107020000,주공아파트,87476.4,13110.58,181053.77,168141.62,192.21,14.99,2176,20,19900508,1
6100,4121010300106820000,주공아파트,70129,10347.07,129069.49,119546.06,170.47,14.75,1980,14,19891010,1
6104,4121010400113240000,휴먼시아,58357,9392.775,95235.308,81431.664,139.54,16.1,1174,20,20090624,1
6115,4121010400113730000,광명역세권 휴먼시아,67392,11013.37,114625.53,93955.95,139.42,16.34,1354,19,20101207,1
6129,4121010600105170000,광명역센트럴자이,38253.5,9053.0281,203366.3379,133836.7925,349.87,23.66,1005,9,20181224,1
6130,4121010600105130000,광명역 써밋플레이스,54500,10778.8731,320946.032,190639.6561,349.8,19.78,1430,14,20180219,1
6163,4122010500106130000,평택지제역동문굿모닝힐맘시티3단지,53773.2,7384.7253,135975.5917,100297.4654,186.52,13.73,1134,15,20210813,1
6166,4122010500105590000,평택지제역동문디이스트2단지,49825,6878.3256,131155.9739,97545.6644,195.78,13.8,1030,14,20190827,1
6170,4122010800200860008,,,,,,,,,,,0
6171,4122010800106190000,평택장안마을코오롱하늘채,113357.8,18748.5774,297862.8592,219835.3313,193.93,16.54,1943,27,20130422,1
6184,4122010900106800000,반지마을주공아파트,37718,5775.75,77789.86,66716.17,176.88,15.31,1035,13,20060810,1
6190,4122010900103810000, ,0,169620.736,537779.76,164935.65,0,0,1206,16, ,2
6227,4122011500103600000,"평택군문2단지 주공아파트 ,상가",43603.2,7250.08,98354.458,74962.208,171.91905,16.627403,1035,15, ,1
6228,4122012300105970000,,,,,,,,,,,0
6245,4122011800110080000,엘에이치이곡마을3단지,57919.4,7852.6,90437.16,72757.44,125.62,13.56,1191,14,20141205,1
6250,4122011800110050000,휴먼시아1단지,51572.8,8134.18,78123.04,62285.2,120.77,15.77,1060,14,20120723,1
6252,4122011800110890000,평택 센트럴해링턴플레이스,69993,13110.4772,161713.1535,118970.0321,169.97,18.73,1058,24,20120802,1
6275,4122011900104160012,,,,,,,,,,,0
6277,4122012000201930000,,,,,,,,,,,0
6278,4122011900200720004,,,,,,,,,,,0
6279,4122011900200450014,,,,,,,,,,,0
6280,4122011900103570000,,,,,,,,,,,0
6281,4122011900108520000,평택센트럴자이 3단지,109991,16941.7816,348118.8687,241486.2912,219.55,15.4,2324,26,20190125,1
6290,4122012000103770001,,,,,,,,,,,0
6292,4122012000105970000,힐스테이트 평택2차,69298,10270.45,216115.66,151824.68,219.09,14.82,1443,18,20180425,1
6295,4122012000105550000,부영아파트총괄동,60187.8,10396.31,130205.72,121022.23,201.07,17.27,1590,14, ,1
6301,4122012100100340004,,,,,,,,,,,0
6303,4122012300106970000,평택 효성해링턴 플레이스 2단지,135062,18047.891,362516.005,261902.561,193.91,13.36,2530,30,20190625,1
6315,4122012400105810000,평택용이금호어울림 1단지,87490.6,16825.0496,237555.0224,174305.192,199.23,19.23,1591,22,20151029,1
6327,4122012700107210000,평택소사벌중흥에스-클래스에코시티,70147.9,9061.9044,189749.5774,132260.575,188.55,12.92,1190,13,20170710,1
6336,4122012800127200001,다해브,60240,11043.58,152400.22,96192.35,159.68,18.33,1167,18,20241024,1
6342,4122012800127060001,고덕국제신도시 금호어울림,81650,12695.2,194619.01,130416.65,159.73,15.55,1582,24,20230517,1
6348,4122012800118940003,평택고덕엘에이치2단지,39006.5,6343.03,90054.0,70051.28,179.59,16.26,1600,8,20220721,1
6359,4122012800118990002,고덕국제신도시 제일풍경채,60718,8179.29,162626.53,121403.71,199.95,13.47,1022,12,20191111,1
6378,4122025330108280001,늘푸른마을,52513.2,10984.376,113540.149,90389.578,172.13,20.92,0,13, ,1
6423,4122025924111100000,부영사랑으로,46937.5,8932.4695,117737.3135,84120.3933,179.22,19.03,1031,19,20110929,1
6424,4122025924111040000,부영사랑으로,51496,8064.9604,123942.7529,92741.442,180.09,15.66,1138,17,20111014,1
6432,4122033026105230000,고덕하늘채 시그니처,90897.3,13676.6919,246207.8158,175568.3283,193.15,15.05,1884,28,20210226,1
6433,4122033028106480000,,,,,,,,,,,0
6446,4125010100106640006,송내주공아파트,37926.7,6300.091,81149.838,71841.484,189.42,16.61,1018,12,20051028,1
6448,4125010100106650006,,,,,,,,,,,0
6462,4125010200107170002,송내 주공 아파트,92264.9,18578.435,195731.843,178858.307,193.85,20.14,1862,19,20040806,1
6494,4127110300116390000,그랑시티자이 2차,97982.3,21496.0276,537404.3926,397335.2553,405.52,21.94,2872,15,20201029,1
6495,4127110300116390007,그랑시티자이,122259.4,25955.1853,667483.2117,493051.4944,403.28,21.23,3728,18,20200218,1
6499,4127110300115060000,본오아파트,25951.2,5257.95,61250.24,56156.79,212.4,19.7,1000,6, ,1
6510,4127110300115360000,푸른마을 5단지,65551.1,11924.263,126718.664,96697.535,147.51,18.19,1343,22, ,1
6512,4127110300115120000,안산고잔6차푸르지오,116321.1,13630.186,283037.736,230959.796,198.55,11.71,1790,25,20050721,1
6514,4127110300115100000,안산고잔7차푸르지오,90814.5,10837.25,220726.03,179939.82,198.14,11.93,1312,20,20051209,1
6516,4127110400108710000, ,0,0.0,299842.81,253475.37,0,0,0,28,19930610,1
6517,4127110400108800000, ,0,0.0,223795.83000000002,183811.21,0,0,0,0, ,2
6521,4127110400108720000, ,0,0.0,75220.43,61581.08,0,0,0,32, ,1
6522,4127110400108720020, ,0,0.0,105918.53,94181.52,0,0,0,18, ,1
6524,4127110800107470000,안산파크 푸르지오,48908.5,7073.2439,187925.2245,126467.9441,258.58,14.46,1129,9,20180921,1
6527,4127110800105840000, ,0,0.0,123671.1,123671.1,0,0,1380,15, ,1
6528,4127110800105830000, ,0,0.0,158533.31,146306.59,0,0,0,0, ,1
6529,4127110800105920000, ,0,0.0,201846.4,187962.24,0,0,0,24, ,1
6530,4127110800105910000,주공아파트,90527.7,0.0,147487.51,136483.71,150.76,0,0,34, ,1
6537,4127110900104470000, ,55002.5,11918.151,125681.1,115751.5,210.45,21.67,0,26, ,1
6544,4127111100109870000,건건 e-편한세상,65560.8,11250.6187,226593.808,185644.785,283.16,17.16,1923,22,20060929,1
6554,4127310100108530000,힐스테이트중앙,43134.4,6988.484,168944.5493,114961.4424,266.52,16.2,1152,10,20181114,1
6555,4127310100108520000,고잔롯데캐슬골드파크,37594.6,6944.42,135710.52,93984.47,249.99,18.47,1005,10,20181030,1
6557,4127310100107820000,안산레이크타운 푸르지오,53877.1,8918.9687,245612.1147,172389.1658,319.97,16.55,1569,12,20160201,1
6559,4127310100106700000, ,52524.3,5570.5,88717.8,88717.8,168.91,10.61,0,11, ,1
6560,4127310100106710000, ,0,58843.66,88448.82,87646.68,0,0,0,10, ,1
6562,4127310100106720000, ,64117.6,0.0,114785.15,114785.15,179.02284,0,0,0, ,1
6570,4127310100107810000,푸르지오1차아파트,60472.8,11571.6475,149890.9728,112836.26,186.59,19.14,1032,17, ,1
6571,4127310100107670000,네오빌 6단지,59618.4,10261.468,122194.79,99472.043,166.84,17.21,1056,20, ,1
6572,4127310100107120000,안산 고잔5차 푸르지오,66230.6,10548.086,111463.32,111463.32,168.3,15.93,1127,17, ,1
6573,4127310100107280000, ,66626.9639,9025.026,161983.33,132632.787,199.06,13.54,1152,16, ,1
6574,4127310100107200000,호수공원아파트,141774,23391.743,274717.122,270652.128,190.90392,16.499317,2108,42, ,1
6592,4127310700108020000,초지역메이저타운푸르지오-파크단지,44172,7125.9384,160900.5924,110011.7289,249.05,16.13,1238,10, ,1
6598,4127310700107250000,그린빌,52407.5,10269.445,97321.8,77801.979,148.45581,19.595372,1012,17, ,1
6599,4127310700107380000,그린빌,67351,13181.686,92629.842,81569.64,121.11,19.57,1350,29, ,1
6600,4127310700107410000,행복한마을,122905.23,19884.952,273819.38,223983.92,182.24,16.18,1954,42,20040706,1
6601,4127310700107310000,호수마을,123700,21208.942,316016.254,229046.832,185.16,17.15,2036,41,20001207,1
6605,4127310800110030000,안산푸르지오브리파크,59641.6,7970.3368,214387.0938,146075.1746,244.92,13.36,1714,11,20230227,1
6606,4127310800110020000,e편한세상 초지역 센트럴포레,53595,10115.921,202136.204,133833.511,249.71,18.87,1450,16,20210723,1
6608,4127310800108280005,벽산블루밍아파트,51673.4,10711.84,195403.31,160235.22,310.09,20.73,1515,15,20040804,1
6610,4127310800109370000,안산 8차 푸르지오,46427.26,8841.6052,180539.8444,137699.0125,296.59,19.04,1348,15,20060516,1
6611,4127310800109380000,경남 아너스빌,47611.36,8919.15,182487.85,141684.13,297.58,18.73,1370,14,20051025,1
6614,4127310900110030000,안산 중흥S-클래스 더 퍼스트,38686.5,7008.0568,139029.2692,96617.1952,249.74,18.11,1021,11,20240102,1
6617,4127310900111880000,안산라프리모,79877,11433.9556,296302.7722,206580.2329,258.62,14.31,2017,24,20200129,1
6620,4127310900111770000,안산 메트로타운 푸르지오힐스테이트,43332.7,7011.2044,272067.6691,190401.3616,439.39,16.18,1600,12,20180827,1
6623,4127310900110780000, ,0,0.0,148974.4,137881.36,0,0,0,35, ,1
6624,4127310900110780000, ,0,0.0,148974.4,137881.36,0,0,0,35, ,1
6625,4127310900109670000, ,0,5820.4800000000005,31087.960000000003,28543.52,0,0,0,13, ,2
6626,4127310900110810000, ,31423.3,16224.06,132338.6174,63033.8924,200.6,25.82,0,0, ,2
6627,4127310900110860000,수정한양아파트,118871.1,24478.95,228322.45,200220.98,168.44,20.59,1870,40, ,1
6630,4127310900110800000, ,54448.7,8084.49,70800.73,64093.86,117.71,14.8479,0,15, ,1
6632,4127310900110850000,공작한양아파트,97742.7,17477.6011,231055.3319,181975.5104,186.18,17.88,0,36, ,1
6642,4128110300106160000,신원마을4단지,46957.3,7492.95,101698.14,73958.46,157.5,15.96,1302,13,20160901,1
6646,4128110300106110000,신원마을엘에이치2단지,57151.7,10830.15,125971.97,96958.58,169.65,18.95,1495,17,20130514,1
6654,4128110400106170000,원흥마을12단지,52074,6649.68,94474.46,71683.96,137.66,12.77,1372,9,20190711,1
6657,4128110400106700000,삼송리슈빌센트럴파크,63059,9201.6007,157937.4168,112938.2006,179.1,14.59,1024,13,20121210,1
6658,4128110400106770000,삼송마을엘에이치16단지,44072.5,9034.41,105958.942,78045.432,177.08,20.5,1201,12,20131125,1
6660,4128110400107170000,엘에이치원흥도래울마을1단지,41164.9,8081.92,116463.16,89562.07,217.57,19.63,1578,10,20141015,1
6661,4128110500109830000,도래울센트럴더포레,60087.2,12356.2,171290.92,129029.58,214.74,20.56,1193,20,20140602,1
6662,4128110500111070000,고양 원흥 동일스위트,70235.1,11041.5845,196447.9997,143981.6601,204.99,15.72,1257,15,20180126,1
6664,4128110500110100000,도래울 센트럴 더 힐,58292.2,10461.55,166618.5,127341.69,218.45,17.95,1386,18,20150422,1
6666,4128110500111030000,도래울파크뷰(PARK VIEW),73533.8,14093.51,198222.57,150918.66,205.24,19.17,1392,20,20131112,1
6668,4128110600103690002,,,,,,,,,,,0
6669,4128110600108690000,원당 e-편한세상,66998.1,12701.649,266939.058,185835.954,277.37,18.96,1486,23,20091202,1
6670,4128110600108600000,래미안 휴레스트,77754.7,15268.78,288393.2,206992.03,266.21,19.64,1651,24,20091030,1
6684,4128110900111280000,고양지축 엘에이치 8단지,37774,5396.53,82859.23,67153.4,177.78,14.29,1382,5,20211014,1
6687,4128110900108480000,지축역 한림풀에버,64749,8314.82,178834.221,116540.921,179.989,12.84,1102,13,20200130,1
6704,4128111100103110000,삼송2차아이파크,63283.7,10674.745,162222.376,116400.61,183.93,16.87,1066,11,20150827,1
6705,4128111100103320000,삼송마을18단지,70523.7,11160.53,156810.55,118714.78,168.33,15.83,1890,22,20150629,1
6710,4128111200103650000,창릉호반써밋,93483,15991.39,259658.0424,162647.3296,173.98,17.11,1426,20,20121002,1
6729,4128111800109960000,주공그린빌,59999.9,9893.927,126124.189,114492.557,190.82124,16.489905,1202,17,20031020,1
6746,4128112300109510000,별빛마을,57882.4,9431.393,124588.005,103690.53,179.14,16.29,1080,14, ,1
6747,4128112300109520000,별빛마을,44975.59,6585.85,103843.3561,0.0,0,0,1232,11, ,1
6748,4128112300109480000,별빛마을9단지,102820.6,16846.324,242423.467,195297.45,189.94,16.38,2008,26, ,1
6749,4128112300109610000,은빛마을11단지,52055.94,8164.58,109801.34,93393.56,179.41,14.91,1350,12, ,1
6750,4128112300109360000,은빛마을6단지,93312.733,14989.737,243056.904,0.0,199.9,16.064,1320,21, ,1
6751,4128112300109530000,별빛마을7단지,64663,10313.01,152046.97,116374.0,179.97,15.95,1136,17, ,1
6755,4128112300108510000,달빛마을,103038.367,15035.88,227858.68,194370.8762,179.99,13.92,2541,24, ,1
6756,4128112300108510000,달빛마을,103038.367,15035.88,227858.68,194370.8762,179.99,13.92,2541,24, ,1
6757,4128112300108580000,달빛마을총괄동,92869.3,14449.715,210776.54,176080.19,189.6,15.53,1785,22, ,1
6758,4128112300108700000, ,0,38321.554,318037.74,297946.884,0,0,2034,40, ,1
6763,4128112300111350000,옥빛마을,50310,7744.63,135972.476,114093.12,226.78,15.39,1120,14, ,1
6764,4128112300111270000,옥빛마을,44556.03,6526.48,126140.66,111318.79,249.84,14.64,1392,14, ,1
6779,4128112800108950000,햇빛마을18-1단지,43238.2,8070.83,132524.03,105439.76,243.85,18.66,1132,15, ,1
6780,4128112800109340000,햇빛마을20단지,55232,8065.91,140605.55,124492.93,225.4,14.6,1713,17, ,1
6781,4128112800109530000,햇빛마을,59620,8190.6,155620.77,134550.41,225.68,13.74,1813,38, ,2
6782,4128112800109830000,샘터마을,97670,15526.48,237828.43,206140.85,211.06,15.9,2922,29, ,1
6796,4128112800107850000,소만마을,23067.72,5387.579,126692.085,112511.09,487.74,23.36,1602,17, ,1
6800,4128112800110960000,서정마을,37507.4,7786.076,84321.192,67435.491,179.79,20.76,1064,15,20080703,1
6801,4128112800110740000,서정마을,44371.2,7827.143,94420.486,77640.312,174.98,17.64,1185,14,20080808,1
6823,4128113200104050000,DMC 두산위브 더 퍼스트,46985,7386.49,128313.89,90554.96,192.73,15.72,1059,10,20201005,1
6826,4128113200104210000,디엠씨해링턴플레이스엔에이치에프,65310,9967.65,160857.7,123418.54,188.97,15.26,1521,16,20190711,1
6834,4128510100115040000,위시티일산자이4단지,97819.1,19334.7391,341076.4641,236330.3818,241.599,19.77,1288,13,20100823,1
6835,4128510100114980000,위시티일산자이2단지,142970.9,28186.0198,488098.7509,345300.2408,241.52,19.71,1975,19,20100924,1
6838,4128510100114870000,위시티일산자이1단지,83374.3,15758.3758,276997.403,201733.8764,241.96,18.9,1244,13,20100823,1
6839,4128510100115100000,위시티블루밍3단지,96968.64,16051.28,341425.43,233979.05,241.29,16.55,1435,18,20101029,1
6845,4128510200118410000,일산센트럴아이파크,84971,12191.4882,280966.6859,195010.1585,229.502,14.3478,1802,14,20180529,1
6849,4128510200118000000,하늘마을 주공5단지,63315.3,8444.828,144350.474,126041.003,199.07,13.34,0,14,20070816,1
6850,4128510200116800000,하늘마을,52230,7551.498,114694.619,101472.9,194.28,14.46,1378,13,20071025,1
6860,4128510200117000000,하늘마을,56948.4,7758.151,125136.355,109852.175,192.9,13.62,1000,11,20071113,1
6878,4128510400106570090,,,,,,,,,,,0
6888,4128510400108810000,호수마을,53570,8826.086,121426.509,97984.89,182.91,16.47,1144,19, ,1
6890,4128510500107320000,백마마을,52157.2,7950.287,117532.826,94806.98,181.77,15.23,1116,11, ,1
6895,4128510500107170000,백마마을,67.354,10396.42,143349.04,113678.06,168.777,15.435,1152,18, ,1
6905,4128510600112370000,일산 요진 와이시티,66035.5,25047.59,561961.14,337108.24,510.5,37.93,2404,8,20160620,1
6921,4128510600113430000,흰돌마을,37729,5166.71,53866.83,47039.27,124.68,13.69,1141,12, ,1
6932,4128510700112920000,숲속마을,33901.5,5132.762,75674.541,65018.937,191.79,15.14,1019,9,20071110,1
6934,4128510700112580000,숲속마을,42769.4,5815.253,96779.693,84583.187,197.77,13.6,1034,12,20060706,1
6942,4128510700105320026,,,,,,,,,,,0
6964,4128710100111030000,후곡마을,44098.7,5751.78,84315.25,72531.9,164.48,13.04,836,12, ,1
7034,4128710300116500000,일산에듀포레푸르지오,82772,13020.2125,255465.0365,179475.1804,216.8308,15.7302,1690,17,20181017,1
7043,4128710300116400000,일산 두산위브더제니스,59023.9,38205.22,659965.6082,412532.0979,698.92,64.73,2700,12,20130426,1
7044,4128710300101270000,,,,,,,,,,,0
7058,4128710400126030002,,,,,,,,,,,0
7062,4128710400125700000,킨텍스휴먼빌,68342.2,8361.188,166416.1223,135948.9336,198.92,12.23,1255,15,20030804,1
7082,4128710500105940002,,,,,,,,,,,0
7083,4128710500201420003,,,,,,,,,,,0
7095,4128710600110890000,가좌마을,68009,8900.4102,154910.4,135708.71,199.55,13.09,1178,14,20050726,1
7109,4129010700101010000,과천 푸르지오 써밋,96128.2,18508.3343,312637.0891,182026.3651,189.36,19.25,1571,32,20200331,1
7112,4129010800100100000,과천 위버필드,100626.5,16008.6,348311.44,229165.56,227.74,15.91,2128,24,20210128,1
7113,4129010800100040000,래미안 슈르,176010,27286.524,565666.266,344710.973,195.85,15.5,2899,47,20080812,1
7114,4129010900100930000,과천자이,105501,17398.71,380635.28,233933.16,221.74,16.49,2099,28,20220318,1
7116,4129011000100960000,과천 센트럴파크 푸르지오 써밋,71136.4,11851.57,236456.09,150602.72,211.7,16.66,1317,17,20201221,1
7118,4131010100106310000,갈매6단지,47574,8286.58,134749.1,101592.26,213.55,17.42,1033,11,20180830,1
7119,4131010100105960000,갈매역아이파크,50348,29654.2533,219205.997,154427.8719,306.72,58.9,1196,14,20180427,1
7122,4131010100106510000,갈매스타힐스,50456,8195.1,146431.27,108448.92,214.94,16.24,1018,13,20170807,1
7123,4131010100105690000,엘에이치이스트힐,56198,10554.72,158526.19,118332.64,210.56,18.78,1444,15,20161101,1
7124,4131010100105730000,갈매1단지,39870,6675.22,114510.3,87678.1,219.91,16.74,1546,9,20160701,1
7126,4131010100105900000,한라비발디,55209,10599.96,158511.23,119286.76,216.06,19.2,1075,16,20160504,1
7145,4131010300106630001,인창1단지주공아파트,45797.3,10308.06,177437.51,94857.94,207.13,15.79,2044,26, ,2
7146,4131010300106640001,인창포레리움아파트,46956,7683.75,136170.43,110703.47,235.76,16.36,1229,13, ,1
7147,4131010300106660001,,,,,,,,,,,0
7148,4131010300106680001,인창6단지주공아파트,32089.7,5528.63,84657.14,74128.32,231,17.23,1018,11,19960617,1
7166,4131010400108080000,,,,,,,,,,,0
7207,4136010100107300000,두산 알프하임,155334.8,31083.1061,443448.4199,309355.3856,199.15,20.01,2894,53,20210128,1
7210,4136010100102980006,,,,,,,,,,,0
7215,4136010100106160000,호평마을 중흥에스-클래스,58001,10647.4348,158978.2582,127589.395,219.98,18.36,1054,18,20050217,1
7220,4136010100107240000,호평 파라곤,85483,18253.59,279286.13,186874.35,218.61,21.35,1275,26,20101231,1
7232,4136010200106670000,e편한세상 평내 메트로원,35800.7,8118.2791,137115.5861,97909.1073,273.48377,22.676313,1108,17,20220624,1
7233,4136010200106610000,평내호평역 대명루첸 포레스티움,37101.7,6215.614,129329.2383,85103.8164,229.38,16.75,1008,12,20200603,1
7248,4136010200105620000,평내와이즈힐,46253,6794.221,101539.238,88224.513,190.74,14.69,1058,13, ,1
7264,4136011100108060000,별가람마을1-2단지,30629.2,4924.7,68663.96,52389.48,171.04,16.08,1220,5,20190311,1
7267,4136011100110480000,미리내마을4-2단지,39149,5195.88,72594.75,56449.19,144.19,13.27,1058,8,20161219,1
7269,4136011100108710000,별내 푸르지오,61110.4,11620.7971,169879.417,118831.9155,194.45,19.02,1100,15,20151204,1
7270,4136011100108520000,별내아이파크2차,56536.5,10975.87,162538.86,118578.29,209.74,19.41,1083,10,20150729,1
7290,4136011100110490000,별빛마을3단지,41670.4,7319.92,91397.9,69601.28,167.03,17.57,1144,10,20131023,1
7291,4136011100110370000,미리내마을4-4단지,45694.1,8731.32,109590.69,86434.59,189.16,19.11,1331,11,20140109,1
7298,4136011200160840000,다산역자연앤푸르지오,46275,6876.7505,151432.0394,101775.7372,219.9368,14.8606,1272,8,20240222,1
7303,4136011200161100000,다산지금A5 경기행복주택,62762,9444.1755,167881.177,124673.0723,198.64,15.05,2078,10,20220407,1
7306,4136011200160760000,다산 메트로3단지,30897,5739.655,89211.906,67217.482,217.55,18.58,1257,7,20210831,1
7307,4136011200161630000,다산 푸르지오,61493,9715.3357,187159.0777,129006.3472,209.79,15.8,1614,12,20211027,1
7309,4136011200161070000,다산 센트럴파크,63852,7428.36,157877.06,114727.86,179.68,11.63,2075,7,20210728,1
7313,4136011200162130000,다산신안인스빌퍼스트포레,70066,10166.8338,202185.1325,143266.9238,204.47,14.51,1282,13,20200121,1
7315,4136011200161320000,다산자연앤e편한세상3차,51311,8666.7941,151506.8528,112800.1551,219.84,16.89,1394,12,20190726,1
7318,4136011200162350000,다산 펜테리움 리버테라스Ⅱ,74896.8,11631.6033,198015.5154,145626.3988,194.44,15.53,1304,16,20190612,1
7320,4136011200162340000,다산 한강 반도유보라,70635.3,8565.705,194587.6881,141186.0586,199.88,12.13,1261,13,20190321,1
7322,4136011200160920000,힐스테이트 다산,78444,9600.6445,189001.9188,141147.893,179.93,12.24,1283,14,20181228,1
7325,4136011200161330000,다산 이편한세상자이,78806,11224.72,234395.71,173094.6,219.65,14.24,1685,13,20180627,1
7327,4136011200160140000,다산 반도유보라 메이플타운,59694,8211.737,159452.7189,118781.7017,198.98,13.76,1085,13,20180314,1
7331,4136011200160290000,다산롯데캐슬,59358,9145.88,172070.48,130520.01,219.89,15.41,1186,11,20171222,1
7332,4136011200137200000,힐스테이트 황금산,46525.4,10334.41,175855.42,118035.04,253.7,22.21,1008,20,20170630,1
7336,4136011200106690000,휴먼시아,51808.9,8593.17,102812.33,85202.979,164.46,16.59,1417,17,20080905,1
7338,4136011200140020001,부영그린타운,299975,52197.923,1214012.133,884816.05,294.96,17.4,5877,62, ,1
7340,4136011200140020001,부영그린타운,299975,52197.923,1214012.133,884816.05,294.96,17.4,5877,62, ,1
7341,4136011200140020001,부영그린타운,299975,52197.923,1214012.133,884816.05,294.96,17.4,5877,62, ,1
7342,4136011200140020001,부영그린타운,299975,52197.923,1214012.133,884816.05,294.96,17.4,5877,62, ,1
7350,4136011200144320000,다산 리버펠리체,10338.2,2219.5976,55840.2143,40957.1043,396.17,21.47,382,5,20050601,1
