complex_id,name,lawd_cd,emd,band,zone,tier,price_now,n_leaders,consensus,consensus_gap,mispricing,mispricing_status,label,reason,leaders
557,광명12차,28237,삼산동,74,Z28237-부평동,6,130000000.0,1,THIN,0.6731182795698925,0.0,PROXY,FALSE_CHEAP,구조적 비중 100% · 과거 전달확률 0%,UPPER_GRADE:5856:74
5796,삼보아파트,41192,도당동,59,Z41192-도당동,5,118125000.0,2,THIN,0.5935845853800058,0.10026995465119012,PROXY,FALSE_CHEAP,Follower 무반응(Persistent Cheapness),GRADE:5826:59|UPPER_GRADE:2908:59
3930,래미안서초유니빌,11650,서초동,59,Z11650-서초동,2,689500000.0,3,OK,0.5711086775612003,0.08066849984453857,PROXY,FALSE_CHEAP,Follower 무반응(Persistent Cheapness),GRADE:3543:59|UPPER_GRADE:3888:59|BUYER_CHOICE:3763:84
3895,서초쌍용플래티넘,11650,서초동,59,Z11650-서초동,2,778000000.0,3,DISTORTED,0.4985778158295282,0.05999102941176471,PROXY,FALSE_CHEAP,Follower 무반응(Persistent Cheapness),GRADE:3543:59|UPPER_GRADE:3888:59|BUYER_CHOICE:3763:84
3895,서초쌍용플래티넘,11650,서초동,74,Z11650-서초동,2,1050000000.0,3,THIN,0.4739286739704175,0.0,PROXY,FALSE_CHEAP,구조적 비중 89% · 과거 전달확률 0% · Follower 무반응(Persistent Cheapness),LOCAL:3944:74|GRADE:3593:74|BUYER_CHOICE:1397:59
4182,도곡우성아파트,11680,도곡동,74,Z11680-역삼동,1,1395000000.0,1,THIN,0.46740667420814475,0.11685166855203619,PROXY,FALSE_CHEAP,Follower 무반응(Persistent Cheapness),LOCAL:4015:74
3775,방배아크로타워아파트,11650,방배동,59,Z11650-서초동,2,779000000.0,3,DISTORTED,0.46411905238950724,0.07425904838232116,PROXY,FALSE_CHEAP,Follower 무반응(Persistent Cheapness),GRADE:3543:59|UPPER_GRADE:3888:59|BUYER_CHOICE:3763:84
4528,고덕리엔파크1단지,11740,강일동,59,Z11740-강일동,3,600000000.0,2,THIN,0.4497370554198524,,NOT_CALCULATED,FALSE_CHEAP,Follower 무반응(Persistent Cheapness),GRADE:4498:59|BUYER_CHOICE:8099:59
3942,서초삼성쉐르빌2,11650,서초동,74,Z11650-서초동,2,965000000.0,4,OK,0.4364369587555139,0.0837272647952254,PROXY,FALSE_CHEAP,Follower 무반응(Persistent Cheapness),LOCAL:3944:74|GRADE:3593:74|UPPER_GRADE:3844:74|BUYER_CHOICE:1397:59
356,삼부아파트,28200,만수동,59,Z28200-만수동,7,95000000.0,1,THIN,0.42186531210502215,0.16015061910786904,PROXY,FALSE_CHEAP,Follower 무반응(Persistent Cheapness),GRADE:170:59
3418,당산디오빌,11560,당산동5가,59,Z11560-당산동4가,2,770000000.0,4,OK,0.42169800073522046,0.039509326742756604,PROXY,FALSE_CHEAP,Follower 무반응(Persistent Cheapness),LOCAL:2663:59|GRADE:2623:59|UPPER_GRADE:1282:59|BUYER_CHOICE:2723:59
3879,라인아파트,11650,반포동,84,Z11650-잠원동,1,1400000000.0,3,STRONG,0.4184754837706338,,NOT_CALCULATED,FALSE_CHEAP,Follower 무반응(Persistent Cheapness),LOCAL:3888:84|GRADE:1280:84|BUYER_CHOICE:3632:59
624,미도아파트,28245,효성동,74,Z28245-작전동,7,120000000.0,2,THIN,0.39787907071788103,0.026859758508889768,PROXY,FALSE_CHEAP,Follower 무반응(Persistent Cheapness),LOCAL:679:74|GRADE:527:74
3952,서초한빛삼성,11650,서초동,59,Z11650-서초동,2,1330000000.0,3,STRONG,0.38611015777400387,0.1043581550430675,PROXY,FALSE_CHEAP,Follower 무반응(Persistent Cheapness),GRADE:3543:59|UPPER_GRADE:3888:59|BUYER_CHOICE:3632:59
2894,신월대주파크빌,11470,신월동,59,Z11470-신월동,4,515000000.0,2,THIN,0.3758435770818617,0.11839072678078644,PROXY,FALSE_CHEAP,Follower 무반응(Persistent Cheapness),LOCAL:2908:59|UPPER_GRADE:3006:59
6808,행신윤창,41281,행신동,59,Z41281-행신동,5,148000000.0,2,THIN,0.3729489448528946,0.08125227469292565,PROXY,FALSE_CHEAP,Follower 무반응(Persistent Cheapness),GRADE:5826:59|UPPER_GRADE:3090:59
3788,방배서리풀e편한세상,11650,방배동,84,Z11650-서초동,2,2810000000.0,3,THIN,0.3644994050410826,0.119418790176101,PROXY,FALSE_CHEAP,Follower 무반응(Persistent Cheapness),GRADE:3588:84|UPPER_GRADE:3888:84|BUYER_CHOICE:3891:84
4100,논현 e편한세상,11680,논현동,84,Z11680-논현동,2,1465000000.0,2,THIN,0.3615865011448116,0.04922172845553743,PROXY,FALSE_CHEAP,Follower 무반응(Persistent Cheapness),UPPER_GRADE:3888:84|BUYER_CHOICE:1503:74
5253,코오롱더프라우,41135,금곡동,84,Z41135-정자동,2,1220000000.0,3,OK,0.3590813075347154,0.0,PROXY,FALSE_CHEAP,구조적 비중 77% · 과거 전달확률 0%,LOCAL:5236:84|GRADE:5154:84|BUYER_CHOICE:5252:59
2824,길성그랑프리텔아파트,11470,목동,74,Z11470-목동,3,727000000.0,3,STRONG,0.35196426455445023,0.11750833296310577,PROXY,FALSE_CHEAP,Follower 무반응(Persistent Cheapness),GRADE:3358:74|UPPER_GRADE:2651:74|BUYER_CHOICE:2767:59
3650,신대방벽산아파트,11590,신대방동,74,Z11560-신길동,3,790000000.0,3,OK,0.35040481753603825,0.029153896660729983,PROXY,FALSE_CHEAP,Follower 무반응(Persistent Cheapness),LOCAL:3358:74|GRADE:2549:74|UPPER_GRADE:3593:74
1332,마장세림,11200,마장동,74,Z11200-행당동,2,920000000.0,4,OK,0.3464002162027926,0.030544698575597846,PROXY,FALSE_CHEAP,Follower 무반응(Persistent Cheapness),LOCAL:1357:74|GRADE:2651:74|UPPER_GRADE:3844:74|BUYER_CHOICE:1326:84
4177,도곡삼성,11680,도곡동,74,Z11680-역삼동,1,2400000000.0,1,THIN,0.3398822744727282,0.03823675587818192,PROXY,FALSE_CHEAP,Follower 무반응(Persistent Cheapness),LOCAL:4015:74
9391,신양고층아파트,41591,향남읍,59,Z41591-향남읍,6,90000000.0,1,THIN,0.330265467741471,0.0,PROXY,FALSE_CHEAP,구조적 비중 100% · 과거 전달확률 0% · Follower 무반응(Persistent Cheapness),UPPER_GRADE:9582:59
557,광명12차,28237,삼산동,59,Z28237-부평동,6,142000000.0,1,THIN,0.32589333547626703,0.03245082888004928,PROXY,FALSE_CHEAP,구조적 비중 80%,UPPER_GRADE:5826:59
3531,대림신동아,11560,대림동,59,Z11560-신길동,3,502500000.0,4,OK,0.3159880857722178,0.02262809807810116,PROXY,FALSE_CHEAP,Follower 무반응(Persistent Cheapness),LOCAL:3489:59|GRADE:2767:59|UPPER_GRADE:2663:59|BUYER_CHOICE:3739:59
1235,원효로강변삼성스위트,11170,원효로4가,59,Z11590-상도동,2,1173250000.0,3,OK,0.3152608224312045,0.08275596588819119,PROXY,FALSE_CHEAP,Follower 무반응(Persistent Cheapness),LOCAL:3543:59|GRADE:2623:59|UPPER_GRADE:1282:59
4769,매교문화맨션,41115,매교동,74,Z41115-매교동,3,347500000.0,3,DISTORTED,0.31220096758595656,0.04114770736700484,PROXY,FALSE_CHEAP,구조적 비중 74% · Follower 무반응(Persistent Cheapness),GRADE:3358:74|UPPER_GRADE:5228:74|BUYER_CHOICE:4629:84
9527,병점효성해링턴플레이스,41595,병점동,84,Z41595-병점동,6,482500000.0,1,THIN,0.3076171893775304,0.0,PROXY,FALSE_CHEAP,구조적 비중 100%,UPPER_GRADE:9604:84
3816,서초네이처힐6단지,11650,우면동,59,Z11650-서초동,2,1600000000.0,2,THIN,0.30735595782097114,0.060685858407515,PROXY,FALSE_CHEAP,Follower 무반응(Persistent Cheapness),GRADE:3543:59|UPPER_GRADE:3888:59
4320,신동아타워아파트,11710,방이동,84,Z11215-자양동,2,920000000.0,3,STRONG,0.3069109039194368,0.03484477464947323,PROXY,FALSE_CHEAP,Follower 무반응(Persistent Cheapness),LOCAL:1479:84|UPPER_GRADE:4207:84|BUYER_CHOICE:4490:59
3075,수산오성,11500,내발산동,74,Z11470-목동,3,725000000.0,2,THIN,0.3055486640317135,0.09789286053807399,PROXY,FALSE_CHEAP,Follower 무반응(Persistent Cheapness),GRADE:3358:74|UPPER_GRADE:2651:74
7352,세양아르비채리버,41360,와부읍,59,Z41360-와부읍,5,298000000.0,3,OK,0.30436903351682804,0.03133098738763849,PROXY,FALSE_CHEAP,구조적 비중 76% · 과거 전달확률 25%,LOCAL:7361:59|GRADE:5619:59|UPPER_GRADE:8099:59
2885,삼익1차플라주아파트,11470,신월동,74,Z11470-신월동,4,600000000.0,3,DISTORTED,0.301321343662564,0.09491622325370766,PROXY,FALSE_CHEAP,Follower 무반응(Persistent Cheapness),GRADE:3182:74|UPPER_GRADE:3358:74|BUYER_CHOICE:2908:59
4103,강남파라곤,11680,논현동,84,Z11680-논현동,2,1550000000.0,2,THIN,0.29927946415887674,,NOT_CALCULATED,FALSE_CHEAP,Follower 무반응(Persistent Cheapness),UPPER_GRADE:3888:84|BUYER_CHOICE:1503:74
6466,동양아파트,41250,생연동,59,Z41250-생연동,8,48500000.0,3,OK,0.29744084983099944,0.0,PROXY,FALSE_CHEAP,구조적 비중 91%,LOCAL:6479:59|GRADE:6463:59|UPPER_GRADE:10005:59
5694,한일미래아파트,41173,평촌동,84,Z41173-호계동,4,530000000.0,2,THIN,0.2966033278271284,0.09505126535283923,PROXY,FALSE_CHEAP,Follower 무반응(Persistent Cheapness),LOCAL:8080:84|UPPER_GRADE:3763:84
623,중앙아파트,28245,효성동,59,Z28245-작전동,7,122500000.0,2,THIN,0.29641088485300904,0.08770750837922378,PROXY,FALSE_CHEAP,Follower 무반응(Persistent Cheapness),LOCAL:731:59|GRADE:945:59
3512,신길자이,11560,신길동,84,Z11560-신길동,3,1080000000.0,2,THIN,0.28884083820620665,0.04251885382896914,PROXY,FALSE_CHEAP,Follower 무반응(Persistent Cheapness),GRADE:2764:84|BUYER_CHOICE:3405:74
7631,고현아이파크,41370,고현동,84,Z41370-고현동,6,326500000.0,2,THIN,0.2849167930748498,0.03173329876995893,PROXY,FALSE_CHEAP,구조적 비중 78%,UPPER_GRADE:9604:84|BUYER_CHOICE:7563:84
2653,마포동원베네스트,11440,도화동,84,Z11440-공덕동,2,1200000000.0,3,OK,0.2796900156075369,0.055980861244019145,PROXY,FALSE_CHEAP,Follower 무반응(Persistent Cheapness),GRADE:1169:84|UPPER_GRADE:1280:84|BUYER_CHOICE:2526:59
334,간석 이삭 아파트,28200,간석동,59,Z28177-주안동,6,192000000.0,2,THIN,0.2783075522766204,0.04236696749452727,PROXY,FALSE_CHEAP,Follower 무반응(Persistent Cheapness),UPPER_GRADE:929:59|BUYER_CHOICE:384:59
2579,홍은동원베네스트,11410,홍은동,59,Z11410-홍제동,3,583000000.0,1,THIN,0.27659334461364915,0.0968076706147772,PROXY,FALSE_CHEAP,Follower 무반응(Persistent Cheapness),UPPER_GRADE:2526:59
4656,희성연인 아파트,41113,서둔동,74,Z41113-서둔동,4,312500000.0,2,THIN,0.272975740409209,0.004142287308550747,PROXY,FALSE_CHEAP,구조적 비중 89% · Follower 무반응(Persistent Cheapness),UPPER_GRADE:3358:74|BUYER_CHOICE:4630:84
5659,비산화성파크드림,41173,비산동,84,Z41173-호계동,4,520000000.0,2,THIN,0.2714766952035913,0.0568577035048293,PROXY,FALSE_CHEAP,구조적 비중 66%,LOCAL:8080:84|UPPER_GRADE:3763:84
4505,천호삼익,11740,천호동,84,Z11740-천호동,3,919250000.0,1,THIN,0.2710167479281212,0.019604335232315556,PROXY,FALSE_CHEAP,Follower 무반응(Persistent Cheapness),BUYER_CHOICE:4490:59
3774,삼호한숲아파트,11650,방배동,59,Z11650-서초동,2,1430000000.0,3,STRONG,0.27047289504036914,0.07149500593770293,PROXY,FALSE_CHEAP,Follower 무반응(Persistent Cheapness),GRADE:3543:59|UPPER_GRADE:3888:59|BUYER_CHOICE:3632:59
5696,평촌영풍,41173,평촌동,59,Z41173-호계동,4,298000000.0,1,THIN,0.2702286986439992,0.0,PROXY,FALSE_CHEAP,구조적 비중 64% · 과거 전달확률 0% · Follower 무반응(Persistent Cheapness),GRADE:7966:59
4585,스타힐스3단지,41111,율전동,84,Z41111-정자동,5,410000000.0,2,THIN,0.26486880648530275,0.036483151111785225,PROXY,FALSE_CHEAP,Follower 무반응(Persistent Cheapness),UPPER_GRADE:4895:84|BUYER_CHOICE:4756:84
4354,쌍용스윗닷홈거여역1차아파트,11710,거여동,84,Z11710-가락동,2,1100000000.0,2,THIN,0.2647660179347913,0.03841086400745264,PROXY,FALSE_CHEAP,Follower 무반응(Persistent Cheapness),GRADE:4168:84|UPPER_GRADE:4207:84
