complex_id,complex_name,lawd_cd,sigun,zone_name,biz_type,biz_step,addr,lat,lon,match_meters,match_by,existing_far,planned_far,existing_households,정비구역지정,추진위,안전진단,조합설립,사업시행인가,관리처분,착공,준공
6729,관산주공그린빌,41281,고양시,관산Ⅱ-1구역,재건축,예정구역,경기도 고양시 덕양구 관산동 178-57번지 일원,37.68832754574743,126.86757613981428,387.3,이름,230%,230%,435,,,20240415,,,,,
6768,행신동문,41281,고양시,행신Ⅰ-1구역,재개발,조합설립,경기도 고양시 덕양구 행신동 222번지 일원,37.62354791618803,126.84529720372296,61.8,이름,200%,230%,662,20221227,20230406,,20240415,,,,
6975,일산동문(3),41287,고양시,일산Ⅰ-2구역,재개발,조합설립,경기도 고양시 일산동 960-16번지 일원,37.68662677737291,126.76518289954366,156.7,이름,150%,230%,94,20150410,20100201,,20190115,,,,
6768,행신동문,41281,고양시,행신 Ⅱ-1구역,재건축,관리처분,경기도 고양시 행신동 173-1번지일원(행신지구 재건축 주변),37.6204758205059,126.84451215583535,348.6,이름,104%,230%,267,20100309,,,20010921,20220503,20240223,,
7110,과천주공10단지,41290,과천시,주공10단지구역,재건축,조합설립,경기도 과천시 중앙동 67번지 일원,37.43415022166788,126.9946102505703,115.0,이름+세대수,82%,180%,632,20161121,20210810,20141229,,,,,
6081,철산주공13단지,41210,광명시,"철산주공8,9단지",재건축,준공,경기도 광명시 철산동 235,37.4825743248951,126.86984652809778,223.6,이름,77%,280%,2064,20110524,20140326,20100125,,20181228,20200715,20211230,20250530
6065,철산 자이브리에르,41210,광명시,"철산주공10,11단지",재건축,착공,경기도 광명시 철산동 105,37.48577378750555,126.86885566227741,191.8,이름,85%,267%,1080,20110524,20131025,20100302,,20190613,20210126,20220916,
9297,서암주공,41570,김포시,서암,주거환경개선,준공,경기도 김포시 통진읍 서암리 758-22,37.69299760068576,126.59954309989477,261.2,이름,200%,200%,126,20151114,,,,,,20160504,20190619
7513,퇴계원4단지,41360,남양주시,퇴계원4,재개발,정비구역,경기도 남양주시 퇴계원읍 퇴계원리 82-13일원,37.65650199672944,127.14314146654215,321.6,이름,36.10%,250%,166,20231231,,,,,,,
5958,괴안동삼익3차아파트,41194,부천시,괴안 3-2(역곡조공2차아파트),재건축,예정구역,경기도 부천시 괴안동 33,37.477355043254185,126.80427303071733,129.2,이름,,219%,320,,,20240320,,,,,
5958,괴안동삼익3차아파트,41194,부천시,괴안 3-1(역곡조공1차아파트),재건축,예정구역,경기도 부천시 괴안동 36,37.47932804822793,126.80416024576681,120.7,이름,,230%,224,,,20240228,,,,,
5930,부천한신,41194,부천시,소사본 3-2(부천한신아파트),재건축,예정구역,경기도 부천시 소사본동 277-12,37.4741674476798,126.80047648779515,66.8,이름+세대수,,230%,916,,,20240319,,,,,
6034,원종주공,41196,부천시,원종 3-1(원종주공아파트),재건축,예정구역,경기도 부천시 원종동 129-19,37.52868142936193,126.80166731071662,98.4,이름+세대수,,230%,490,,,20241217,,,,,
5965,염광아파트,41194,부천시,괴안3-4(염광아파트),재건축,예정구역,경기도 부천시 괴안동 164-6,37.47601168358224,126.80486677138624,58.8,이름+세대수,,230%,382,,,20240228,,,,,
6024,원종동 해주아파트 1차,41196,부천시,원종 3-2(동문1차아파트),재건축,예정구역,경기도 부천시 원종동 70-1,37.53051712763437,126.80411744655188,203.7,이름,,230%,280,,,20240320,,,,,
5958,괴안동삼익3차아파트,41194,부천시,괴안 3-3(삼익3차 아파트),재건축,예정구역,경기도 부천시 괴안동 204-1,37.4770204033271,126.80255576612898,172.5,이름+세대수,,230%,682,,,20240715,,,,,
5955,괴안동 아주아파트,41194,부천시,괴안 3-6(괴안대진아파트),재건축,정비구역,경기도 부천시 괴안동 171-6,37.48027477051234,126.80665125175096,204.8,이름,,230%,290,,,20220315,,,,,
5948,거산아파트,41194,부천시,괴안 3-7(거산아파트),재건축,정비구역,경기도 부천시 괴안동 171-8,37.48061240408003,126.80752308885215,78.8,이름+세대수,,230%,260,,,20240715,,,,,
5818,역곡일두,41192,부천시,역곡1-2,재건축,추진위원회,경기도 부천시 역곡동 75-3,37.48619022214112,126.80953387356502,77.4,세대수,129%,250%,315,,,20110512,,,,,
6025,미성아파트,41196,부천시,성곡2-1,재건축,사업시행,경기도 부천시 원종동 352,37.51708412038104,126.8074022868766,78.9,세대수,200%,230%,296,,20230824,20151213,,,,,
5064,상대원삼익,41133,성남시,삼익상대원아파트,재건축,예정구역,경기도 성남시 중원구 상대원동 152-3,37.437534450704696,127.16798116682901,54.5,세대수,,250%,264,,,20250404,,,,,
5061,은행주공,41133,성남시,은행주공아파트,재건축,사업시행,경기도 성남시 중원구 은행동 550,37.45941473831108,127.17050479944905,140.4,이름,114%,250%,2111,20170811,20171101,20160126,20220729,,,,
5009,미도,41131,성남시,미도아파트,재건축,예정구역,경기도 성남시 수정구 단대동 182,37.44686372972835,127.15590257512522,23.9,이름+세대수,203%,250%,280,,,20240902,,,,,
5043,성남동어울림아파트,41133,성남시,성남동현대아파트,재건축,예정구역,경기도 성남시 중원구 성남동 3120,37.429166377501694,127.14085889387678,341.9,이름,,250%,375,,,20240902,,,,,
4813,우만주공2단지,41115,수원시,"우만1(우만주공1,2단지)",재건축,예정구역,경기도 수원시 영통구 원천동 38,37.27870395644778,127.04531520112643,343.4,이름,123%,,1484,,,20230802,,,,,
4865,아주아파트,41117,수원시,원천1(아주아파트),재건축,예정구역,경기도 수원시 영통구 원천동 37,37.27838373464215,127.04569331384259,373.1,이름+세대수,172%,,230,,,20200703,,,,,
4875,원천주공,41117,수원시,영통 3구역(원천 주공),재건축,예정구역,경기도 수원시 영통구 원천동 35,37.27701233830641,127.04669072059842,86.0,이름+세대수,172%,250%,1320,,,20230802,,,,,
7663,삼보아파트,41390,시흥시,대야동 삼보,재건축,예정구역,경기도 시흥시 대야동 275,37.448213964688335,126.79634169770452,106.7,이름+세대수,280%,300%,335,,,20211123,,,,,
7691,은행동풍림,41390,시흥시,은행동 산호,재개발,정비구역,경기도 시흥시 은행동 243-1,37.436001532227124,126.79718493086716,334.1,이름,230%,250%,370,20241226,,,,,,,
7644,e편한세상 시흥 더블스퀘어 아파트,41390,시흥시,대야3,재건축,착공,경기도 시흥시 대야동 284,37.44934902545229,126.79363989502022,53.9,세대수,180%,299%,1025,20161230,20180403,20130725,,20200929,20211105,20230810,
6526,성포주공4단지,41271,안산시,주공4단지,재건축,예정구역,경기도 안산시 성포동 588,37.31942434106835,126.84367515389924,87.2,세대수,181%,,780,,,20231226,,,,,
6527,성포주공10단지,41271,안산시,성포주공3단지,재건축,청산,경기도 안산시 상록구 성포동 587,37.320103089576946,126.84682358346572,152.1,이름,81%,259%,700,20131016,20131129,20050526,,,20150331,20151028,20180921
6623,군자주공11단지,41273,안산시,군자주공5단지,재건축,청산,경기도 안산시 단원구 초지동 603,37.328122780599635,126.80674653524181,375.2,이름,88%,240%,400,20110822,20110823,20050502,,,20120607,20151028,20180530
6525,성포현대1차,41271,안산시,현대1차아파트,재건축,조합설립,경기도 안산시 성포동 592-2,37.32459866240217,126.84503016155675,47.1,세대수,124%,,570,,,20230127,,,,,
6625,"군자주공9,10단지",41273,안산시,군자주공9,재건축,조합설립,경기도 안산시 선부동 967,37.335619616895194,126.80577332270025,4.1,이름,100%,,540,,,20230127,,,,,
6558,고잔주공6단지,41273,안산시,주공6단지,재건축,조합설립,경기도 안산시 고잔동 676-2,37.32581525886648,126.83628140106379,104.7,세대수,87%,260%,590,,,20140220,,,,,
6625,"군자주공9,10단지",41273,안산시,군자주공10,재건축,추진위원회,경기도 안산시 선부동 1083,37.337722756291214,126.80898542217707,364.8,이름,100%,,790,20241218,,20230127,,,,,
6521,안산월드1단지,41271,안산시,월드아파트,재건축,추진위원회,경기도 안산시 본오동 872,37.299731874126294,126.86514430185011,29.9,세대수,128%,,1070,20241218,,20230127,,,,,
6625,"군자주공9,10단지",41273,안산시,군자주공7단지,재건축,준공,경기도 안산시 단원구 선부동 961,37.334010070031496,126.80620582157124,182.0,이름,77%,264%,480,20161014,20151027,20050502,,,20161013,20180124,20200925
9060,금산주공,41550,안성시,금산주공 아파트,재건축,예정구역,경기도 안성시 금산동 100번지 일원,37.01317085862945,127.26704645067443,86.4,이름,83%,250%,,,,20230609,,,,,
9077,옥산주공,41550,안성시,옥산주공 아파트,재건축,예정구역,경기도 안성시 옥산동 10번지 일원,37.012398779182526,127.25239446185745,65.9,이름,96%,250%,,,,20230619,,,,,
5566,뉴골든아파트,41171,안양시,뉴골든아파트,재건축,추진위원회,경기도 안양시 안양동 1024-1,37.390234285394264,126.91047190854445,96.9,이름,157%,,231,,20250924,,,,,,
5639,박달우성,41171,안양시,박달우성아파트,재건축,추진위원회,경기도 안양시 박달동 85,37.40096281844916,126.90779456286046,73.8,이름+세대수,236%,,1020,,20251015,,,,,,
5758,호계럭키,41173,안양시,호계럭키아파트,재건축,예정구역,경기도 안양시 동안구 호계동 570,37.376110230466466,126.95147327024696,35.4,이름+세대수,210.90%,250%,794,,,20240322,,,,,
5646,박달신안,41171,안양시,박달신안아파트,재건축,추진위원회,경기도 안양시 박달동 152,37.40098652236965,126.89974478677982,60.6,이름,201%,,385,,20250630,,,,,,
5616,럭키석수,41171,안양시,석수럭키아파트,재건축,정비구역,경기도 안양시 만안구 석수동 296,37.40937759454323,126.90786438527175,64.4,세대수,235.70%,280%,735,20250312,20250502,20210917,,,,,
5604,진흥5차아파트,41171,안양시,진흥5차아파트,재건축,정비구역,경기도 안양시 만안구 안양동 908-4,37.40063905606146,126.91145958929513,70.0,이름+세대수,183.50%,250%,432,20250124,20250818,20210830,,,,,
5596,안양벽산,41171,안양시,벽산아파트,재건축,정비구역,경기도 안양시 만안구 안양동 627-72,37.39639314394855,126.92220150680635,81.1,세대수,228.70%,270%/800%,275,20250213,,20210831,,,,,
5685,관양현대,41173,안양시,현대아파트,재건축,조합설립,경기도 안양시 동안구 관양동 1396,37.40775008748175,126.95812360257703,39.8,세대수,186%,300%,904,20250404,,20180820,,,,,
5665,미륭아파트,41173,안양시,미륭아파트,재건축,관리처분,경기도 안양시 동안구 비산동 406,37.39846262133673,126.9431100804426,179.1,이름+세대수,255%,300%,576,20201216,20210527,20010221,,,20221027,,
5641,박달1차한신휴플러스,41171,안양시,박달1동 연합지구,재건축,준공,경기도 안양시 만안구 박달동 37,37.405013107270705,126.9060788672696,97.6,이름,128%,262%,313,,20060424,19991101,,,20061027,20070921,20091202
5641,박달1차한신휴플러스,41171,안양시,박달1동 연합지구,재건축,준공,경기도 안양시 만안구 박달동 37,37.405013107270705,126.9060788672696,97.6,이름,128%,262%,313,,20060424,19991101,,,20061027,20070921,20091202
8261,마평우성,41461,용인시,마평1,주거환경개선,준공,경기도 용인시 처인구 마평동 732,37.23646331837924,127.21092185386844,365.5,세대수,230%,230%,352,20190201,20171227,,,,,20190712,20220317
8338,구갈한양,41463,용인시,기흥7,재건축,예정구역,경기도 용인시 기흥구 구갈동 396,37.27892338432154,127.11250332617247,106.2,세대수,250%,290%,624,,,20240426,,,,,
8220,역북신원아침도시아파트,41461,용인시,김량주공아파트(용인1구역),재건축,준공,경기도 용인시 처인구 김량장동 526,37.23643363548176,127.1968563061276,241.4,세대수,90%,220%,450,20060506,20060711,20021127,,,20061023,20070626,20091124
8340,구갈풍림저층,41463,용인시,기흥3,재건축,예정구역,경기도 용인시 기흥구 구갈동 385,37.2769215650918,127.11273759526318,55.8,세대수,250%,290%,205,,,20250228,,,,,
8315,드림랜드,41463,용인시,기흥4,재건축,예정구역,경기도 용인시 기흥구 신갈동 116-2,37.280140633869024,127.10993724554966,12.1,세대수,240%,290%,299,,,20230331,,,,,
8333,기흥동부아파트,41463,용인시,기흥5,재건축,예정구역,경기도 용인시 기흥구 구갈동 384-1,37.276589846189026,127.11495539682466,55.0,세대수,250%,290%,200,,,20240223,,,,,
8337,구갈한성1차,41463,용인시,기흥1,재건축,추진위원회,경기도 용인시 기흥구 구갈동 380,37.27891828485077,127.1147583551236,93.5,세대수,290%,290%,570,20250124,20250411,20211219,,,,,
8336,구갈한성2차,41463,용인시,기흥2,재건축,추진위원회,경기도 용인시 기흥구 구갈동 385-1,37.27623494149819,127.1131879534563,18.2,세대수,250%,290%,384,20250124,20250404,20220123,,,,,
8545,수지4차삼성,41465,용인시,수지1,재건축,추진위원회,경기도 용인시 수지구 풍덕천동 663-1,37.330821885796176,127.09395402250995,109.4,세대수,250%,290%,1137,20250402,20250718,20220421,,,,,
8544,수지2차삼성,41465,용인시,수지3,재건축,추진위원회,경기도 용인시 수지구 풍덕천동 692-1,37.32718457883385,127.0913746347143,10.0,세대수,250%,290%,420,20250124,20250422,20220610,,,,,
8544,수지2차삼성,41465,용인시,수지2,재건축,조합설립,경기도 용인시 수지구 풍덕천동 698-2,37.32486952392418,127.09311064561328,298.2,이름,250%,290%,774,20250124,20250917,20220421,,,,,
8080,인덕원삼호,41430,의왕시,인덕원삼호아파트,재건축,예정구역,경기도 의왕시 포일동 441-2번지 일원,37.397013698274264,126.98100858886788,43.1,이름+세대수,247.10%,270%,684,,,20240320,,,,,
5428,신곡신일1차,41150,의정부시,장암3구역,재개발,착공,경기도 의정부시 신곡동 435-3번지 일원,37.73519670576913,127.0598610496204,276.1,세대수,100~200%,300%,460,20100412,20080617,,20111027,20181227,20210527,20231024,
6150,서정주공3단지,41220,평택시,서정주공1,재건축,준공,경기도 평택시 서정동 241,37.06045298821206,127.0587375046209,64.1,이름,80%,230%,582,,20030623,20030612,,20060321,20061027,20070806,20100129
6146,세경아파트,41220,평택시,서정연립,재건축,준공,경기도 평택시 서정동 780,37.06968503298819,127.06071396999744,148.1,세대수,50%,228%,420,20150203,20130502,20100916,,20180703,20200207,20210917,20240902
6232,합정주공4단지,41220,평택시,합정주공,재건축,착공,경기도 평택시 합정동 835,36.99005172913911,127.09637502067346,369.3,이름,104%,299%,1374,20201203,20180321,20160817,,20210629,20220506,20240624,
