no,gu,biz_type,stage_now,zone,jibun,ara_id,location,households,정비구역지정,추진위,조합설립,사업시행인가,관리처분,착공,준공
148,서해구,주거환경개선,준공,가재울숲문화마을(현지개량),가좌동 310번지 일원,BARA_0000000000495,가좌동 310번지 일원,0,20240122,,,20240219,,20240404,20251201
147,서해구,주택재개발,정비구역지정,가정동520-25번지일원 / 정비구역후보지(23년 2차),가정동 520-25번지 일원,BARA_0000000000473,가정동 520-25번지 일원,1,,,,,,,
146,서해구,주거환경개선,준공,가좌3구역(현지개량),원적로 47번길 일원,BARA_0000000000493,원적로 47번길 일원,0,20210712,,,20221212,,20220607,20240102
145,서해구,주택재개발,추진위승인,가좌동350-10번지일원 / 정비구역후보지(23년 2차),가좌동 350-10번지 일원,BARA_0000000000474,가좌동 350-10번지 일원,1,,20260526,,,,,
144,서해구,주택재건축,조합설립인가,가좌진주1차아파트 주택재건축,가좌동 30-2번지,BARA_0000000000194,가좌동 30-2,727,20110816,20090514,20111201,,,,
143,남동구,주거환경개선,준공,간석3동(현지개량),간석동 37번지 일원,BARA_0000000000489,간석동 37번지 일원,0,20221107,,,20221212,,20221226,20231029
142,남동구,주택재개발,정비구역지정,간석동37 / 정비구역후보지(23년 2차),간석동 37번지 일원,BARA_0000000000448,간석동 37번지 일원,1,,,,,,,
141,남동구,주택재개발,착공,간석성락아파트구역,간석1동 514번지 일원,BARA_0000000000086,"간석동 514번지 일원(20,637.1)",469,20070919,,20090717,20110722,20210210,20220415,
140,부평구,주택재개발,관리처분,갈산1구역,갈산동 112-39번지 일원,BARA_0000000000099,"갈산동 112-93번지 일원(50,005)",1137,20090708,20091123,20101026,20200615,20220826,,
139,부평구,주택재개발,추진위승인,갈산동 64-12번지 일원,갈산동 64-12번지 일원,BARA_0000000000547,,,,,,,,,
138,제물포구,주택재개발,조합설립인가,경동구역,경동 96-1번지 일원,BARA_0000000000009,경동 96-1번지 일원,999,20111116,20060823,20100524,20260629,,,
137,제물포구,주택재개발,조합설립인가,경동율목구역,경동 40번지 및 율목동 10번지 일원,BARA_0000000000002,경동 40번지 및 율목동 10번지 일원,579,20090323,20061227,20090623,,,,
136,계양구,주택재건축,정비구역지정,계산극동아파트,계산동 899번지 일원,BARA_0000000000543,,,,,,,,,
135,계양구,주택재개발,정비구역지정,계산역남측 / 정비구역후보지(23년 1차),계산동 951-6번지 일원,BARA_0000000000466,계산동 951-6번지 일원,1,,,,,,,
134,계양구,주택재개발,정비구역지정,계산역북측 / 정비구역후보지(23년 2차),계산동 925-19번지 일원,BARA_0000000000468,계산동 925-19번지 일원,1,,,,,,,
133,계양구,주택재개발,정비구역지정,계산역임학역일원 / 정비구역후보지(23년 2차),임학동 47번지 일원,BARA_0000000000469,임학동 47번지 일원,1,,20260716,,,,,
132,계양구,주택재개발,준공,계양1구역,작전동 765번지 일원,BARA_0000000000144,작전동 765번지 일원,1,20090112,20061115,20090330,20101022,20181015,20210316,20251216
131,강화군,주거환경개선,정비구역지정,관청1리(현지개량),관청리 46-3번지 일원,BARA_0000000000516,,,,,,,,,
130,강화군,주거환경개선,정비구역지정,관청3리(현지개량),관청리 198-2번지 일원,BARA_0000000000558,,,,,,,,,
129,제물포구,주택재개발,정비구역지정,광성고주변(도원) / 정비구역후보지(23년 1차),도원동 18-1번지 일원,BARA_0000000000435,도원동 18-1번지 일원,1,,,,,,,
128,제물포구,주거환경개선,정비구역지정,괭이부리마을,만석동 9-40번지 일원,BARA_0000000000548,,,,,,,,,
127,남동구,주거환경개선,정비구역지정,구월2(용천)(현지개량),구월동 1243-17,BARA_0000000000551,,,,,,,,,
126,남동구,주택재개발,정비구역지정,구월349 / 정비구역후보지(23년 1차),구월4동 349 일원,BARA_0000000000446,구월4동 349 일원,1,,,,,,,
125,남동구,주택재개발,정비구역지정,구월3동 / 정비구역후보지(23년 2차),구월동 1160번지 일원,BARA_0000000000449,구월동 1160번지 일원,1,,,,,,,
124,남동구,주거환경개선,정비구역지정,구월3동(현지개량),구월동 1350번지 일원,BARA_0000000000524,,,,,,,,,
123,남동구,주택재개발,추진위승인,구월3동A,구월동 1160번지 일원,BARA_0000000000562,,,,,,,,,
122,남동구,주택재개발,정비구역지정,구월4동 / 정비구역후보지(23년 2차),구월동 1300-8번지 일원,BARA_0000000000450,구월동 1300-8번지 일원,1,,,,,,,
121,남동구,주택재개발,정비구역지정,구월초 / 정비구역후보지(23년 2차),구월동 1202번지 일원,BARA_0000000000451,구월동 1202번지 일원,1,,,,,,,
120,제물포구,주택재개발,관리처분,금송구역,송림동 80-34 및 창영동 116-1번지 일원,BARA_0000000000018,"송림동 80-34번지 일원(114,084.6)",3965,20080506,20041111,20080904,20180516,20210312,,
119,미추홀구,주택재개발,정비구역지정,기계공고남측 / 정비구역후보지(23년 2차),주안동 690-18번지 일원,BARA_0000000000440,주안동 690-18번지 일원,1,,,,,,,
118,미추홀구,주택재건축,사업시행인가,남광로얄아파트구역,주안동 1458번지 일원,BARA_0000000000048,"주안동 1458,1143,1445,1459(30,500)",654,20111219,20090605,20190604,20220816,,,
117,남동구,주거환경개선,준공,남촌동(현지개량),남촌로 93번길 일원,BARA_0000000000490,남촌로 93번길 일원,0,20221205,,,20221212,,20230510,20250925
116,미추홀구,주거환경개선,준공,누나동네(현지개량),도화동 886 일원,BARA_0000000000485,도화동 886 일원,0,20220613,,,20220725,,20220907,20231229
115,제물포구,주거환경개선,준공,대헌학교뒤구역,송림동 37-10번지 일원,BARA_0000000000015,송림동 37-10번지 일원,1,20080901,,,20131223,,20180205,20250313
114,미추홀구,주택재개발,관리처분,도화1구역,도화동 372-18번지 일원,BARA_0000000000032,"도화동372-18일원(81,858.3)",2331,20091221,20070905,20100709,20181105,20220328,,
113,미추홀구,주택재개발,착공,도화4구역,도화동 53-28번지 일원,BARA_0000000000033,"도화동53-28일원(36,066.6)",703,20081124,20060825,20090612,20210510,20220613,20250327,
112,미추홀구,주택재개발,정비구역지정,도화역남측 / 정비구역후보지(23년 1차),도화동 557-1번지 일원,BARA_0000000000438,도화동 557-1번지 일원,1,,,,,,,
111,미추홀구,주택재개발,정비구역지정,도화역북측 / 정비구역후보지(23년 2차),도화동 127-1번지 일원,BARA_0000000000441,도화동 127-1번지 일원,1,,,,,,,
110,남동구,주택재개발,정비구역지정,동부초 / 정비구역후보지(23년 2차),만수동 111-5번지 일원,BARA_0000000000452,만수동 111-5번지 일원,1,,,,,,,
109,부평구,주택재개발,정비구역지정,동소정사거리북동측 / 정비구역후보지(23년 2차),부평동 614번지 일원,BARA_0000000000458,부평동 614번지 일원,1,,20260708,,,,,
108,부평구,주택재개발,정비구역지정,동수초북측 / 정비구역후보지(23년 2차),부평동 623-1번지 일원,BARA_0000000000459,부평동 623-1번지 일원,1,,,,,,,
107,부평구,주택재개발,정비구역지정,동암중서측 / 정비구역후보지(23년 1차),십정동 499-1번지 일원,BARA_0000000000457,십정동 499-1번지 일원,1,,,,,,,
106,서해구,주택재건축,준공,롯데우람재건축,석남동 491-3번지 일원,BARA_0000000000189,석남동 491-3외,689,20120611,20091202,20151110,20190507,20200605,20211108,20241118
105,제물포구,주거환경개선,준공,만석동 주꾸미 마을(현지개량),제물량로 341 일원,BARA_0000000000479,제물량로 341 일원,0,20210726,,,,,20201202,20241209
104,남동구,주택재개발,정비구역지정,만수1 / 정비구역후보지(23년 2차),만수동 923번지 일원,BARA_0000000000453,만수동 923번지 일원,1,,,,,,,
103,남동구,주택재개발,추진위승인,만수2 / 정비구역후보지(23년 1차),만수5동 944-3 일원,BARA_0000000000447,만수5동 944-3 일원,1,,20260417,,,,,
102,남동구,주택재개발,정비구역지정,만수3 / 정비구역후보지(23년 2차),만수동 935-1번지 일원,BARA_0000000000454,만수동 935-1번지 일원,1,,,,,,,
101,남동구,주택재개발,정비구역지정,만수4 / 정비구역후보지(23년 2차),만수동 949번지 일원,BARA_0000000000455,만수동 949번지 일원,1,,,,,,,
100,남동구,주택재개발,추진위승인,만수5,만수동 966번지 일원,BARA_0000000000549,,,,,,,,,
99,남동구,주택재건축,추진위승인,만수주공아파트,만수동 29번지 일원,BARA_0000000000539,,,,,,,,,
98,미추홀구,주거환경개선,착공,메아리마을(현지개량),소성로 314 일원(문학동 368-9),BARA_0000000000487,소성로 314 일원(문학동 368-9),0,20231006,,,20240115,,20240412,
97,미추홀구,재정비촉진,착공,미추1,주안동 590-22 일원,BARA_0000000000559,,,,,,,,,
96,미추홀구,재정비촉진,정비구역지정,미추4,주안2동 468-2번지 일원,BARA_0000000000533,,,,,,,,,
95,미추홀구,재정비촉진,추진위승인,미추5,주안2동 702-9번지 일원,BARA_0000000000534,,,,,,,,,
94,미추홀구,재정비촉진,정비구역지정,미추6,주안2동 549-16번지 일원,BARA_0000000000535,주안2동 549-16번지 일원,1811,,,,,,,
93,미추홀구,재정비촉진,정비구역지정,미추7,주안4동 450-11번지 일원,BARA_0000000000536,,,,,,,,,
92,미추홀구,재정비촉진,관리처분,미추8,주안동 1536-17번지 일원,BARA_0000000000537,,,,,,,,,
91,미추홀구,재정비촉진,정비구역지정,미추C,주안2동 468-2번지 일원,BARA_0000000000531,,,,,,,,,
90,미추홀구,주거환경개선,준공,베말마을(현지개량),석정로 301번길 일원,BARA_0000000000486,석정로 301번길 일원,0,20220613,,,20220725,,,20250110
89,부평구,주택재개발,착공,부개4구역,부개동 13-5번지 일원,BARA_0000000000122,"부개동 13-5번지 일원(66,688.8)",1299,20091130,20080201,20100326,20111125,20201026,20250912,
88,부평구,주택재개발,조합설립인가,부개5구역,부개1동 381-15번지 일원,BARA_0000000000123,부개1동 381-15번지 일원,1829,20090720,20080418,20100224,,,,
87,부평구,주택재개발,정비구역지정,부광초교서측 / 정비구역후보지(23년 2차),부개동 65-1번지 일원,BARA_0000000000460,부개동 65-1번지 일원,1,,,,,,,
86,부평구,주택재개발,착공,부평2구역,부평2동 760-700번지 일원,BARA_0000000000104,"부평동 760-700번지(59,954)",1500,20080526,20060925,20081009,20101224,20200616,20220421,
85,부평구,주택재개발,착공,부평4구역,부평동 665-2번지 일원,BARA_0000000000105,"부평동 665번지 일원(80,720.2)",2413,20060824,20080509,20080822,20210409,20220425,20210602,
84,부평구,주택재건축,조합설립인가,부평현대1단지,산곡동 307번지 9 일원,BARA_0000000000528,산곡동 307번지 9 일원,3324,19940704,20250825,,,,,
83,부평구,주택재개발,정비구역지정,부흥초동측 / 정비구역후보지(23년 2차),부평동 156-1번지 일원,BARA_0000000000462,부평동 156-1번지 일원,1,,,,,,,
82,연수구,주거환경개선,준공,비류마을(현지개량),비류대로 347번길 5번지 일원,BARA_0000000000488,비류대로 347번길 5번지 일원,0,20230712,,,20230824,,20231128,20260630
81,부평구,주택재개발,조합설립인가,산곡3구역,산곡동 180-190번지 일원,BARA_0000000000109,산곡동 180-190번지 일원,2,20230403,20060824,20100714,20221130,,,
80,부평구,주택재개발,사업시행인가,산곡5구역,산곡동 370-58번지 일원,BARA_0000000000110,"산곡동 370-58번지 일원(88,025.5)",1498,20081208,20060824,20090312,20110819,,,
79,부평구,주택재개발,착공,산곡6구역,산곡동 10번지 일원,BARA_0000000000127,"산곡동 10번지 일원(122,971)",2110,20090413,20071228,20090723,20180814,20200701,20260408,
78,부평구,주택재개발,사업시행인가,산곡7구역,산곡동 225-2번지 일원,BARA_0000000000128,산곡동 225-2번지 일원,1536,20091123,20071226,20100430,20250324,,,
77,부평구,주택재개발,착공,산곡구역,산곡동 87-903번지 일원,BARA_0000000000119,"산곡동 87-956번지 일원(115,101.2)",2475,20040524,20081024,20100302,20130408,20220516,20240808,
76,부평구,주택재건축,관리처분,산곡재원아파트구역,산곡1동 180-329번지 일원,BARA_0000000000131,"산곡1동 180-329번지(10,500)",294,20210405,20080728,20210706,20221108,20241111,,
75,부평구,주택재건축,착공,삼산대보아파트구역,삼산동 191번지 일원,BARA_0000000000132,"삼산동 191번지(16,000)",500,20111205,20130212,20161125,20210707,20221027,20240930,
74,남동구,주택재개발,착공,상인천초교주변구역,간석동 311-1번지 일원,BARA_0000000000091,"이화로39번길 12 일원(간석1동) 137,841.9㎡",2568,20071123,20110422,20091019,20110701,20210915,20251202,
73,제물포구,주택재개발,관리처분,서림구역,송림동 64-55번지 일원,BARA_0000000000021,"송림동 64,55번지 일원(19,477.1)",372,20220711,20060823,20230314,20221226,20241127,,
72,서해구,주택재개발,정비구역지정,서부여성회관역가좌동일원 / 정비구역후보지(23년 2차),가좌동171번지 일원,BARA_0000000000475,가좌동171번지 일원,1,,20260727,,,,,
71,서해구,주거환경개선,착공,석남3동(현지개량),석남동 322-75번지 일원,BARA_0000000000515,,,,,,,,,
70,서해구,주택재개발,정비구역지정,석남5 / 정비구역후보지(23년 1차),석남동 573-36번지 일원,BARA_0000000000471,석남동 573-36번지 일원,1,,,,,,,
69,서해구,주택재개발,정비구역지정,석남역남측 / 정비구역후보지(23년 2차),석남동 551번지 일원,BARA_0000000000476,석남동 551번지 일원,1,,,,,,,
68,연수구,주택재건축,착공,송도영남아파트구역,청학동 96-4번지 일원,BARA_0000000000083,"청학동 96-4번지(26,640)",649,20200720,20080623,20090724,20220707,20230419,20250328,
67,제물포구,주택재개발,관리처분,"송림1,2동구역",송림동 160번지 일원,BARA_0000000000022,송림동 160번지 일원,2992,20251027,20061204,20251121,20210521,20220530,,
66,제물포구,주택재개발,준공,송림3지구,송림6동 42-215번지 일원,BARA_0000000000023,"송림6동 42-215번지 일원(54,852.7)",1321,20180430,20050518,20090825,20110210,20210827,20220628,20250129
65,제물포구,주거환경개선,착공,송림4구역,"송림동 2, 4번지 일원",BARA_0000000000016,"송림동 2, 4번지 일원",1,20080804,,,20091204,,20241011,
64,제물포구,주택재개발,착공,송림6구역,송림동 31-3번지 일원,BARA_0000000000030,"송림동 31-3번지 일원(10,146.4)",294,20161114,20090724,20100316,20180426,20201204,20240521,
63,제물포구,주거환경개선,정비구역지정,송림6동(현지개량),송림동 33-1번지,BARA_0000000000550,,,,,,,,,
62,제물포구,주거환경개선,준공,송미로(현지개량),송미로23번길 일원,BARA_0000000000481,송미로23번길 일원,0,20211213,,,20221230,,20221008,20241203
61,제물포구,주택재개발,조합설립인가,송월구역,송월동1가 12-16번지 일원,BARA_0000000000004,송월동1가 12-16번지 일원,686,20090413,20070222,20090820,,,,
60,제물포구,주택재개발,사업시행인가,송월아파트구역,송월동1가 10-1번지 일원,BARA_0000000000005,송월동1가 10-1번지 일원,692,20080811,20110616,20200309,20241202,,,
59,제물포구,주택재건축,사업시행인가,"송현1,2차아파트구역",송현동 1번지 일원,BARA_0000000000026,송현동 1번지 일원,1,20100705,20080519,20110906,20250124,,,
58,제물포구,주거환경개선,준공,송희마을(현지개량),송림동 4-237번지 일원,BARA_0000000000480,송림동 4-237번지 일원,0,20210705,,,20220729,,20230816,20251230
57,제물포구,주거환경개선,준공,쇠뿔고개(현지개량),창영동 21-15번지 일원,BARA_0000000000482,창영동 21-15번지 일원,0,20220411,,,20220812,,20220825,20241230
56,미추홀구,주택재개발,준공,숭의3구역,숭의동 18번지 일원,BARA_0000000000035,"숭의4동 18번지 일원(32,950)",658,20080630,20061222,20081024,20100701,20210913,20231026,20260703
55,미추홀구,주택재개발,조합설립인가,숭의5구역,숭의2동 장천로 48번길 일원,BARA_0000000000036,숭의2동 장천로 48번길 일원,565,20080707,20060824,20081016,,,,
54,남동구,주택재건축,정비구역지정,신세계아파트,구월동 342-1번지 일원,BARA_0000000000557,,,,,,,,,
53,부평구,주택재개발,관리처분,신촌구역,부평동 283-66번지 일원,BARA_0000000000121,"부평동 283-66번지 일원(129,300)",2298,20151123,20060303,20181121,20230925,20251215,,
52,서해구,주택재개발,정비구역지정,신현동287-58번지일원 / 정비구역후보지(23년 2차),신현동 287-58번지 일원,BARA_0000000000477,신현동 287-58번지 일원,1,20260706,,,,,,
51,서해구,주거환경개선,준공,신현원마을(현지개량),새오개로 48번길 일원,BARA_0000000000494,새오개로 48번길 일원,0,20210712,,,20221212,,20221229,20241231
50,부평구,주택재개발,관리처분,십정3구역,십정동 432번지 일원,BARA_0000000000112,"십정동 432번지(34,271)",761,20060824,20081013,20081119,20200629,20210817,,
49,부평구,주택재개발,관리처분,십정4구역,십정동 166-1번지 일원,BARA_0000000000310,"십정동 166-1번지 일원(45,139.5)",967,20081215,20060824,20090220,20111010,20240715,,
48,부평구,주택재개발,관리처분,십정5구역,십정동 460-22번지 일원,BARA_0000000000114,"십정동 460-22번지 일원(92,954)",2217,20200602,20070220,20120619,20200929,20221129,,
47,부평구,주택재개발,정비구역지정,십정초주변 / 정비구역후보지(23년 2차),십정동 355-1번지 일원,BARA_0000000000464,십정동 355-1번지 일원,1,,,,,,,
46,미추홀구,주택재개발,착공,여의구역,숭의동 34-4번지 일원,BARA_0000000000061,"숭의동 232번지 일원(61,200)",1112,20090119,20070305,20090518,20120618,20200622,20211029,
45,연수구,주거환경개선,착공,연수1동(현지개량),연수동 554-6번지 일원,BARA_0000000000511,연수동 554-6번지 일원,0,20241230,,,,,20250509,
44,연수구,주택재개발,준공,옥련대진빌라주변구역,옥련동 271-17번지 일원,BARA_0000000000084,"옥련동 271-17번지 일원(8,548)",218,20091109,20080605,20100628,20110916,20210504,20221107,20250623
43,강화군,주거환경개선,준공,온수리마을(현지개량),길상면 온수리 502-3번지,BARA_0000000000496,길상면 온수리 502-3번지,0,20200921,,,20210310,,20211213,20240108
42,미추홀구,주거환경개선,착공,용마루구역,용현동 528번지 일원,BARA_0000000000065,용현동 528번지 일원,1,20060410,,,20071231,,20210113,
41,미추홀구,주거환경개선,준공,용일사거리남동측(현지개량),한나루로 490번길 일원,BARA_0000000000484,한나루로 490번길 일원,0,20220411,,,20220612,,20240215,20251229
40,미추홀구,주택재개발,조합설립인가,용현4구역,용현동 155번지 일원,BARA_0000000000062,용현동 155번지 일원,2,20100222,20070704,20101220,20260119,,,
39,미추홀구,주거환경개선,준공,용현5(현지개량),수봉로 130 일원,BARA_0000000000483,수봉로 130 일원,0,20211108,,,20220612,,20220502,20241105
38,남동구,주택재개발,정비구역지정,우신 / 정비구역후보지(23년 2차),간석동 191-4번지 일원,BARA_0000000000456,간석동 191-4번지 일원,1,,,,,,,
37,제물포구,주거환경개선,착공,월남촌 사랑마을(현지개량),중구 유동 8-5번지 일원,BARA_0000000000505,중구 유동 8-5번지 일원,0,20240617,,,,,20240805,
36,제물포구,주택재개발,정비구역지정,율목동 / 정비구역후보지(23년 2차),율목동 162-1 번지 일원,BARA_0000000000436,율목동 162-1 번지 일원,1,,,,,,,
35,남동구,주거환경개선,착공,인수마을(현지개량),남동구 인수북로 14번길 일원,BARA_0000000000506,남동구 인수북로 14번길 일원,0,20240429,,,,,20250203,
34,제물포구,주택재개발,착공,인천여상주변구역,사동 23-4번지 일원,BARA_0000000000013,"사동 24번지 일원(20,626)",667,20081027,20060901,20090413,20200525,20210830,20241126,
33,부평구,주거환경개선,정비구역지정,일신동(현지개량),일신동 106-29,BARA_0000000000518,,,,,,,,,
32,계양구,주거환경개선,준공,작전구역(현지개량),작전동 646번지 일원,BARA_0000000000492,작전동 646번지 일원,0,20220913,,,20230105,,20231207,20260120
31,계양구,주택재개발,정비구역지정,작전동870번지일원 / 정비구역후보지(23년 2차),작전동 870번지 일원,BARA_0000000000470,작전동 870번지 일원,1,,,,,,,
30,계양구,주택재건축,관리처분,작전우영아파트구역,작전동 869-17번지 일원,BARA_0000000000149,작전동 869-17번지 일원,319,20070904,20130812,20201016,20220722,20241129,,
29,계양구,주택재개발,착공,작전현대아파트구역,작전동 439-7번지 일원,BARA_0000000000146,산곡동 307외 9필지,,20090427,20070205,20090623,20110125,20191029,20230904,
28,미추홀구,주택재개발,착공,전도관구역,숭의동 109-119번지 일원,BARA_0000000000040,"숭의3동 109번지 일원(69,429)",1116,20080506,20041216,20081128,20120116,20201116,20240531,
27,제물포구,주거환경개선,준공,전동웃터골(현지개량),중구 전동 32-1번지 일원,BARA_0000000000478,중구 전동 32-1번지 일원,0,20210322,,,20240527,,20221209,20250825
26,미추홀구,재정비촉진,조합설립인가,주안11구역,주안4동 431-1 일원,BARA_0000000000546,,,,,,,,,
25,미추홀구,주택재개발,준공,주안4구역,주안동 1577번지 일원,BARA_0000000000042,주안동 1577번지 일원,1,20061226,20090406,20100520,20130527,20170123,20190531,20220728
24,미추홀구,주택재개발,정비구역지정,주안5동 / 정비구역후보지(23년 2차),주안동 20-15번지 일원,BARA_0000000000442,주안동 20-15번지 일원,1,,,,,,,
23,미추홀구,주택재개발,정비구역지정,주안8동 / 정비구역후보지(23년 2차),주안동 1490-3 번지 일원,BARA_0000000000443,주안동 1490-3 번지 일원,1,,20260416,,,,,
22,미추홀구,주택재개발,정비구역지정,주안남초1 / 정비구역후보지(23년 1차),주안동 1520-37번지 일원,BARA_0000000000439,주안동 1520-37번지 일원,1,,,,,,,
21,미추홀구,주택재개발,정비구역지정,주안북초북측 / 정비구역후보지(23년 2차),주안동 9-3번지 일원,BARA_0000000000444,주안동 9-3번지 일원,1,,,,,,,
20,부평구,주택재건축,추진위승인,진흥&middot;동남,산곡동 38-26,BARA_0000000000542,,,,,,,,,
19,부평구,주택재개발,추진위승인,청천4구역 / 정비구역후보지(23년 2차),청천동 16-8번지 일원,BARA_0000000000461,청천동 16-8번지 일원,1,,20260603,,,,,
18,부평구,주택재건축,사업시행인가,청천대진아파트구역,청천2동 236번지 일원,BARA_0000000000135,청천2동 236번지 일원,401,20110816,20080805,20210604,20240902,,,
17,연수구,주거환경개선,착공,청학동(현지개량),청학동 518번지 일원,BARA_0000000000514,,,,,,,,,
16,서해구,주택재건축,추진위승인,태화아파트,가좌동 122번지,BARA_0000000000541,,,,,,,,,
15,부평구,주택재개발,정비구역지정,하정초동측(십정6) / 정비구역후보지(23년 2차),십정동 397번지 일원,BARA_0000000000465,십정동 397번지 일원,1,,,,,,,
14,부평구,주거환경개선,준공,하하골마을(현지개량),부평동 767-23 일원,BARA_0000000000491,부평동 767-23 일원,0,20201116,,,20210203,,20230913,20250414
13,미추홀구,주택재개발,착공,학익3구역,학익동 321-35번지 일원,BARA_0000000000047,"학익1동 321번지 일원(100,800)",1500,20161226,20060817,20171010,20200907,20220418,20241111,
12,미추홀구,주택재개발,준공,학익4구역,학익2동 290-1번지 일원,BARA_0000000000063,"학익2동 290번지일원(20,658)",567,20090928,20080124,20100714,20190923,20210315,20220831,20260625
11,미추홀구,주택재개발,정비구역지정,학익5 / 정비구역후보지(23년 2차),학익동 2-28 번지 일원,BARA_0000000000445,학익동 2-28 번지 일원,1,,,,,,,
10,미추홀구,주택재건축,추진위승인,학익장미아파트,학익동 413-1번지 일원,BARA_0000000000526,학익동 413-1번지 일원,999,20260119,20250812,,,,,
9,서해구,주택재건축,추진위승인,한신그랜드힐빌리지,가정동 546번지,BARA_0000000000525,,,,,,,,,
8,부평구,주택재건축,조합설립인가,한양아파트2단지,산곡동 182,BARA_0000000000521,산곡동 182,0,20250728,20250825,20260728,,,,
7,부평구,주택재건축,추진위승인,현대3단지,산곡동 370-399,BARA_0000000000519,,,,,,,,,
6,제물포구,주택재개발,정비구역지정,화수아파트일원 / 정비구역후보지(23년 1차),화수동 287-10번지 일원,BARA_0000000000437,화수동 287-10번지 일원,1,,,,,,,
5,제물포구,주택재개발,관리처분,화수화평구역,화평동 1-1번지 일원,BARA_0000000000029,"화평동 1번지 일원(180,998)",2986,20210719,20071031,20091130,20241004,20260729,,
4,계양구,주택재개발,정비구역지정,효성 / 정비구역후보지(23년 1차),효성동 273-1번지 일원,BARA_0000000000467,효성동 273-1번지 일원,1,,,,,,,
3,계양구,주거환경개선,정비구역지정,효성1동(현지개량),효성동 96-2일원,BARA_0000000000561,,,,,,,,,
2,계양구,주택재건축,조합설립인가,효성뉴서울아파트구역,효성동 99-11번지,BARA_0000000000151,"효성동 99-11번지(17,400)",570,20130923,20091126,20210511,,,,
1,계양구,주택재건축,사업시행인가,효성새사미아파트구역,효성동 623-16번지,BARA_0000000000152,효성동 623-16번지,413,20130923,20081120,20191031,20250117,20260518,,
