kind,sido,sigungu,name,area_k_m2,industry_k_m2,designated,note,source_file
농공,충북,제천시,봉양농공단지,133,115,1990-01-24,2021-09-24 00:00:00,한국산업단지공단_전국산업단지현황통계_20210930.xlsx
일반,경북,고령군,성산일반산업단지,113,64,1994-08-11,2025-12-29,한국산업단지공단_전국산업단지현황통계_20251231.xlsx
농공,충남,서천군,장항원수제2농공단지,151,103,2001-09-29,2019-07-29,한국산업단지공단_전국산업단지현황통계_2019년3분기.xlsx
일반,경기,안성시,무능일반산업단지,263,181,2003-05-16,2019-11-25 00:00:00,한국산업단지공단_전국산업단지현황통계_2019년4분기.xlsx
일반,전남,여수시,"율촌제3일반산업단지
(광양만권경제자유구역)",9762,5438,2003-10-30,2020-08-19 00:00:00,한국산업단지공단_전국산업단지현황통계_20200917.xlsx
일반,충남,서산시,대산2일반산업단지,1142,903,2006-07-07,2020-06-01 00:00:00,한국산업단지공단_전국산업단지현황통계_20200630.xlsx
일반,전북,군산시,새만금산업단지,18495,8608,2008-05-06,2019-08-02 00:00:00,한국산업단지공단_전국산업단지현황통계_2019년3분기.xlsx
일반,전남,고흥군,도양일반산업단지,2684,1169,2008-09-26,2020-06-05 00:00:00,한국산업단지공단_전국산업단지현황통계_20200630.xlsx
일반,강원,삼척시,소방·방재일반산업단지[구:방재],782,448,2008-12-19,2023-06-21,한국산업단지공단_전국산업단지현황통계_20230630.xlsx
일반,충북,음성군,감곡상우일반산업단지,75,51,2009-02-26,2021-03-12,한국산업단지공단_전국산업단지현황통계_20210331.xlsx
일반,경기,양주시,도하2일반산업단지,32,25,2009-04-14,2019-12-23,한국산업단지공단_전국산업단지현황통계_2019년4분기.xlsx
일반,경북,문경시,봉룡일반산업단지,410,269,2010-04-26,2021-03-15,한국산업단지공단_전국산업단지현황통계_20210331.xlsx
일반,충북,음성군,신천보부산업단지(구 음성임대),145,109,2010-07-02,2021-12-30,한국산업단지공단_전국산업단지현황통계_20211231.xlsx
일반,경기,이천시,덕평일반산업단지,43,23,2012-08-20,2022-08-29,한국산업단지공단_전국산업단지현황통계_20220930.xlsx
농공,전남,영광군,영광식품산업특화단지,109,44,2012-08-27,2025-10-13,한국산업단지공단_전국산업단지현황통계_20251231.xlsx
일반,경남,김해시,송현일반산업단지,187,173,2013-09-05,2022-06-24,한국산업단지공단_전국산업단지현황통계_20220630.xlsx
일반,경남,밀양시,미전일반산업단지,263,156,2013-12-12,2019-07-18 00:00:00,한국산업단지공단_전국산업단지현황통계_2019년3분기.xlsx
일반,충남,공주시,송선일반산업단지,314,189,2013-12-30,2021-04-30,한국산업단지공단_전국산업단지현황통계_20210630.xlsx
일반,경남,밀양시,용전2일반산업단지,279,174,2014-06-05,2019-07-18 00:00:00,한국산업단지공단_전국산업단지현황통계_2019년3분기.xlsx
일반,경남,사천시,금진일반산업단지,298,188,2015-07-30,2024-10-10,한국산업단지공단_전국산업단지현황통계_20241231.xlsx
일반,경기,안성시,노곡일반산업단지,73,48,2015-08-21,2023-03-15,한국산업단지공단_전국산업단지현황통계_20230331.xlsx
농공,전남,고흥군,대서농공단지,150,90,2015-12-14,,한국산업단지공단_전국산업단지현황통계_20240930.xlsx
일반,경북,경주시,제내일반산업단지,374,257,2015-12-28,2020-06-11 00:00:00,한국산업단지공단_전국산업단지현황통계_20200630.xlsx
일반,경남,김해시,미래테크일반산업단지,121,64,2016-03-03,2019-07-12 00:00:00,한국산업단지공단_전국산업단지현황통계_2019년3분기.xlsx
일반,경남,김해시,죽곡일반산업단지,96,55,2016-09-13,2021-09-24 00:00:00,한국산업단지공단_전국산업단지현황통계_20210930.xlsx
일반,경남,함안군,함안그린테크밸리일반산업단지,126,82,2016-09-28,2020-01-02,한국산업단지공단_전국산업단지현황통계_20200617.xlsx
일반,경남,양산시,주남일반산업단지,221,118,2017-06-22,2020-08-27 00:00:00,한국산업단지공단_전국산업단지현황통계_20200917.xlsx
일반,경남,함안군,성호일반산업단지,157,102,2017-06-29,2020-01-02,한국산업단지공단_전국산업단지현황통계_20200617.xlsx
일반,울산,울주군,방기일반산업단지,136,98,2017-08-03,2022-11-03,한국산업단지공단_전국산업단지현황통계_20221231.xlsx
일반,경기,이천시,무촌일반산업단지,54,48,2017-09-28,2020-08-31 00:00:00,한국산업단지공단_전국산업단지현황통계_20200917.xlsx
일반,경남,김해시,원지일반산업단지,219,153,2017-12-28,2024-08-01,한국산업단지공단_전국산업단지현황통계_20240930.xlsx
농공,강원,홍천군,북방농공단지,101,72,2018-01-09,2019-03-27 00:00:00,한국산업단지공단_전국산업단지현황통계_2019년1분기.xlsx
일반,충북,충주시,북부산업단지,1401,851,2018-06-08,,한국산업단지공단_전국산업단지현황통계_2018년2분기.xlsx
일반,충남,공주시,쌍신일반산업단지,226,137,2018-08-06,,한국산업단지공단_전국산업단지현황통계_2018년3분기.xlsx
일반,경남,함안군,군북유현일반산업단지,75,49,2018-08-23,,한국산업단지공단_전국산업단지현황통계_2018년3분기.xlsx
일반,경북,고령군,송곡일반산업단지,272,176,2018-10-11,,한국산업단지공단_전국산업단지현황통계_2018년4분기.xlsx
일반,경기,파주시,파주센트럴밸리일반산업단지,491,301,2018-11-13,,한국산업단지공단_전국산업단지현황통계_2018년4분기.xlsx
일반,경기,평택시,평택BIX일반산업단지(황해경제자유구역),1040,782,2018-11-21,,한국산업단지공단_전국산업단지현황통계_2018년4분기.xlsx
농공,전북,완주군,완주농공단지,298,238,2018-11-22,,한국산업단지공단_전국산업단지현황통계_2018년4분기.xlsx
일반,경기,평택시,유창일반산업단지(구 유창),280,193,2018-11-23,,한국산업단지공단_전국산업단지현황통계_2018년4분기.xlsx
일반,울산,울주군,청양일반산업단지,201,135,2018-12-13,,한국산업단지공단_전국산업단지현황통계_2018년4분기.xlsx
일반,경남,사천시,용당(항공MRO)일반산업단지,149,97,2018-12-13,,한국산업단지공단_전국산업단지현황통계_2018년4분기.xlsx
농공,충남,청양군,경산2농공단지,187,124,2018-12-21,,한국산업단지공단_전국산업단지현황통계_2018년4분기.xlsx
일반,경남,창녕군,대성하이스코일반산업단지,72,47,2018-12-27,,한국산업단지공단_전국산업단지현황통계_2018년4분기.xlsx
일반,경기,시흥시,광명시흥일반산업단지,975,467,2018-12-28,,한국산업단지공단_전국산업단지현황통계_2018년4분기.xlsx
일반,충남,아산시,염치일반산업단지,306,205,2018-12-31,,한국산업단지공단_전국산업단지현황통계_2018년4분기.xlsx
도시첨단,경기,광명시,광명시흥첨단R&D도시첨단산업단지,494,137,2019-04-30,,한국산업단지공단_전국산업단지현황통계_2019년2분기.xlsx
일반,경기,안성시,안성중소기업일반산업단지,707,430,2019-05-21,,한국산업단지공단_전국산업단지현황통계_2019년2분기.xlsx
일반,충북,음성군,맹동인곡산업단지,1716,909,2019-05-31,,한국산업단지공단_전국산업단지현황통계_2019년2분기.xlsx
일반,경기,용인시,제일일반산업단지,56,46,2019-07-01,,한국산업단지공단_전국산업단지현황통계_2019년3분기.xlsx
일반,경기,안성시,안성하이랜드산업단지,293,205,2019-07-15,,한국산업단지공단_전국산업단지현황통계_2019년3분기.xlsx
국가,전북,군산시,새만금지구산업단지,18495,8608,2019-08-02,,한국산업단지공단_전국산업단지현황통계_2019년3분기.xlsx
농공,충남,보령시,청라농공,67,44,2019-08-09,,한국산업단지공단_전국산업단지현황통계_2019년3분기.xlsx
국가,경기,동두천시,동두천국가산업단지,267,185,2019-09-05,,한국산업단지공단_전국산업단지현황통계_2019년3분기.xlsx
국가,전북,전주시,전주탄소소재국가산업단지,656,379,2019-09-05,,한국산업단지공단_전국산업단지현황통계_2019년3분기.xlsx
일반,경남,고성군,이당일반산업단지,131,69,2019-09-19,,한국산업단지공단_전국산업단지현황통계_2019년3분기.xlsx
일반,충북,음성군,성안제2산업단지,802,186,2019-10-04,,한국산업단지공단_전국산업단지현황통계_2019년4분기.xlsx
일반,세종,세종시,전동일반산업단지,140,87,2019-10-10,,한국산업단지공단_전국산업단지현황통계_2019년4분기.xlsx
일반,충남,천안시,천안북부BIT일반산업단지,875,537,2019-10-16,,한국산업단지공단_전국산업단지현황통계_2019년4분기.xlsx
일반,경기,화성시,동진일반산업단지,183,131,2019-11-04,,한국산업단지공단_전국산업단지현황통계_2019년4분기.xlsx
일반,충남,아산시,인주일반산업단지(3공구),1817,822,2019-11-14,,한국산업단지공단_전국산업단지현황통계_2019년4분기.xlsx
일반,경기,김포시,학운5일반산업단지,893,502,2019-11-25,,한국산업단지공단_전국산업단지현황통계_2019년4분기.xlsx
일반,경기,김포시,학운7일반산업단지,187,118,2019-12-11,,한국산업단지공단_전국산업단지현황통계_2019년4분기.xlsx
일반,충남,공주시,동현일반산업단지,801,205,2019-12-20,,한국산업단지공단_전국산업단지현황통계_2019년4분기.xlsx
일반,충북,충주시,산척일반산업단지,132,88,2019-12-27,,한국산업단지공단_전국산업단지현황통계_2019년4분기.xlsx
일반,경남,창원시,평성일반산업단지,696,270,2019-12-31,,한국산업단지공단_전국산업단지현황통계_2019년4분기.xlsx
일반,충북,청주시,남청주현도일반산업단지,1051,355,2020-01-31,,한국산업단지공단_전국산업단지현황통계_20200617.xlsx
도시첨단,부산,북구,금곡도시첨단산업단지,46,17,2020-03-18,,한국산업단지공단_전국산업단지현황통계_20200617.xlsx
도시첨단,충남,천안시,천안직산도시첨단산업단지,334,200,2020-03-27,,한국산업단지공단_전국산업단지현황통계_20200617.xlsx
일반,경기,파주시,파평일반산업단지,593,391,2020-05-15,,한국산업단지공단_전국산업단지현황통계_20200630.xlsx
일반,충남,천안시,성거일반산업단지,306,208,2020-06-11,,한국산업단지공단_전국산업단지현황통계_20200630.xlsx
일반,광주,북구,"광주연구개발특구첨단3지구산업단지
(광주경제자유구역)",3617,1136,2020-06-25,,한국산업단지공단_전국산업단지현황통계_20200630.xlsx
일반,전남,무안군,무안항공특화산업단지,350,273,2020-06-30,,한국산업단지공단_전국산업단지현황통계_20200630.xlsx
일반,경기,오산시,오산가장제3일반산업단지,165,104,2020-07-17,,한국산업단지공단_전국산업단지현황통계_20200917.xlsx
일반,충북,음성군,용산산업단지,1041,625,2020-08-28,,한국산업단지공단_전국산업단지현황통계_20200917.xlsx
일반,충북,청주시,서오창테크노밸리,902,471,2020-08-28,,한국산업단지공단_전국산업단지현황통계_20200917.xlsx
일반,충남,예산군,예산제2일반산업단지,1120,676,2020-09-21,,한국산업단지공단_전국산업단지현황통계_20200917.xlsx
일반,경남,창원시,덕산일반산업단지,250,143,2020-09-29,,한국산업단지공단_전국산업단지현황통계_20200917.xlsx
일반,전북,김제시,백구일반산업단지,336,258,2020-10-16,,한국산업단지공단_전국산업단지현황통계_20201231.xlsx
일반,경기,이천시,남이천일반산업단지,55,46,2020-10-22,,한국산업단지공단_전국산업단지현황통계_20201231.xlsx
도시첨단,대전,대덕구,한남대캠퍼스혁신파크 도시첨단산업단지,31,20,2020-10-27,,한국산업단지공단_전국산업단지현황통계_20201231.xlsx
도시첨단,경기,안산시,한양대에리카캠퍼스혁신파크 도시첨단산업단지,79,49,2020-10-27,,한국산업단지공단_전국산업단지현황통계_20201231.xlsx
농공,강원,춘천시,퇴계제2농공단지,91,57,2020-10-29,,한국산업단지공단_전국산업단지현황통계_20201231.xlsx
일반,서울,강동구,강동일반산업단지,78,27,2020-11-12,,한국산업단지공단_전국산업단지현황통계_20201231.xlsx
일반,경북,상주시,상주일반산업단지,393,231,2020-11-12,,한국산업단지공단_전국산업단지현황통계_20201231.xlsx
일반,충북,청주시,오송화장품산업단지,795,370,2020-11-13,,한국산업단지공단_전국산업단지현황통계_20201231.xlsx
일반,충북,청주시,청주하이테크밸리산업단지,1003,665,2020-11-20,,한국산업단지공단_전국산업단지현황통계_20201231.xlsx
일반,충남,천안시,천안테크노파크일반산업단지,914,590,2020-11-30,,한국산업단지공단_전국산업단지현황통계_20201231.xlsx
농공,충북,증평군,도안2농공단지,133,101,2020-12-04,,한국산업단지공단_전국산업단지현황통계_20201231.xlsx
일반,충북,청주시,북이산업단지,1012,613,2020-12-11,,한국산업단지공단_전국산업단지현황통계_20201231.xlsx
일반,충남,아산시,음봉일반산업단지,421,227,2020-12-30,,한국산업단지공단_전국산업단지현황통계_20201231.xlsx
도시첨단,강원,춘천시,강원대캠퍼스혁신파크도시첨단산업단지,67,28,2021-01-11,,한국산업단지공단_전국산업단지현황통계_20210331.xlsx
농공,전남,영광군,묘량농공단지,214,123,2021-01-28,,한국산업단지공단_전국산업단지현황통계_20210331.xlsx
일반,경남,의령군,부림일반산업단지,352,184,2021-02-25,,한국산업단지공단_전국산업단지현황통계_20210331.xlsx
일반,경남,함안군,군북일반산업단지,818,471,2021-03-04,,한국산업단지공단_전국산업단지현황통계_20210331.xlsx
일반,경기,용인시,용인반도체클러스터일반산업단지,4154,2447,2021-03-29,,한국산업단지공단_전국산업단지현황통계_20210331.xlsx
일반,경기,안성시,안성테크노밸리일반산업단지,765,450,2021-04-09,,한국산업단지공단_전국산업단지현황통계_20210630.xlsx
농공,전북,임실군,오수제2농공단지,171,110,2021-05-07,,한국산업단지공단_전국산업단지현황통계_20210630.xlsx
일반,경기,용인시,백암일반산업단지,50,34,2021-05-28,,한국산업단지공단_전국산업단지현황통계_20210630.xlsx
일반,경북,경주시,외동3일반산업단지,110,63,2021-06-21,,한국산업단지공단_전국산업단지현황통계_20210630.xlsx
일반,경북,경주시,혁신원자력연구단지,2200,808,2021-06-28,,한국산업단지공단_전국산업단지현황통계_20210630.xlsx
일반,세종,세종시,세종복합일반산업단지,829,472,2021-06-30,,한국산업단지공단_전국산업단지현황통계_20210630.xlsx
일반,충남,천안시,풍세2일반산업단지,345,233,2021-08-23,,한국산업단지공단_전국산업단지현황통계_20210930.xlsx
도시첨단,울산,중구,울산장현도시첨단산업단지,317,133,2021-08-25,,한국산업단지공단_전국산업단지현황통계_20210930.xlsx
농공,충남,공주시,제이팜스농공단지,45,30,2021-09-01,,한국산업단지공단_전국산업단지현황통계_20210930.xlsx
일반,충북,충주시,충주드림파크산업단지,1698,1064,2021-09-10,,한국산업단지공단_전국산업단지현황통계_20210930.xlsx
일반,충북,제천시,제천봉양일반산업단지,134,91,2021-09-24,,한국산업단지공단_전국산업단지현황통계_20210930.xlsx
일반,충북,청주시,청주한국전통공예촌복합문화산업단지,304,59,2021-10-22,,한국산업단지공단_전국산업단지현황통계_20211231.xlsx
일반,경남,김해시,하계일반산업단지,262,190,2021-10-22,,한국산업단지공단_전국산업단지현황통계_20211231.xlsx
일반,경기,이천시,이천유산일반산업단지,50,36,2021-11-08,,한국산업단지공단_전국산업단지현황통계_20211231.xlsx
일반,경북,영천시,대창일반산업단지,460,324,2021-11-11,,한국산업단지공단_전국산업단지현황통계_20211231.xlsx
일반,충북,진천군,진천테크노폴리스산업단지,774,535,2021-11-12,,한국산업단지공단_전국산업단지현황통계_20211231.xlsx
일반,충남,천안시,천안제6일반산업단지,967,609,2021-11-26,,한국산업단지공단_전국산업단지현황통계_20211231.xlsx
도시첨단,경기,양주시,경기양주테크노밸리도시첨단산업단지,218,103,2021-12-27,,한국산업단지공단_전국산업단지현황통계_20211231.xlsx
도시첨단,대전,유성구,대전장대도시첨단산업단지,73,24,2021-12-31,,한국산업단지공단_전국산업단지현황통계_20211231.xlsx
일반,충남,서산시,현대대죽2일반산업단지,681,573,2022-01-10,,한국산업단지공단_전국산업단지현황통계_20220331.xlsx
도시첨단,강원,홍천군,홍천도시첨단산업단지,46,24,2022-02-24,,한국산업단지공단_전국산업단지현황통계_20220331.xlsx
일반,강원,강릉시,"옥계첨단소재융합일반산업단지
(동해안권경제자유구역)",383,201,2022-03-04,,한국산업단지공단_전국산업단지현황통계_20220331.xlsx
일반,충남,예산군,예당2일반산업단지,719,506,2022-03-21,,한국산업단지공단_전국산업단지현황통계_20220331.xlsx
일반,경북,경산시,경산화장품특화단지,149,83,2022-03-23,,한국산업단지공단_전국산업단지현황통계_20220331.xlsx
일반,경북,영천시,영천금호일반산업단지,282,163,2022-06-09,,한국산업단지공단_전국산업단지현황통계_20220630.xlsx
일반,경기,용인시,제2용인테크노밸리일반산업단지,273,146,2022-07-29,,한국산업단지공단_전국산업단지현황통계_20220930.xlsx
일반,충북,충주시,충주비즈코어시티산업단지,274,155,2022-07-29,,한국산업단지공단_전국산업단지현황통계_20220930.xlsx
일반,충남,부여군,부여일반산업단지,467,305,2022-09-13,,한국산업단지공단_전국산업단지현황통계_20220930.xlsx
일반,충북,음성군,음성테크노폴리스산업단지,653,444,2022-10-07,,한국산업단지공단_전국산업단지현황통계_20221231.xlsx
일반,울산,울주군,머거본일반산업단지,56,37,2022-11-03,,한국산업단지공단_전국산업단지현황통계_20221231.xlsx
도시첨단,부산,해운대구,센텀2지구도시첨단산업단지,1912,291,2022-11-30,,한국산업단지공단_전국산업단지현황통계_20221231.xlsx
일반,충북,청주시,오송바이오산업단지,283,200,2022-12-09,,한국산업단지공단_전국산업단지현황통계_20221231.xlsx
도시첨단,대구,북구,경북대캠퍼스혁신파크도시첨단산업단지,29,6,2022-12-26,,한국산업단지공단_전국산업단지현황통계_20221231.xlsx
도시첨단,광주,북구,전남대캠퍼스혁신파크도시첨단산업단지,35,21,2022-12-26,,한국산업단지공단_전국산업단지현황통계_20221231.xlsx
일반,전남,화순군,화순생물의약제2일반산업단지,308,195,2022-12-29,,한국산업단지공단_전국산업단지현황통계_20221231.xlsx
일반,경남,사천시,사천서부일반산업단지,314,183,2022-12-29,,한국산업단지공단_전국산업단지현황통계_20221231.xlsx
일반,경남,거창군,거창첨단일반산업단지,304,192,2022-12-29,,한국산업단지공단_전국산업단지현황통계_20221231.xlsx
일반,경기,김포시,학운3-1일반산업단지,120,55,2022-12-30,,한국산업단지공단_전국산업단지현황통계_20221231.xlsx
일반,충북,진천군,문백산업단지,299,172,2022-12-30,,한국산업단지공단_전국산업단지현황통계_20221231.xlsx
일반,경북,의성군,의성바이오밸리일반산업단지,225,134,2023-01-30,,한국산업단지공단_전국산업단지현황통계_20230331.xlsx
일반,충북,진천군,진천스마트복합산업단지,1135,763,2023-03-03,,한국산업단지공단_전국산업단지현황통계_20230331.xlsx
일반,인천,계양구,계양산업단지,243,133,2023-04-10,,한국산업단지공단_전국산업단지현황통계_20230630.xlsx
일반,경북,경산시,경산상림재활산업특화단지,541,202,2023-04-21,,한국산업단지공단_전국산업단지현황통계_20230630.xlsx
농공,전남,고흥군,고흥무인항공영농기술특화농공단지,137,92,2023-04-27,,한국산업단지공단_전국산업단지현황통계_20230630.xlsx
일반,울산,울주군,울산도하일반산업단지,423,163,2023-05-04,,한국산업단지공단_전국산업단지현황통계_20230630.xlsx
농공,강원,고성군,고성제2특화농공단지,130,83,2023-05-17,,한국산업단지공단_전국산업단지현황통계_20230630.xlsx
농공,강원,양양군,양양친환경스마트육상연어양식농공단지,106,85,2023-05-25,,한국산업단지공단_전국산업단지현황통계_20230630.xlsx
도시첨단,충북,음성군,충북진천·음성혁신도시 도시첨단(2)산업단지,104,59,2023-06-08,,한국산업단지공단_전국산업단지현황통계_20230630.xlsx
일반,울산,울주군,울산KTX역세권일반산업단지,421,125,2023-07-13,,한국산업단지공단_전국산업단지현황통계_20230930.xlsx
일반,충남,서산시,대산그린컴플렉스일반산업단지,2261,1429,2023-07-20,,한국산업단지공단_전국산업단지현황통계_20230930.xlsx
일반,충북,진천군,진천메가폴리스산업단지,1460,852,2023-08-18,,한국산업단지공단_전국산업단지현황통계_20230930.xlsx
국가,경북,영주시,영주첨단베어링국가산업단지,1186,701,2023-08-25,,한국산업단지공단_전국산업단지현황통계_20230930.xlsx
일반,인천,서구,인천검단2일반산업단지,770,442,2023-08-31,,한국산업단지공단_전국산업단지현황통계_20230930.xlsx
농공,충북,옥천군,옥천제2농공단지,78,56,2023-09-15,,한국산업단지공단_전국산업단지현황통계_20230930.xlsx
일반,충남,천안시,천안에코밸리일반산업단지,349,220,2023-10-13,,한국산업단지공단_전국산업단지현황통계_20231231.xlsx
일반,경남,고성군,고성양촌·용정일반산업단지,1574,959,2023-10-19,,한국산업단지공단_전국산업단지현황통계_20231231.xlsx
일반,강원,태백시,철암고터실일반산업단지,200,127,2023-10-26,,한국산업단지공단_전국산업단지현황통계_20231231.xlsx
국가,세종,세종시,세종스마트국가산업단지,2753,1387,2023-10-30,,한국산업단지공단_전국산업단지현황통계_20231231.xlsx
국가,충북,충주시,충주바이오헬스국가산업단지,2241,1065,2023-10-30,,한국산업단지공단_전국산업단지현황통계_20231231.xlsx
일반,부산,강서구,부산명서일반산업단지,121,59,2023-11-01,,한국산업단지공단_전국산업단지현황통계_20231231.xlsx
일반,충남,천안시,천안신사일반산업단지,632,385,2023-11-21,,한국산업단지공단_전국산업단지현황통계_20231231.xlsx
도시첨단,경북,김천시,경북김천혁신도시도시첨단산업단지,39,16,2023-11-23,,한국산업단지공단_전국산업단지현황통계_20231231.xlsx
일반,부산,강서구,"부산연구개발특구첨단복합지구
(일반산업단지)",1744.114,522.431,2023-12-06,,한국산업단지공단_전국산업단지현황통계_20231231.xlsx
도시첨단,경남,창원시,해양신도시도시첨단산업단지,33,21,2023-12-11,,한국산업단지공단_전국산업단지현황통계_20231231.xlsx
농공,충남,태안군,태안제2농공단지,89,50,2023-12-13,,한국산업단지공단_전국산업단지현황통계_20231231.xlsx
일반,충남,아산시,케이밸리아산일반산업단지,567.412,264.591,2023-12-18,,한국산업단지공단_전국산업단지현황통계_20231231.xlsx
일반,충남,아산시,아산신창일반산업단지,484.394,350.575,2023-12-18,,한국산업단지공단_전국산업단지현황통계_20231231.xlsx
일반,울산,울주군,대대일반산업단지,115.115,58.791,2023-12-21,,한국산업단지공단_전국산업단지현황통계_20231231.xlsx
일반,충남,서산시,대산충의일반산업단지,120.92,69.221,2023-12-26,,한국산업단지공단_전국산업단지현황통계_20231231.xlsx
일반,충남,청양군,청양일반산업단지,731.849,487.18,2023-12-29,,한국산업단지공단_전국산업단지현황통계_20231231.xlsx
일반,충남,서산시,대산3일반산업단지(확장),778.496,563.436,2023-12-29,,한국산업단지공단_전국산업단지현황통계_20231231.xlsx
농공,강원,삼척시,근덕제2농공단지,52,30,2024-01-12,,한국산업단지공단_전국산업단지현황통계_20240331.xlsx
도시첨단,경기,부천시,부천대장제1도시첨단산업단지,334,205,2024-01-15,,한국산업단지공단_전국산업단지현황통계_20240331.xlsx
도시첨단,경기,부천시,부천대장제2도시첨단산업단지,226,131,2024-01-15,,한국산업단지공단_전국산업단지현황통계_20240331.xlsx
농공,강원,횡성군,횡성조곡농공단지,185,128,2024-01-15,,한국산업단지공단_전국산업단지현황통계_20240331.xlsx
국가,충남,논산시,논산국방국가산업단지,870,540,2024-01-26,,한국산업단지공단_전국산업단지현황통계_20240331.xlsx
일반,충북,청주시,"청주에어로폴리스3일반산업단지
(충북경제자유구역)",1129,720,2024-03-22,,한국산업단지공단_전국산업단지현황통계_20240331.xlsx
일반,충남,아산시,선장그린컴플렉스일반산업단지,942,498,2024-04-30,,한국산업단지공단_전국산업단지현황통계_20240630.xlsx
일반,충북,영동군,황간산업단지,210,142,2024-05-07,,한국산업단지공단_전국산업단지현황통계_20240630.xlsx
일반,경기,평택시,평택첨단복합일반산업단지,460,316,2024-05-31,,한국산업단지공단_전국산업단지현황통계_20240630.xlsx
도시첨단,경기,용인시,용인기흥미래도시첨단산업단지,94,60,2024-07-12,,한국산업단지공단_전국산업단지현황통계_20240930.xlsx
일반,강원,삼척시,삼척수소특화일반산업단지,139,87,2024-07-23,,한국산업단지공단_전국산업단지현황통계_20240930.xlsx
일반,경기,이천시,대월2일반산업단지,46,34,2024-08-07,,한국산업단지공단_전국산업단지현황통계_20240930.xlsx
국가,경남,창원시,마산자유무역지역국가산업단지,957,703,2024-08-09,,한국산업단지공단_전국산업단지현황통계_20240930.xlsx
일반,전남,강진군,강진제2일반산업단지,304,211,2024-08-09,,한국산업단지공단_전국산업단지현황통계_20240930.xlsx
일반,경기,안산시,안산신길일반산업단지,279,133,2024-08-20,,한국산업단지공단_전국산업단지현황통계_20240930.xlsx
일반,충북,음성군,음성삼성테크노밸리산업단지,1481,890,2024-09-27,,한국산업단지공단_전국산업단지현황통계_20240930.xlsx
일반,충북,충주시,충주법현산업단지,277.672,189.786,2024-10-04,,한국산업단지공단_전국산업단지현황통계_20241231.xlsx
농공,경북,예천군,예천제3농공단지,180.699,122.572,2024-10-14,,한국산업단지공단_전국산업단지현황통계_20241231.xlsx
농공,전남,보성군,조성제2농공단지,45.121,31.803,2024-10-24,,한국산업단지공단_전국산업단지현황통계_20241231.xlsx
일반,경북,경주시,문산3일반산업단지,227.607,144.275,2024-12-05,,한국산업단지공단_전국산업단지현황통계_20241231.xlsx
일반,경기,평택시,평택서탄제2일반산업단지,289.713,236.016,2024-12-16,,한국산업단지공단_전국산업단지현황통계_20241231.xlsx
일반,경기,안성시,안성축산식품복합일반산업단지,158.166,86.594,2024-12-20,,한국산업단지공단_전국산업단지현황통계_20241231.xlsx
일반,충북,청주시,오창나노테크스마트밸리산업단지,1612.466,922.127,2024-12-20,,한국산업단지공단_전국산업단지현황통계_20241231.xlsx
일반,충남,아산시,아산리더스밸리일반산업단지,350.685,239.369,2024-12-20,,한국산업단지공단_전국산업단지현황통계_20241231.xlsx
일반,충남,천안시,천안수신일반산업단지,1593.963,737.396,2024-12-23,,한국산업단지공단_전국산업단지현황통계_20241231.xlsx
도시첨단,경기,용인시,경기용인플랫폼시티도시첨단산업단지,272,187,2024-12-24,,한국산업단지공단_전국산업단지현황통계_20250630.xlsx
도시첨단,인천,계양구,인천계양테크노밸리도시첨단산업단지,347.437,192.093,2024-12-30,,한국산업단지공단_전국산업단지현황통계_20241231.xlsx
국가,경기,용인시,용인첨단시스템반도체클러스터국가산업단지,158.166,86.594,2024-12-31,,한국산업단지공단_전국산업단지현황통계_20241231.xlsx
일반,경북,김천시,김천1일반산업단지,1241,715,2025-01-16,,한국산업단지공단_전국산업단지현황통계_20250331.xlsx
도시첨단,경기,용인시,용인한림제약도시첨단산업단지,25,19,2025-05-01,,한국산업단지공단_전국산업단지현황통계_20250630.xlsx
일반,울산,동구,자동차일반산업단지[구:남목],528,166,2025-05-29,,한국산업단지공단_전국산업단지현황통계_20250630.xlsx
일반,경북,김천시,김천자동차튜닝일반산업단지,281,183,2025-05-29,,한국산업단지공단_전국산업단지현황통계_20250630.xlsx
도시첨단,경북,예천군,경북도청신도시(2단계)도시첨단산업단지,146,117,2025-06-02,,한국산업단지공단_전국산업단지현황통계_20250630.xlsx
일반,충북,증평군,증평3일반산업단지,772,542,2025-06-13,,한국산업단지공단_전국산업단지현황통계_20250630.xlsx
일반,경남,양산시,양산주남일반산업단지,255,165,2025-06-19,,한국산업단지공단_전국산업단지현황통계_20250630.xlsx
일반,충북,충주시,중원제2일반산업단지,230,161,2025-06-20,,한국산업단지공단_전국산업단지현황통계_20250630.xlsx
농공,경남,밀양시,상남2농공단지,31,20,2025-06-26,,한국산업단지공단_전국산업단지현황통계_20250630.xlsx
일반,충북,음성군,생극제2산업단지,403,281,2025-06-27,,한국산업단지공단_전국산업단지현황통계_20250630.xlsx
국가,전남,나주시,나주에너지국가산업단지,1239722,788750,2025-07-03,,한국산업단지공단_전국산업단지현황통계_20250930.xlsx
일반,전북,김제시,지평선제2일반산업단지,882272,547120,2025-07-04,,한국산업단지공단_전국산업단지현황통계_20250930.xlsx
일반,충북,청주시,청주클래식스마트밸리산업단지,1125872,447352,2025-07-11,,한국산업단지공단_전국산업단지현황통계_20250930.xlsx
일반,충남,논산시,숙진일반산업단지,79834,43307,2025-08-20,,한국산업단지공단_전국산업단지현황통계_20250930.xlsx
일반,충북,진천군,진천혁신스마트밸리산업단지,1002635,501781,2025-08-22,,한국산업단지공단_전국산업단지현황통계_20250930.xlsx
농공,강원,양구군,양구제2농공단지,60340,40167,2025-08-22,,한국산업단지공단_전국산업단지현황통계_20250930.xlsx
국가,충북,청주시,오송제3생명과학국가산업단지,4119584,1811773,2025-08-28,,한국산업단지공단_전국산업단지현황통계_20250930.xlsx
일반,경북,청도군,청도자연드림파크일반산업단지,292844,109730,2025-09-01,,한국산업단지공단_전국산업단지현황통계_20250930.xlsx
일반,경기,여주시,여주가남일반산업단지,57356,38337,2025-09-19,,한국산업단지공단_전국산업단지현황통계_20250930.xlsx
일반,충남,아산시,아산제2디지털일반산업단지,667,189,2025-11-10,,한국산업단지공단_전국산업단지현황통계_20251231.xlsx
도시첨단,인천,서구,"인천로봇랜드도시첨단산업단지
(인천경제자유구역)",297,217,2025-12-01,,한국산업단지공단_전국산업단지현황통계_20251231.xlsx
일반,경기,용인시,용인죽능일반산업단지,69,45,2025-12-15,,한국산업단지공단_전국산업단지현황통계_20251231.xlsx
일반,충남,금산군,금산리튬일반산업단지,44,28,2025-12-24,,한국산업단지공단_전국산업단지현황통계_20251231.xlsx
일반,충남,예산군,"내포농생명그린바이오(1공구)
일반산업단지",119,85,2025-12-30,,한국산업단지공단_전국산업단지현황통계_20251231.xlsx
일반,경기,여주시,가남신해1일반산업단지,55,26,2025-12-31,,한국산업단지공단_전국산업단지현황통계_20251231.xlsx
일반,경기,여주시,가남신해2일반산업단지,57,24,2025-12-31,,한국산업단지공단_전국산업단지현황통계_20251231.xlsx
일반,경기,여주시,가남신해3일반산업단지,59,38,2025-12-31,,한국산업단지공단_전국산업단지현황통계_20251231.xlsx
일반,경기,여주시,가남신해4일반산업단지,50,27,2025-12-31,,한국산업단지공단_전국산업단지현황통계_20251231.xlsx
일반,경기,여주시,가남신해5일반산업단지,51,26,2025-12-31,,한국산업단지공단_전국산업단지현황통계_20251231.xlsx
도시첨단,경기,남양주시,남양주왕숙도시첨단산업단지,1199,467,2025-12-31,,한국산업단지공단_전국산업단지현황통계_20251231.xlsx
도시첨단,제주,서귀포시,하원테크노캠퍼스도시첨단산업단지,303,129,2025-12-31,,한국산업단지공단_전국산업단지현황통계_20251231.xlsx
