kosis_code,sido,sigungu,lawd_cd,level,year,persons,total_salary_mw,salary_per_person_mw
A0101,서울,강남구,11680,시군구,2016,206346,12989836.0,62.952
A0101,서울,강남구,11680,시군구,2017,200894,14078169.0,70.078
A0101,서울,강남구,11680,시군구,2018,206523,14339618.0,69.434
A0101,서울,강남구,11680,시군구,2019,209360,14863887.0,70.997
A0101,서울,강남구,11680,시군구,2020,210648,15694857.0,74.508
A0101,서울,강남구,11680,시군구,2021,215441,17417230.0,80.845
A0101,서울,강남구,11680,시군구,2022,225664,18950177.0,83.975
A0101,서울,강남구,11680,시군구,2023,238504,20320151.0,85.198
A0102,서울,강동구,11740,시군구,2016,161558,5577333.0,34.522
A0102,서울,강동구,11740,시군구,2017,160084,5788728.0,36.161
A0102,서울,강동구,11740,시군구,2018,164967,6254566.0,37.914
A0102,서울,강동구,11740,시군구,2019,183504,7407086.0,40.365
A0102,서울,강동구,11740,시군구,2020,188760,7827655.0,41.469
A0102,서울,강동구,11740,시군구,2021,191800,8449977.0,44.056
A0102,서울,강동구,11740,시군구,2022,197014,9045655.0,45.914
A0102,서울,강동구,11740,시군구,2023,202336,9636540.0,47.626
A0103,서울,강북구,11305,시군구,2016,102053,2632574.0,25.796
A0103,서울,강북구,11305,시군구,2017,101879,2749477.0,26.988
A0103,서울,강북구,11305,시군구,2018,103160,2897863.0,28.091
A0103,서울,강북구,11305,시군구,2019,104773,3058999.0,29.196
A0103,서울,강북구,11305,시군구,2020,105092,3094916.0,29.45
A0103,서울,강북구,11305,시군구,2021,105266,3259552.0,30.965
A0103,서울,강북구,11305,시군구,2022,106480,3509671.0,32.961
A0103,서울,강북구,11305,시군구,2023,105168,3552047.0,33.775
A0104,서울,강서구,11500,시군구,2016,232996,7628623.0,32.741
A0104,서울,강서구,11500,시군구,2017,235487,8133889.0,34.541
A0104,서울,강서구,11500,시군구,2018,241919,8719706.0,36.044
A0104,서울,강서구,11500,시군구,2019,244918,9087948.0,37.106
A0104,서울,강서구,11500,시군구,2020,247380,9228565.0,37.305
A0104,서울,강서구,11500,시군구,2021,251917,9911518.0,39.344
A0104,서울,강서구,11500,시군구,2022,255875,10790892.0,42.173
A0104,서울,강서구,11500,시군구,2023,254704,11115420.0,43.641
A0105,서울,관악구,11620,시군구,2016,201656,5745259.0,28.49
A0105,서울,관악구,11620,시군구,2017,204654,6065462.0,29.638
A0105,서울,관악구,11620,시군구,2018,211360,6487537.0,30.694
A0105,서울,관악구,11620,시군구,2019,216841,6830972.0,31.502
A0105,서울,관악구,11620,시군구,2020,216393,6929881.0,32.025
A0105,서울,관악구,11620,시군구,2021,223714,7517118.0,33.601
A0105,서울,관악구,11620,시군구,2022,231654,8290665.0,35.789
A0105,서울,관악구,11620,시군구,2023,230093,8453248.0,36.738
A0106,서울,광진구,11215,시군구,2016,137552,4631001.0,33.667
A0106,서울,광진구,11215,시군구,2017,139100,4923083.0,35.392
A0106,서울,광진구,11215,시군구,2018,142225,5223826.0,36.729
A0106,서울,광진구,11215,시군구,2019,145146,5469408.0,37.682
A0106,서울,광진구,11215,시군구,2020,145864,5604978.0,38.426
A0106,서울,광진구,11215,시군구,2021,149746,6096454.0,40.712
A0106,서울,광진구,11215,시군구,2022,152660,6601797.0,43.245
A0106,서울,광진구,11215,시군구,2023,153095,6787398.0,44.335
A0107,서울,구로구,11530,시군구,2016,163144,5027109.0,30.814
A0107,서울,구로구,11530,시군구,2017,161581,5236393.0,32.407
A0107,서울,구로구,11530,시군구,2018,166375,5584744.0,33.567
A0107,서울,구로구,11530,시군구,2019,171435,5943790.0,34.671
A0107,서울,구로구,11530,시군구,2020,171270,6053085.0,35.342
A0107,서울,구로구,11530,시군구,2021,173678,6478283.0,37.301
A0107,서울,구로구,11530,시군구,2022,179596,7108919.0,39.583
A0107,서울,구로구,11530,시군구,2023,179213,7289485.0,40.675
A0108,서울,금천구,11545,시군구,2016,90925,2397028.0,26.363
A0108,서울,금천구,11545,시군구,2017,90998,2517894.0,27.67
A0108,서울,금천구,11545,시군구,2018,94939,2750939.0,28.976
A0108,서울,금천구,11545,시군구,2019,98708,2958726.0,29.975
A0108,서울,금천구,11545,시군구,2020,100479,3090062.0,30.753
A0108,서울,금천구,11545,시군구,2021,103985,3374171.0,32.449
A0108,서울,금천구,11545,시군구,2022,106203,3663588.0,34.496
A0108,서울,금천구,11545,시군구,2023,106095,3763785.0,35.476
A0109,서울,노원구,11350,시군구,2016,189359,6462286.0,34.127
A0109,서울,노원구,11350,시군구,2017,187809,6657118.0,35.446
A0109,서울,노원구,11350,시군구,2018,188666,6900803.0,36.577
A0109,서울,노원구,11350,시군구,2019,190624,7165622.0,37.59
A0109,서울,노원구,11350,시군구,2020,191132,7325413.0,38.326
A0109,서울,노원구,11350,시군구,2021,193811,7745559.0,39.964
A0109,서울,노원구,11350,시군구,2022,197319,8232262.0,41.721
A0109,서울,노원구,11350,시군구,2023,197526,8435368.0,42.705
A0110,서울,도봉구,11320,시군구,2016,116562,3398850.0,29.159
A0110,서울,도봉구,11320,시군구,2017,116233,3509818.0,30.196
A0110,서울,도봉구,11320,시군구,2018,118008,3662835.0,31.039
A0110,서울,도봉구,11320,시군구,2019,118459,3776964.0,31.884
A0110,서울,도봉구,11320,시군구,2020,117727,3806073.0,32.33
A0110,서울,도봉구,11320,시군구,2021,117908,3991429.0,33.852
A0110,서울,도봉구,11320,시군구,2022,119598,4236110.0,35.42
A0110,서울,도봉구,11320,시군구,2023,118976,4316725.0,36.282
A0111,서울,동대문구,11230,시군구,2016,116108,3517492.0,30.295
A0111,서울,동대문구,11230,시군구,2017,117278,3761164.0,32.07
A0111,서울,동대문구,11230,시군구,2018,120420,4046113.0,33.6
A0111,서울,동대문구,11230,시군구,2019,124535,4333325.0,34.796
A0111,서울,동대문구,11230,시군구,2020,125527,4478814.0,35.68
A0111,서울,동대문구,11230,시군구,2021,129267,4891094.0,37.837
A0111,서울,동대문구,11230,시군구,2022,134518,5423276.0,40.316
A0111,서울,동대문구,11230,시군구,2023,137923,5793908.0,42.008
A0112,서울,동작구,11590,시군구,2016,152208,5586855.0,36.705
A0112,서울,동작구,11590,시군구,2017,153530,5879398.0,38.295
A0112,서울,동작구,11590,시군구,2018,159483,6334088.0,39.716
A0112,서울,동작구,11590,시군구,2019,162746,6627712.0,40.724
A0112,서울,동작구,11590,시군구,2020,163106,6818437.0,41.804
A0112,서울,동작구,11590,시군구,2021,166747,7368294.0,44.188
A0112,서울,동작구,11590,시군구,2022,170614,7968173.0,46.703
A0112,서울,동작구,11590,시군구,2023,171523,8172022.0,47.644
A0113,서울,마포구,11440,시군구,2016,145471,5906142.0,40.6
A0113,서울,마포구,11440,시군구,2017,147786,6296498.0,42.606
A0113,서울,마포구,11440,시군구,2018,151737,6775997.0,44.656
A0113,서울,마포구,11440,시군구,2019,155708,7256814.0,46.605
A0113,서울,마포구,11440,시군구,2020,157471,7545532.0,47.917
A0113,서울,마포구,11440,시군구,2021,160441,8210265.0,51.173
A0113,서울,마포구,11440,시군구,2022,165345,8932550.0,54.024
A0113,서울,마포구,11440,시군구,2023,165864,9142659.0,55.121
A0114,서울,서대문구,11410,시군구,2016,111454,3998679.0,35.877
A0114,서울,서대문구,11410,시군구,2017,112336,4198678.0,37.376
A0114,서울,서대문구,11410,시군구,2018,115025,4527785.0,39.363
A0114,서울,서대문구,11410,시군구,2019,120695,4951826.0,41.028
A0114,서울,서대문구,11410,시군구,2020,121352,5104712.0,42.065
A0114,서울,서대문구,11410,시군구,2021,124209,5536145.0,44.571
A0114,서울,서대문구,11410,시군구,2022,129392,6069807.0,46.91
A0114,서울,서대문구,11410,시군구,2023,129409,6234739.0,48.179
A0115,서울,서초구,11650,시군구,2016,167281,10537994.0,62.996
A0115,서울,서초구,11650,시군구,2017,165289,11302263.0,68.379
A0115,서울,서초구,11650,시군구,2018,167303,11515210.0,68.828
A0115,서울,서초구,11650,시군구,2019,168577,11969079.0,71.001
A0115,서울,서초구,11650,시군구,2020,167560,12440121.0,74.243
A0115,서울,서초구,11650,시군구,2021,169251,13591150.0,80.302
A0115,서울,서초구,11650,시군구,2022,173285,14519728.0,83.791
A0115,서울,서초구,11650,시군구,2023,177147,15231642.0,85.983
A0116,서울,성동구,11200,시군구,2016,112246,4440760.0,39.563
A0116,서울,성동구,11200,시군구,2017,116056,4901455.0,42.234
A0116,서울,성동구,11200,시군구,2018,116783,5176267.0,44.324
A0116,서울,성동구,11200,시군구,2019,117425,5403559.0,46.017
A0116,서울,성동구,11200,시군구,2020,116962,5618585.0,48.038
A0116,서울,성동구,11200,시군구,2021,118079,6182497.0,52.359
A0116,서울,성동구,11200,시군구,2022,120613,6605936.0,54.77
A0116,서울,성동구,11200,시군구,2023,120927,6791990.0,56.166
A0117,서울,성북구,11290,시군구,2016,144985,5151143.0,35.529
A0117,서울,성북구,11290,시군구,2017,143992,5379933.0,37.363
A0117,서울,성북구,11290,시군구,2018,151398,5800967.0,38.316
A0117,서울,성북구,11290,시군구,2019,155413,6096249.0,39.226
A0117,서울,성북구,11290,시군구,2020,157110,6346927.0,40.398
A0117,서울,성북구,11290,시군구,2021,161948,6817860.0,42.099
A0117,서울,성북구,11290,시군구,2022,165421,7301879.0,44.141
A0117,서울,성북구,11290,시군구,2023,166259,7535577.0,45.324
A0118,서울,송파구,11710,시군구,2016,258616,11548756.0,44.656
A0118,서울,송파구,11710,시군구,2017,263450,12265302.0,46.556
A0118,서울,송파구,11710,시군구,2018,276246,13465942.0,48.746
A0118,서울,송파구,11710,시군구,2019,280281,14132599.0,50.423
A0118,서울,송파구,11710,시군구,2020,279766,14528899.0,51.932
A0118,서울,송파구,11710,시군구,2021,288607,16031591.0,55.548
A0118,서울,송파구,11710,시군구,2022,295467,17169144.0,58.108
A0118,서울,송파구,11710,시군구,2023,298078,17607778.0,59.071
A0119,서울,양천구,11470,시군구,2016,170163,6937326.0,40.769
A0119,서울,양천구,11470,시군구,2017,169639,7231996.0,42.632
A0119,서울,양천구,11470,시군구,2018,171825,7602673.0,44.247
A0119,서울,양천구,11470,시군구,2019,175324,7994256.0,45.597
A0119,서울,양천구,11470,시군구,2020,176232,8230881.0,46.705
A0119,서울,양천구,11470,시군구,2021,178012,8766150.0,49.245
A0119,서울,양천구,11470,시군구,2022,180989,9359131.0,51.711
A0119,서울,양천구,11470,시군구,2023,180868,9564714.0,52.882
A0120,서울,영등포구,11560,시군구,2016,152777,5800786.0,37.969
A0120,서울,영등포구,11560,시군구,2017,155880,6204667.0,39.804
A0120,서울,영등포구,11560,시군구,2018,161219,6690935.0,41.502
A0120,서울,영등포구,11560,시군구,2019,170673,7361189.0,43.13
A0120,서울,영등포구,11560,시군구,2020,175657,7790072.0,44.348
A0120,서울,영등포구,11560,시군구,2021,180069,8524447.0,47.34
A0120,서울,영등포구,11560,시군구,2022,185385,9335561.0,50.358
A0120,서울,영등포구,11560,시군구,2023,188468,9710997.0,51.526
A0121,서울,용산구,11170,시군구,2016,84895,4529872.0,53.359
A0121,서울,용산구,11170,시군구,2017,86131,4920956.0,57.133
A0121,서울,용산구,11170,시군구,2018,89004,5226355.0,58.72
A0121,서울,용산구,11170,시군구,2019,92706,5800844.0,62.572
A0121,서울,용산구,11170,시군구,2020,94157,6101895.0,64.806
A0121,서울,용산구,11170,시군구,2021,96547,6727198.0,69.678
A0121,서울,용산구,11170,시군구,2022,97772,7455108.0,76.25
A0121,서울,용산구,11170,시군구,2023,93602,7313435.0,78.133
A0122,서울,은평구,11380,시군구,2016,170587,5120914.0,30.019
A0122,서울,은평구,11380,시군구,2017,172499,5418547.0,31.412
A0122,서울,은평구,11380,시군구,2018,177256,5844440.0,32.972
A0122,서울,은평구,11380,시군구,2019,183408,6306182.0,34.383
A0122,서울,은평구,11380,시군구,2020,185161,6476590.0,34.978
A0122,서울,은평구,11380,시군구,2021,190030,6995460.0,36.812
A0122,서울,은평구,11380,시군구,2022,192940,7500760.0,38.876
A0122,서울,은평구,11380,시군구,2023,195639,7859384.0,40.173
A0123,서울,종로구,11110,시군구,2016,50296,2234441.0,44.426
A0123,서울,종로구,11110,시군구,2017,50344,2338359.0,46.448
A0123,서울,종로구,11110,시군구,2018,51243,2432965.0,47.479
A0123,서울,종로구,11110,시군구,2019,52543,2551645.0,48.563
A0123,서울,종로구,11110,시군구,2020,53459,2615221.0,48.92
A0123,서울,종로구,11110,시군구,2021,54251,2826878.0,52.107
A0123,서울,종로구,11110,시군구,2022,55304,3047511.0,55.105
A0123,서울,종로구,11110,시군구,2023,55994,3106092.0,55.472
A0124,서울,중구,11140,시군구,2016,42682,1746785.0,40.926
A0124,서울,중구,11140,시군구,2017,43720,1883631.0,43.084
A0124,서울,중구,11140,시군구,2018,45603,2040026.0,44.734
A0124,서울,중구,11140,시군구,2019,47160,2173922.0,46.097
A0124,서울,중구,11140,시군구,2020,48379,2284479.0,47.22
A0124,서울,중구,11140,시군구,2021,49343,2437689.0,49.403
A0124,서울,중구,11140,시군구,2022,51606,2757336.0,53.431
A0124,서울,중구,11140,시군구,2023,53157,2926665.0,55.057
A0125,서울,중랑구,11260,시군구,2016,139230,3678356.0,26.419
A0125,서울,중랑구,11260,시군구,2017,139400,3869027.0,27.755
A0125,서울,중랑구,11260,시군구,2018,141421,4093528.0,28.946
A0125,서울,중랑구,11260,시군구,2019,145250,4394220.0,30.253
A0125,서울,중랑구,11260,시군구,2020,145865,4540147.0,31.126
A0125,서울,중랑구,11260,시군구,2021,150177,4918495.0,32.751
A0125,서울,중랑구,11260,시군구,2022,152951,5296654.0,34.63
A0125,서울,중랑구,11260,시군구,2023,153654,5492839.0,35.748
A0201,인천,강화군,28710,시군구,2016,16496,461539.0,27.979
A0201,인천,강화군,28710,시군구,2017,16686,497778.0,29.832
A0201,인천,강화군,28710,시군구,2018,17584,538991.0,30.652
A0201,인천,강화군,28710,시군구,2019,18228,576903.0,31.649
A0201,인천,강화군,28710,시군구,2020,18611,608916.0,32.718
A0201,인천,강화군,28710,시군구,2021,19389,656995.0,33.885
A0201,인천,강화군,28710,시군구,2022,19878,694567.0,34.941
A0201,인천,강화군,28710,시군구,2023,20163,727420.0,36.077
A0202,인천,계양구,28245,시군구,2016,117864,3155754.0,26.775
A0202,인천,계양구,28245,시군구,2017,115428,3217046.0,27.871
A0202,인천,계양구,28245,시군구,2018,115471,3355163.0,29.056
A0202,인천,계양구,28245,시군구,2019,115518,3444659.0,29.819
A0202,인천,계양구,28245,시군구,2020,115405,3491997.0,30.259
A0202,인천,계양구,28245,시군구,2021,117649,3708197.0,31.519
A0202,인천,계양구,28245,시군구,2022,118204,3927373.0,33.225
A0202,인천,계양구,28245,시군구,2023,118016,4078575.0,34.56
A0204,인천,남동구,28200,시군구,2016,197366,5769046.0,29.23
A0204,인천,남동구,28200,시군구,2017,200579,6119666.0,30.51
A0204,인천,남동구,28200,시군구,2018,203668,6459181.0,31.714
A0204,인천,남동구,28200,시군구,2019,205796,6691258.0,32.514
A0204,인천,남동구,28200,시군구,2020,204044,6759451.0,33.127
A0204,인천,남동구,28200,시군구,2021,205158,7058367.0,34.405
A0204,인천,남동구,28200,시군구,2022,206471,7423198.0,35.953
A0204,인천,남동구,28200,시군구,2023,203591,7521085.0,36.942
A0205,인천,동구,28140,시군구,2016,23622,634890.0,26.877
A0205,인천,동구,28140,시군구,2017,22857,636420.0,27.844
A0205,인천,동구,28140,시군구,2018,22514,655247.0,29.104
A0205,인천,동구,28140,시군구,2019,22251,664408.0,29.86
A0205,인천,동구,28140,시군구,2020,22596,683923.0,30.267
A0205,인천,동구,28140,시군구,2021,21975,697173.0,31.726
A0205,인천,동구,28140,시군구,2022,23604,783685.0,33.201
A0205,인천,동구,28140,시군구,2023,23312,796995.0,34.188
A0206,인천,부평구,28237,시군구,2016,192958,5538274.0,28.702
A0206,인천,부평구,28237,시군구,2017,190072,5653343.0,29.743
A0206,인천,부평구,28237,시군구,2018,191554,5900007.0,30.801
A0206,인천,부평구,28237,시군구,2019,188839,5978749.0,31.661
A0206,인천,부평구,28237,시군구,2020,189227,6085213.0,32.158
A0206,인천,부평구,28237,시군구,2021,196804,6584098.0,33.455
A0206,인천,부평구,28237,시군구,2022,202982,7167740.0,35.312
A0206,인천,부평구,28237,시군구,2023,208022,7613126.0,36.598
A0207,인천,서구,28260,시군구,2016,191436,5777262.0,30.179
A0207,인천,서구,28260,시군구,2017,204429,6487286.0,31.734
A0207,인천,서구,28260,시군구,2018,215118,7133932.0,33.163
A0207,인천,서구,28260,시군구,2019,220075,7513088.0,34.139
A0207,인천,서구,28260,시군구,2020,225215,7857194.0,34.888
A0207,인천,서구,28260,시군구,2021,243717,8962318.0,36.773
A0207,인천,서구,28260,시군구,2022,263904,10271460.0,38.921
A0207,인천,서구,28260,시군구,2023,276992,11191102.0,40.402
A0208,인천,연수구,28185,시군구,2016,126094,4960740.0,39.342
A0208,인천,연수구,28185,시군구,2017,132523,5501794.0,41.516
A0208,인천,연수구,28185,시군구,2018,145641,6285775.0,43.159
A0208,인천,연수구,28185,시군구,2019,156898,6944424.0,44.261
A0208,인천,연수구,28185,시군구,2020,162367,7360522.0,45.333
A0208,인천,연수구,28185,시군구,2021,165253,7836939.0,47.424
A0208,인천,연수구,28185,시군구,2022,171891,8540647.0,49.686
A0208,인천,연수구,28185,시군구,2023,178787,9216348.0,51.549
A0209,인천,옹진군,28720,시군구,2016,6775,231291.0,34.139
A0209,인천,옹진군,28720,시군구,2017,6608,238912.0,36.155
A0209,인천,옹진군,28720,시군구,2018,6581,245521.0,37.308
A0209,인천,옹진군,28720,시군구,2019,6618,252040.0,38.084
A0209,인천,옹진군,28720,시군구,2020,6820,261532.0,38.348
A0209,인천,옹진군,28720,시군구,2021,7175,282290.0,39.344
A0209,인천,옹진군,28720,시군구,2022,7352,298901.0,40.656
A0209,인천,옹진군,28720,시군구,2023,7216,304361.0,42.179
A0210,인천,중구,28110,시군구,2016,43445,1334702.0,30.722
A0210,인천,중구,28110,시군구,2017,46263,1470534.0,31.786
A0210,인천,중구,28110,시군구,2018,53818,1790674.0,33.273
A0210,인천,중구,28110,시군구,2019,58918,2022298.0,34.324
A0210,인천,중구,28110,시군구,2020,60490,2067983.0,34.187
A0210,인천,중구,28110,시군구,2021,65217,2341612.0,35.905
A0210,인천,중구,28110,시군구,2022,70079,2655054.0,37.887
A0210,인천,중구,28110,시군구,2023,76177,2985477.0,39.191
A0301,경기,가평군,41820,시군구,2016,16125,468061.0,29.027
A0301,경기,가평군,41820,시군구,2017,16755,498979.0,29.781
A0301,경기,가평군,41820,시군구,2018,17413,538582.0,30.93
A0301,경기,가평군,41820,시군구,2019,18403,582770.0,31.667
A0301,경기,가평군,41820,시군구,2020,19039,612021.0,32.146
A0301,경기,가평군,41820,시군구,2021,19922,653544.0,32.805
A0301,경기,가평군,41820,시군구,2022,20549,711163.0,34.608
A0301,경기,가평군,41820,시군구,2023,21337,742852.0,34.815
A0302,경기,고양시,41281,시(구 합산),2016,366259,12974288.0,35.424
A0302,경기,고양시,41281,시(구 합산),2017,373243,13747805.0,36.833
A0302,경기,고양시,41281,시(구 합산),2018,394386,14974032.0,37.968
A0302,경기,고양시,41281,시(구 합산),2019,411674,15952594.0,38.751
A0302,경기,고양시,41281,시(구 합산),2020,420734,16586985.0,39.424
A0302,경기,고양시,41281,시(구 합산),2021,430738,17723647.0,41.147
A0302,경기,고양시,41281,시(구 합산),2022,444502,19224848.0,43.25
A0302,경기,고양시,41281,시(구 합산),2023,448302,19765677.0,44.09
A0302,경기,고양시,41285,시(구 합산),2016,366259,12974288.0,35.424
A0302,경기,고양시,41285,시(구 합산),2017,373243,13747805.0,36.833
A0302,경기,고양시,41285,시(구 합산),2018,394386,14974032.0,37.968
A0302,경기,고양시,41285,시(구 합산),2019,411674,15952594.0,38.751
A0302,경기,고양시,41285,시(구 합산),2020,420734,16586985.0,39.424
A0302,경기,고양시,41285,시(구 합산),2021,430738,17723647.0,41.147
A0302,경기,고양시,41285,시(구 합산),2022,444502,19224848.0,43.25
A0302,경기,고양시,41285,시(구 합산),2023,448302,19765677.0,44.09
A0302,경기,고양시,41287,시(구 합산),2016,366259,12974288.0,35.424
A0302,경기,고양시,41287,시(구 합산),2017,373243,13747805.0,36.833
A0302,경기,고양시,41287,시(구 합산),2018,394386,14974032.0,37.968
A0302,경기,고양시,41287,시(구 합산),2019,411674,15952594.0,38.751
A0302,경기,고양시,41287,시(구 합산),2020,420734,16586985.0,39.424
A0302,경기,고양시,41287,시(구 합산),2021,430738,17723647.0,41.147
A0302,경기,고양시,41287,시(구 합산),2022,444502,19224848.0,43.25
A0302,경기,고양시,41287,시(구 합산),2023,448302,19765677.0,44.09
A0303,경기,과천시,41290,시군구,2016,20765,1061511.0,51.12
A0303,경기,과천시,41290,시군구,2017,21137,1131964.0,53.554
A0303,경기,과천시,41290,시군구,2018,22090,1216033.0,55.049
A0303,경기,과천시,41290,시군구,2019,24638,1419235.0,57.603
A0303,경기,과천시,41290,시군구,2020,28504,1744659.0,61.208
A0303,경기,과천시,41290,시군구,2021,33291,2154993.0,64.732
A0303,경기,과천시,41290,시군구,2022,35308,2372812.0,67.203
A0303,경기,과천시,41290,시군구,2023,37802,2535300.0,67.068
A0304,경기,광명시,41210,시군구,2016,121719,3989674.0,32.778
A0304,경기,광명시,41210,시군구,2017,122265,4208258.0,34.419
A0304,경기,광명시,41210,시군구,2018,122485,4403923.0,35.955
A0304,경기,광명시,41210,시군구,2019,119938,4523196.0,37.713
A0304,경기,광명시,41210,시군구,2020,118140,4629369.0,39.185
A0304,경기,광명시,41210,시군구,2021,119666,4950295.0,41.368
A0304,경기,광명시,41210,시군구,2022,120052,5269715.0,43.895
A0304,경기,광명시,41210,시군구,2023,120523,5498780.0,45.624
A0305,경기,광주시,41610,시군구,2016,128823,3530559.0,27.406
A0305,경기,광주시,41610,시군구,2017,138842,4053752.0,29.197
A0305,경기,광주시,41610,시군구,2018,147116,4483658.0,30.477
A0305,경기,광주시,41610,시군구,2019,154704,4877284.0,31.527
A0305,경기,광주시,41610,시군구,2020,159331,5178275.0,32.5
A0305,경기,광주시,41610,시군구,2021,164276,5646979.0,34.375
A0305,경기,광주시,41610,시군구,2022,168293,6108774.0,36.298
A0305,경기,광주시,41610,시군구,2023,172200,6457002.0,37.497
A0306,경기,구리시,41310,시군구,2016,65978,2046806.0,31.023
A0306,경기,구리시,41310,시군구,2017,69613,2273560.0,32.66
A0306,경기,구리시,41310,시군구,2018,70498,2383488.0,33.809
A0306,경기,구리시,41310,시군구,2019,72567,2536566.0,34.955
A0306,경기,구리시,41310,시군구,2020,72023,2587367.0,35.924
A0306,경기,구리시,41310,시군구,2021,72941,2756371.0,37.789
A0306,경기,구리시,41310,시군구,2022,74649,2967758.0,39.756
A0306,경기,구리시,41310,시군구,2023,75279,3069136.0,40.77
A0307,경기,군포시,41410,시군구,2016,110316,3810903.0,34.545
A0307,경기,군포시,41410,시군구,2017,110056,3942720.0,35.825
A0307,경기,군포시,41410,시군구,2018,112149,4112638.0,36.671
A0307,경기,군포시,41410,시군구,2019,115068,4281940.0,37.212
A0307,경기,군포시,41410,시군구,2020,113917,4317959.0,37.904
A0307,경기,군포시,41410,시군구,2021,116265,4610835.0,39.658
A0307,경기,군포시,41410,시군구,2022,117880,4922478.0,41.758
A0307,경기,군포시,41410,시군구,2023,115933,4972800.0,42.894
A0308,경기,김포시,41570,시군구,2016,146844,4621679.0,31.473
A0308,경기,김포시,41570,시군구,2017,161399,5364457.0,33.237
A0308,경기,김포시,41570,시군구,2018,173760,5990552.0,34.476
A0308,경기,김포시,41570,시군구,2019,190841,6827048.0,35.773
A0308,경기,김포시,41570,시군구,2020,200502,7309850.0,36.458
A0308,경기,김포시,41570,시군구,2021,202230,7746150.0,38.304
A0308,경기,김포시,41570,시군구,2022,208826,8349348.0,39.982
A0308,경기,김포시,41570,시군구,2023,211909,8735291.0,41.222
A0309,경기,남양주시,41360,시군구,2016,209273,6107400.0,29.184
A0309,경기,남양주시,41360,시군구,2017,219536,6770298.0,30.839
A0309,경기,남양주시,41360,시군구,2018,235230,7571623.0,32.188
A0309,경기,남양주시,41360,시군구,2019,247227,8212193.0,33.217
A0309,경기,남양주시,41360,시군구,2020,259176,8893061.0,34.313
A0309,경기,남양주시,41360,시군구,2021,269908,9671856.0,35.834
A0309,경기,남양주시,41360,시군구,2022,276040,10359948.0,37.531
A0309,경기,남양주시,41360,시군구,2023,279523,10777736.0,38.558
A0310,경기,동두천시,41250,시군구,2016,30852,748185.0,24.251
A0310,경기,동두천시,41250,시군구,2017,31310,800016.0,25.551
A0310,경기,동두천시,41250,시군구,2018,31595,845323.0,26.755
A0310,경기,동두천시,41250,시군구,2019,32035,891626.0,27.833
A0310,경기,동두천시,41250,시군구,2020,32600,917088.0,28.132
A0310,경기,동두천시,41250,시군구,2021,33283,968299.0,29.093
A0310,경기,동두천시,41250,시군구,2022,32721,989131.0,30.229
A0310,경기,동두천시,41250,시군구,2023,32537,1001605.0,30.784
A0311,경기,부천시,41192,시(구 합산),2016,312782,9065738.0,28.984
A0311,경기,부천시,41192,시(구 합산),2017,316214,9621747.0,30.428
A0311,경기,부천시,41192,시(구 합산),2018,320237,10127255.0,31.624
A0311,경기,부천시,41192,시(구 합산),2019,324619,10601549.0,32.658
A0311,경기,부천시,41192,시(구 합산),2020,323418,10779258.0,33.329
A0311,경기,부천시,41192,시(구 합산),2021,326090,11355730.0,34.824
A0311,경기,부천시,41192,시(구 합산),2022,332304,12194437.0,36.697
A0311,경기,부천시,41192,시(구 합산),2023,329632,12522787.0,37.99
A0311,경기,부천시,41194,시(구 합산),2016,312782,9065738.0,28.984
A0311,경기,부천시,41194,시(구 합산),2017,316214,9621747.0,30.428
A0311,경기,부천시,41194,시(구 합산),2018,320237,10127255.0,31.624
A0311,경기,부천시,41194,시(구 합산),2019,324619,10601549.0,32.658
A0311,경기,부천시,41194,시(구 합산),2020,323418,10779258.0,33.329
A0311,경기,부천시,41194,시(구 합산),2021,326090,11355730.0,34.824
A0311,경기,부천시,41194,시(구 합산),2022,332304,12194437.0,36.697
A0311,경기,부천시,41194,시(구 합산),2023,329632,12522787.0,37.99
A0311,경기,부천시,41196,시(구 합산),2016,312782,9065738.0,28.984
A0311,경기,부천시,41196,시(구 합산),2017,316214,9621747.0,30.428
A0311,경기,부천시,41196,시(구 합산),2018,320237,10127255.0,31.624
A0311,경기,부천시,41196,시(구 합산),2019,324619,10601549.0,32.658
A0311,경기,부천시,41196,시(구 합산),2020,323418,10779258.0,33.329
A0311,경기,부천시,41196,시(구 합산),2021,326090,11355730.0,34.824
A0311,경기,부천시,41196,시(구 합산),2022,332304,12194437.0,36.697
A0311,경기,부천시,41196,시(구 합산),2023,329632,12522787.0,37.99
A0311,경기,부천시,41190,시(구 합산),2016,312782,9065738.0,28.984
A0311,경기,부천시,41190,시(구 합산),2017,316214,9621747.0,30.428
A0311,경기,부천시,41190,시(구 합산),2018,320237,10127255.0,31.624
A0311,경기,부천시,41190,시(구 합산),2019,324619,10601549.0,32.658
A0311,경기,부천시,41190,시(구 합산),2020,323418,10779258.0,33.329
A0311,경기,부천시,41190,시(구 합산),2021,326090,11355730.0,34.824
A0311,경기,부천시,41190,시(구 합산),2022,332304,12194437.0,36.697
A0311,경기,부천시,41190,시(구 합산),2023,329632,12522787.0,37.99
A0312,경기,성남시,41131,시(구 합산),2016,370185,15664383.0,42.315
A0312,경기,성남시,41131,시(구 합산),2017,368502,16541932.0,44.89
A0312,경기,성남시,41131,시(구 합산),2018,374999,17418515.0,46.449
A0312,경기,성남시,41131,시(구 합산),2019,385745,18448794.0,47.826
A0312,경기,성남시,41131,시(구 합산),2020,389321,19487216.0,50.054
A0312,경기,성남시,41131,시(구 합산),2021,396131,21443204.0,54.132
A0312,경기,성남시,41131,시(구 합산),2022,406988,23013533.0,56.546
A0312,경기,성남시,41131,시(구 합산),2023,410012,23656755.0,57.698
A0312,경기,성남시,41133,시(구 합산),2016,370185,15664383.0,42.315
A0312,경기,성남시,41133,시(구 합산),2017,368502,16541932.0,44.89
A0312,경기,성남시,41133,시(구 합산),2018,374999,17418515.0,46.449
A0312,경기,성남시,41133,시(구 합산),2019,385745,18448794.0,47.826
A0312,경기,성남시,41133,시(구 합산),2020,389321,19487216.0,50.054
A0312,경기,성남시,41133,시(구 합산),2021,396131,21443204.0,54.132
A0312,경기,성남시,41133,시(구 합산),2022,406988,23013533.0,56.546
A0312,경기,성남시,41133,시(구 합산),2023,410012,23656755.0,57.698
A0312,경기,성남시,41135,시(구 합산),2016,370185,15664383.0,42.315
A0312,경기,성남시,41135,시(구 합산),2017,368502,16541932.0,44.89
A0312,경기,성남시,41135,시(구 합산),2018,374999,17418515.0,46.449
A0312,경기,성남시,41135,시(구 합산),2019,385745,18448794.0,47.826
A0312,경기,성남시,41135,시(구 합산),2020,389321,19487216.0,50.054
A0312,경기,성남시,41135,시(구 합산),2021,396131,21443204.0,54.132
A0312,경기,성남시,41135,시(구 합산),2022,406988,23013533.0,56.546
A0312,경기,성남시,41135,시(구 합산),2023,410012,23656755.0,57.698
A0313,경기,수원시,41111,시(구 합산),2016,466397,17427388.0,37.366
A0313,경기,수원시,41111,시(구 합산),2017,472602,18544153.0,39.238
A0313,경기,수원시,41111,시(구 합산),2018,483881,19800361.0,40.92
A0313,경기,수원시,41111,시(구 합산),2019,494957,20537329.0,41.493
A0313,경기,수원시,41111,시(구 합산),2020,501599,21611417.0,43.085
A0313,경기,수원시,41111,시(구 합산),2021,520391,23846620.0,45.824
A0313,경기,수원시,41111,시(구 합산),2022,537625,25501862.0,47.434
A0313,경기,수원시,41111,시(구 합산),2023,546280,26449446.0,48.417
A0313,경기,수원시,41113,시(구 합산),2016,466397,17427388.0,37.366
A0313,경기,수원시,41113,시(구 합산),2017,472602,18544153.0,39.238
A0313,경기,수원시,41113,시(구 합산),2018,483881,19800361.0,40.92
A0313,경기,수원시,41113,시(구 합산),2019,494957,20537329.0,41.493
A0313,경기,수원시,41113,시(구 합산),2020,501599,21611417.0,43.085
A0313,경기,수원시,41113,시(구 합산),2021,520391,23846620.0,45.824
A0313,경기,수원시,41113,시(구 합산),2022,537625,25501862.0,47.434
A0313,경기,수원시,41113,시(구 합산),2023,546280,26449446.0,48.417
A0313,경기,수원시,41115,시(구 합산),2016,466397,17427388.0,37.366
A0313,경기,수원시,41115,시(구 합산),2017,472602,18544153.0,39.238
A0313,경기,수원시,41115,시(구 합산),2018,483881,19800361.0,40.92
A0313,경기,수원시,41115,시(구 합산),2019,494957,20537329.0,41.493
A0313,경기,수원시,41115,시(구 합산),2020,501599,21611417.0,43.085
A0313,경기,수원시,41115,시(구 합산),2021,520391,23846620.0,45.824
A0313,경기,수원시,41115,시(구 합산),2022,537625,25501862.0,47.434
A0313,경기,수원시,41115,시(구 합산),2023,546280,26449446.0,48.417
A0313,경기,수원시,41117,시(구 합산),2016,466397,17427388.0,37.366
A0313,경기,수원시,41117,시(구 합산),2017,472602,18544153.0,39.238
A0313,경기,수원시,41117,시(구 합산),2018,483881,19800361.0,40.92
A0313,경기,수원시,41117,시(구 합산),2019,494957,20537329.0,41.493
A0313,경기,수원시,41117,시(구 합산),2020,501599,21611417.0,43.085
A0313,경기,수원시,41117,시(구 합산),2021,520391,23846620.0,45.824
A0313,경기,수원시,41117,시(구 합산),2022,537625,25501862.0,47.434
A0313,경기,수원시,41117,시(구 합산),2023,546280,26449446.0,48.417
A0314,경기,시흥시,41390,시군구,2016,168191,4639514.0,27.585
A0314,경기,시흥시,41390,시군구,2017,183809,5455943.0,29.683
A0314,경기,시흥시,41390,시군구,2018,200579,6180276.0,30.812
A0314,경기,시흥시,41390,시군구,2019,215965,6939565.0,32.133
A0314,경기,시흥시,41390,시군구,2020,227413,7453443.0,32.775
A0314,경기,시흥시,41390,시군구,2021,231806,7975474.0,34.406
A0314,경기,시흥시,41390,시군구,2022,240380,8724840.0,36.296
A0314,경기,시흥시,41390,시군구,2023,242620,9153782.0,37.729
A0315,경기,안산시,41271,시(구 합산),2016,264023,7461456.0,28.261
A0315,경기,안산시,41271,시(구 합산),2017,259050,7716098.0,29.786
A0315,경기,안산시,41271,시(구 합산),2018,264826,8179444.0,30.886
A0315,경기,안산시,41271,시(구 합산),2019,271719,8691711.0,31.988
A0315,경기,안산시,41271,시(구 합산),2020,275288,8958939.0,32.544
A0315,경기,안산시,41271,시(구 합산),2021,278866,9418851.0,33.776
A0315,경기,안산시,41271,시(구 합산),2022,281127,10018511.0,35.637
A0315,경기,안산시,41271,시(구 합산),2023,278262,10206754.0,36.68
A0315,경기,안산시,41273,시(구 합산),2016,264023,7461456.0,28.261
A0315,경기,안산시,41273,시(구 합산),2017,259050,7716098.0,29.786
A0315,경기,안산시,41273,시(구 합산),2018,264826,8179444.0,30.886
A0315,경기,안산시,41273,시(구 합산),2019,271719,8691711.0,31.988
A0315,경기,안산시,41273,시(구 합산),2020,275288,8958939.0,32.544
A0315,경기,안산시,41273,시(구 합산),2021,278866,9418851.0,33.776
A0315,경기,안산시,41273,시(구 합산),2022,281127,10018511.0,35.637
A0315,경기,안산시,41273,시(구 합산),2023,278262,10206754.0,36.68
A0316,경기,안성시,41550,시군구,2016,67936,1932462.0,28.445
A0316,경기,안성시,41550,시군구,2017,69311,2069924.0,29.864
A0316,경기,안성시,41550,시군구,2018,71627,2230201.0,31.136
A0316,경기,안성시,41550,시군구,2019,74551,2392536.0,32.093
A0316,경기,안성시,41550,시군구,2020,77393,2541824.0,32.843
A0316,경기,안성시,41550,시군구,2021,79168,2703472.0,34.149
A0316,경기,안성시,41550,시군구,2022,81392,2904252.0,35.682
A0316,경기,안성시,41550,시군구,2023,85849,3147415.0,36.662
A0317,경기,안양시,41171,시(구 합산),2016,224456,7978367.0,35.545
A0317,경기,안양시,41171,시(구 합산),2017,224076,8310010.0,37.086
A0317,경기,안양시,41171,시(구 합산),2018,226432,8739004.0,38.594
A0317,경기,안양시,41171,시(구 합산),2019,225103,8933463.0,39.686
A0317,경기,안양시,41171,시(구 합산),2020,227185,9282508.0,40.859
A0317,경기,안양시,41171,시(구 합산),2021,235434,10116838.0,42.971
A0317,경기,안양시,41171,시(구 합산),2022,241277,10897228.0,45.165
A0317,경기,안양시,41171,시(구 합산),2023,247565,11572863.0,46.747
A0317,경기,안양시,41173,시(구 합산),2016,224456,7978367.0,35.545
A0317,경기,안양시,41173,시(구 합산),2017,224076,8310010.0,37.086
A0317,경기,안양시,41173,시(구 합산),2018,226432,8739004.0,38.594
A0317,경기,안양시,41173,시(구 합산),2019,225103,8933463.0,39.686
A0317,경기,안양시,41173,시(구 합산),2020,227185,9282508.0,40.859
A0317,경기,안양시,41173,시(구 합산),2021,235434,10116838.0,42.971
A0317,경기,안양시,41173,시(구 합산),2022,241277,10897228.0,45.165
A0317,경기,안양시,41173,시(구 합산),2023,247565,11572863.0,46.747
A0318,경기,양주시,41630,시군구,2016,72644,1847743.0,25.436
A0318,경기,양주시,41630,시군구,2017,74998,2012094.0,26.829
A0318,경기,양주시,41630,시군구,2018,80487,2256037.0,28.03
A0318,경기,양주시,41630,시군구,2019,85886,2509595.0,29.22
A0318,경기,양주시,41630,시군구,2020,89097,2682639.0,30.109
A0318,경기,양주시,41630,시군구,2021,92129,2899103.0,31.468
A0318,경기,양주시,41630,시군구,2022,103976,3439346.0,33.078
A0318,경기,양주시,41630,시군구,2023,117031,4026271.0,34.403
A0319,경기,양평군,41830,시군구,2016,28745,929782.0,32.346
A0319,경기,양평군,41830,시군구,2017,29515,1001585.0,33.935
A0319,경기,양평군,41830,시군구,2018,30998,1083324.0,34.948
A0319,경기,양평군,41830,시군구,2019,32329,1159961.0,35.88
A0319,경기,양평군,41830,시군구,2020,34322,1251692.0,36.469
A0319,경기,양평군,41830,시군구,2021,35877,1362896.0,37.988
A0319,경기,양평군,41830,시군구,2022,37386,1468307.0,39.274
A0319,경기,양평군,41830,시군구,2023,39562,1575054.0,39.812
A0320,경기,여주시,41670,시군구,2016,34258,944080.0,27.558
A0320,경기,여주시,41670,시군구,2017,34910,1005678.0,28.808
A0320,경기,여주시,41670,시군구,2018,36027,1087436.0,30.184
A0320,경기,여주시,41670,시군구,2019,37318,1168496.0,31.312
A0320,경기,여주시,41670,시군구,2020,38251,1238814.0,32.386
A0320,경기,여주시,41670,시군구,2021,39758,1330746.0,33.471
A0320,경기,여주시,41670,시군구,2022,41318,1449026.0,35.07
A0320,경기,여주시,41670,시군구,2023,42608,1531932.0,35.954
A0321,경기,연천군,41800,시군구,2016,12939,366281.0,28.308
A0321,경기,연천군,41800,시군구,2017,12866,384376.0,29.875
A0321,경기,연천군,41800,시군구,2018,13066,404043.0,30.923
A0321,경기,연천군,41800,시군구,2019,13626,430090.0,31.564
A0321,경기,연천군,41800,시군구,2020,14213,447318.0,31.472
A0321,경기,연천군,41800,시군구,2021,14189,472302.0,33.286
A0321,경기,연천군,41800,시군구,2022,14527,492470.0,33.9
A0321,경기,연천군,41800,시군구,2023,14547,503805.0,34.633
A0322,경기,오산시,41370,시군구,2016,83366,2596168.0,31.142
A0322,경기,오산시,41370,시군구,2017,87328,2880396.0,32.984
A0322,경기,오산시,41370,시군구,2018,92688,3154682.0,34.035
A0322,경기,오산시,41370,시군구,2019,98039,3393367.0,34.612
A0322,경기,오산시,41370,시군구,2020,99921,3538918.0,35.417
A0322,경기,오산시,41370,시군구,2021,103783,3848433.0,37.082
A0322,경기,오산시,41370,시군구,2022,105596,4123190.0,39.047
A0322,경기,오산시,41370,시군구,2023,111561,4477847.0,40.138
A0323,경기,용인시,41461,시(구 합산),2016,363721,15080230.0,41.461
A0323,경기,용인시,41461,시(구 합산),2017,378478,16446578.0,43.455
A0323,경기,용인시,41461,시(구 합산),2018,401439,17934503.0,44.676
A0323,경기,용인시,41461,시(구 합산),2019,420491,19145308.0,45.531
A0323,경기,용인시,41461,시(구 합산),2020,431177,20242737.0,46.948
A0323,경기,용인시,41461,시(구 합산),2021,440551,22195226.0,50.381
A0323,경기,용인시,41461,시(구 합산),2022,454437,23775634.0,52.319
A0323,경기,용인시,41461,시(구 합산),2023,464866,24650381.0,53.027
A0323,경기,용인시,41463,시(구 합산),2016,363721,15080230.0,41.461
A0323,경기,용인시,41463,시(구 합산),2017,378478,16446578.0,43.455
A0323,경기,용인시,41463,시(구 합산),2018,401439,17934503.0,44.676
A0323,경기,용인시,41463,시(구 합산),2019,420491,19145308.0,45.531
A0323,경기,용인시,41463,시(구 합산),2020,431177,20242737.0,46.948
A0323,경기,용인시,41463,시(구 합산),2021,440551,22195226.0,50.381
A0323,경기,용인시,41463,시(구 합산),2022,454437,23775634.0,52.319
A0323,경기,용인시,41463,시(구 합산),2023,464866,24650381.0,53.027
A0323,경기,용인시,41465,시(구 합산),2016,363721,15080230.0,41.461
A0323,경기,용인시,41465,시(구 합산),2017,378478,16446578.0,43.455
A0323,경기,용인시,41465,시(구 합산),2018,401439,17934503.0,44.676
A0323,경기,용인시,41465,시(구 합산),2019,420491,19145308.0,45.531
A0323,경기,용인시,41465,시(구 합산),2020,431177,20242737.0,46.948
A0323,경기,용인시,41465,시(구 합산),2021,440551,22195226.0,50.381
A0323,경기,용인시,41465,시(구 합산),2022,454437,23775634.0,52.319
A0323,경기,용인시,41465,시(구 합산),2023,464866,24650381.0,53.027
A0324,경기,의왕시,41430,시군구,2016,58748,2120702.0,36.098
A0324,경기,의왕시,41430,시군구,2017,58521,2204934.0,37.678
A0324,경기,의왕시,41430,시군구,2018,62936,2473277.0,39.298
A0324,경기,의왕시,41430,시군구,2019,66915,2728426.0,40.775
A0324,경기,의왕시,41430,시군구,2020,68246,2836949.0,41.569
A0324,경기,의왕시,41430,시군구,2021,68811,3006698.0,43.695
A0324,경기,의왕시,41430,시군구,2022,68823,3162080.0,45.945
A0324,경기,의왕시,41430,시군구,2023,68478,3232787.0,47.209
A0325,경기,의정부시,41150,시군구,2016,142462,3802057.0,26.688
A0325,경기,의정부시,41150,시군구,2017,147634,4135971.0,28.015
A0325,경기,의정부시,41150,시군구,2018,156082,4554810.0,29.182
A0325,경기,의정부시,41150,시군구,2019,164038,4955699.0,30.211
A0325,경기,의정부시,41150,시군구,2020,169592,5236171.0,30.875
A0325,경기,의정부시,41150,시군구,2021,175897,5624763.0,31.978
A0325,경기,의정부시,41150,시군구,2022,180969,6080084.0,33.597
A0325,경기,의정부시,41150,시군구,2023,180539,6273003.0,34.746
A0326,경기,이천시,41500,시군구,2016,78442,2747380.0,35.024
A0326,경기,이천시,41500,시군구,2017,81045,2864975.0,35.35
A0326,경기,이천시,41500,시군구,2018,85191,3320138.0,38.973
A0326,경기,이천시,41500,시군구,2019,90064,3681619.0,40.878
A0326,경기,이천시,41500,시군구,2020,94113,3672687.0,39.024
A0326,경기,이천시,41500,시군구,2021,96509,4080610.0,42.282
A0326,경기,이천시,41500,시군구,2022,98838,4528161.0,45.814
A0326,경기,이천시,41500,시군구,2023,100352,4550948.0,45.35
A0327,경기,파주시,41480,시군구,2016,159558,5035335.0,31.558
A0327,경기,파주시,41480,시군구,2017,168677,5557633.0,32.948
A0327,경기,파주시,41480,시군구,2018,174611,6002584.0,34.377
A0327,경기,파주시,41480,시군구,2019,181026,6226763.0,34.397
A0327,경기,파주시,41480,시군구,2020,189476,6575881.0,34.706
A0327,경기,파주시,41480,시군구,2021,200829,7332436.0,36.511
A0327,경기,파주시,41480,시군구,2022,207676,8139835.0,39.195
A0327,경기,파주시,41480,시군구,2023,215868,8430039.0,39.052
A0328,경기,평택시,41220,시군구,2016,178075,5774764.0,32.429
A0328,경기,평택시,41220,시군구,2017,185301,6323962.0,34.128
A0328,경기,평택시,41220,시군구,2018,197363,6985459.0,35.394
A0328,경기,평택시,41220,시군구,2019,211275,7632884.0,36.128
A0328,경기,평택시,41220,시군구,2020,230630,8378796.0,36.33
A0328,경기,평택시,41220,시군구,2021,246037,9443483.0,38.382
A0328,경기,평택시,41220,시군구,2022,257706,10534745.0,40.879
A0328,경기,평택시,41220,시군구,2023,264662,11171624.0,42.211
A0329,경기,포천시,41650,시군구,2016,56192,1330969.0,23.686
A0329,경기,포천시,41650,시군구,2017,56438,1428228.0,25.306
A0329,경기,포천시,41650,시군구,2018,57584,1530308.0,26.575
A0329,경기,포천시,41650,시군구,2019,59251,1648956.0,27.83
A0329,경기,포천시,41650,시군구,2020,61391,1742359.0,28.381
A0329,경기,포천시,41650,시군구,2021,61269,1817543.0,29.665
A0329,경기,포천시,41650,시군구,2022,61224,1880288.0,30.712
A0329,경기,포천시,41650,시군구,2023,61353,1955636.0,31.875
A0330,경기,하남시,41450,시군구,2016,82814,2846178.0,34.368
A0330,경기,하남시,41450,시군구,2017,91559,3327979.0,36.348
A0330,경기,하남시,41450,시군구,2018,104683,3932121.0,37.562
A0330,경기,하남시,41450,시군구,2019,117128,4504521.0,38.458
A0330,경기,하남시,41450,시군구,2020,129803,5285588.0,40.72
A0330,경기,하남시,41450,시군구,2021,136873,5970802.0,43.623
A0330,경기,하남시,41450,시군구,2022,141670,6551902.0,46.248
A0330,경기,하남시,41450,시군구,2023,143491,6823809.0,47.556
A0331,경기,화성시,41591,시(구 합산),2016,288474,11305947.0,39.192
A0331,경기,화성시,41591,시(구 합산),2017,319260,13368629.0,41.874
A0331,경기,화성시,41591,시(구 합산),2018,354374,15387681.0,43.422
A0331,경기,화성시,41591,시(구 합산),2019,381154,16446290.0,43.149
A0331,경기,화성시,41591,시(구 합산),2020,400793,18169219.0,45.333
A0331,경기,화성시,41591,시(구 합산),2021,418991,20509502.0,48.95
A0331,경기,화성시,41591,시(구 합산),2022,447154,22676769.0,50.714
A0331,경기,화성시,41591,시(구 합산),2023,470583,23573444.0,50.094
A0331,경기,화성시,41593,시(구 합산),2016,288474,11305947.0,39.192
A0331,경기,화성시,41593,시(구 합산),2017,319260,13368629.0,41.874
A0331,경기,화성시,41593,시(구 합산),2018,354374,15387681.0,43.422
A0331,경기,화성시,41593,시(구 합산),2019,381154,16446290.0,43.149
A0331,경기,화성시,41593,시(구 합산),2020,400793,18169219.0,45.333
A0331,경기,화성시,41593,시(구 합산),2021,418991,20509502.0,48.95
A0331,경기,화성시,41593,시(구 합산),2022,447154,22676769.0,50.714
A0331,경기,화성시,41593,시(구 합산),2023,470583,23573444.0,50.094
A0331,경기,화성시,41595,시(구 합산),2016,288474,11305947.0,39.192
A0331,경기,화성시,41595,시(구 합산),2017,319260,13368629.0,41.874
A0331,경기,화성시,41595,시(구 합산),2018,354374,15387681.0,43.422
A0331,경기,화성시,41595,시(구 합산),2019,381154,16446290.0,43.149
A0331,경기,화성시,41595,시(구 합산),2020,400793,18169219.0,45.333
A0331,경기,화성시,41595,시(구 합산),2021,418991,20509502.0,48.95
A0331,경기,화성시,41595,시(구 합산),2022,447154,22676769.0,50.714
A0331,경기,화성시,41595,시(구 합산),2023,470583,23573444.0,50.094
A0331,경기,화성시,41597,시(구 합산),2016,288474,11305947.0,39.192
A0331,경기,화성시,41597,시(구 합산),2017,319260,13368629.0,41.874
A0331,경기,화성시,41597,시(구 합산),2018,354374,15387681.0,43.422
A0331,경기,화성시,41597,시(구 합산),2019,381154,16446290.0,43.149
A0331,경기,화성시,41597,시(구 합산),2020,400793,18169219.0,45.333
A0331,경기,화성시,41597,시(구 합산),2021,418991,20509502.0,48.95
A0331,경기,화성시,41597,시(구 합산),2022,447154,22676769.0,50.714
A0331,경기,화성시,41597,시(구 합산),2023,470583,23573444.0,50.094
A0331,경기,화성시,41590,시(구 합산),2016,288474,11305947.0,39.192
A0331,경기,화성시,41590,시(구 합산),2017,319260,13368629.0,41.874
A0331,경기,화성시,41590,시(구 합산),2018,354374,15387681.0,43.422
A0331,경기,화성시,41590,시(구 합산),2019,381154,16446290.0,43.149
A0331,경기,화성시,41590,시(구 합산),2020,400793,18169219.0,45.333
A0331,경기,화성시,41590,시(구 합산),2021,418991,20509502.0,48.95
A0331,경기,화성시,41590,시(구 합산),2022,447154,22676769.0,50.714
A0331,경기,화성시,41590,시(구 합산),2023,470583,23573444.0,50.094
A0203,인천,미추홀구,28177,시군구,2016,143705,3713003.0,25.838
A0203,인천,미추홀구,28177,시군구,2017,144741,3915098.0,27.049
A0203,인천,미추홀구,28177,시군구,2018,147167,4145262.0,28.167
A0203,인천,미추홀구,28177,시군구,2019,148371,4297516.0,28.965
A0203,인천,미추홀구,28177,시군구,2020,152848,4507073.0,29.487
A0203,인천,미추홀구,28177,시군구,2021,157508,4862081.0,30.869
A0203,인천,미추홀구,28177,시군구,2022,161412,5266320.0,32.627
A0203,인천,미추홀구,28177,시군구,2023,164961,5605792.0,33.983
