PRD_DE,C1,C1_NM,C2,C2_NM,ITM_ID,ITM_NM,DT,UNIT_NM
200001,1005,대한민국,B1,기간말,T002,유로당 국내 통화,1098.64811,
200002,1005,대한민국,B1,기간말,T002,유로당 국내 통화,1099.43052,
200003,1005,대한민국,B1,기간말,T002,유로당 국내 통화,1058.75899,
200004,1005,대한민국,B1,기간말,T002,유로당 국내 통화,1008.70755,
200005,1005,대한민국,B1,기간말,T002,유로당 국내 통화,1054.77414,
200006,1005,대한민국,B1,기간말,T002,유로당 국내 통화,1065.30288,
200007,1005,대한민국,B1,기간말,T002,유로당 국내 통화,1031.70366,
200008,1005,대한민국,B1,기간말,T002,유로당 국내 통화,987.49728,
200009,1005,대한민국,B1,기간말,T002,유로당 국내 통화,977.2975,
200010,1005,대한민국,B1,기간말,T002,유로당 국내 통화,956.76039,
200011,1005,대한민국,B1,기간말,T002,유로당 국내 통화,1037.99852,
200012,1005,대한민국,B1,기간말,T002,유로당 국내 통화,1172.15085,
200001,1005,대한민국,B1,기간말,T003,SDR당 국내 통화,1518.06225,
200002,1005,대한민국,B1,기간말,T003,SDR당 국내 통화,1515.7968,
200003,1005,대한민국,B1,기간말,T003,SDR당 국내 통화,1492.74035,
200004,1005,대한민국,B1,기간말,T003,SDR당 국내 통화,1464.71776,
200005,1005,대한민국,B1,기간말,T003,SDR당 국내 통화,1496.6333,
200006,1005,대한민국,B1,기간말,T003,SDR당 국내 통화,1490.79885,
200007,1005,대한민국,B1,기간말,T003,SDR당 국내 통화,1465.95676,
200008,1005,대한민국,B1,기간말,T003,SDR당 국내 통화,1446.76032,
200009,1005,대한민국,B1,기간말,T003,SDR당 국내 통화,1447.14795,
200010,1005,대한민국,B1,기간말,T003,SDR당 국내 통화,1454.22957,
200011,1005,대한민국,B1,기간말,T003,SDR당 국내 통화,1532.33374,
200012,1005,대한민국,B1,기간말,T003,SDR당 국내 통화,1641.27299,
200001,1005,대한민국,B1,기간말,T004,USD당 국내 통화,1122.1,
200002,1005,대한민국,B1,기간말,T004,USD당 국내 통화,1131.8,
200003,1005,대한민국,B1,기간말,T004,USD당 국내 통화,1108.3,
200004,1005,대한민국,B1,기간말,T004,USD당 국내 통화,1110.3,
200005,1005,대한민국,B1,기간말,T004,USD당 국내 통화,1133.8,
200006,1005,대한민국,B1,기간말,T004,USD당 국내 통화,1114.8,
200007,1005,대한민국,B1,기간말,T004,USD당 국내 통화,1116.2,
200008,1005,대한민국,B1,기간말,T004,USD당 국내 통화,1108.8,
200009,1005,대한민국,B1,기간말,T004,USD당 국내 통화,1115,
200010,1005,대한민국,B1,기간말,T004,USD당 국내 통화,1136.7,
200011,1005,대한민국,B1,기간말,T004,USD당 국내 통화,1195.3,
200012,1005,대한민국,B1,기간말,T004,USD당 국내 통화,1259.7,
200001,1005,대한민국,B2,기간평균,T002,유로당 국내 통화,1146.56027,
200002,1005,대한민국,B2,기간평균,T002,유로당 국내 통화,1110.0888,
200003,1005,대한민국,B2,기간평균,T002,유로당 국내 통화,1077.35489,
200004,1005,대한민국,B2,기간평균,T002,유로당 국내 통화,1050.88723,
200005,1005,대한민국,B2,기간평균,T002,유로당 국내 통화,1014.69342,
200006,1005,대한민국,B2,기간평균,T002,유로당 국내 통화,1061.87309,
200007,1005,대한민국,B2,기간평균,T002,유로당 국내 통화,1047.58616,
200008,1005,대한민국,B2,기간평균,T002,유로당 국내 통화,1007.63428,
200009,1005,대한민국,B2,기간평균,T002,유로당 국내 통화,973.7156,
200010,1005,대한민국,B2,기간평균,T002,유로당 국내 통화,964.02939,
200011,1005,대한민국,B2,기간평균,T002,유로당 국내 통화,985.82916,
200012,1005,대한민국,B2,기간평균,T002,유로당 국내 통화,1089.70029,
200001,1005,대한민국,B2,기간평균,T003,SDR당 국내 통화,1549.99979,
200002,1005,대한민국,B2,기간평균,T003,SDR당 국내 통화,1518.06896,
200003,1005,대한민국,B2,기간평균,T003,SDR당 국내 통화,1500.23283,
200004,1005,대한민국,B2,기간평균,T003,SDR당 국내 통화,1486.13274,
200005,1005,대한민국,B2,기간평균,T003,SDR당 국내 통화,1468.13408,
200006,1005,대한민국,B2,기간평균,T003,SDR당 국내 통화,1488.60321,
200007,1005,대한민국,B2,기간평균,T003,SDR당 국내 통화,1475.49115,
200008,1005,대한민국,B2,기간평균,T003,SDR당 국내 통화,1458.26295,
200009,1005,대한민국,B2,기간평균,T003,SDR당 국내 통화,1444.84601,
200010,1005,대한민국,B2,기간평균,T003,SDR당 국내 통화,1450.28353,
200011,1005,대한민국,B2,기간평균,T003,SDR당 국내 통화,1476.64461,
200012,1005,대한민국,B2,기간평균,T003,SDR당 국내 통화,1571.91605,
200001,1005,대한민국,B2,기간평균,T004,USD당 국내 통화,1131.07,
200002,1005,대한민국,B2,기간평균,T004,USD당 국내 통화,1128.8,
200003,1005,대한민국,B2,기간평균,T004,USD당 국내 통화,1117.19,
200004,1005,대한민국,B2,기간평균,T004,USD당 국내 통화,1109.76,
200005,1005,대한민국,B2,기간평균,T004,USD당 국내 통화,1120.01,
200006,1005,대한민국,B2,기간평균,T004,USD당 국내 통화,1118.73,
200007,1005,대한민국,B2,기간평균,T004,USD당 국내 통화,1114.86,
200008,1005,대한민국,B2,기간평균,T004,USD당 국내 통화,1114.57,
200009,1005,대한민국,B2,기간평균,T004,USD당 국내 통화,1116.5,
200010,1005,대한민국,B2,기간평균,T004,USD당 국내 통화,1127.31,
200011,1005,대한민국,B2,기간평균,T004,USD당 국내 통화,1151.15,
200012,1005,대한민국,B2,기간평균,T004,USD당 국내 통화,1214.4,
200101,1005,대한민국,B1,기간말,T002,유로당 국내 통화,1176.02915,
200102,1005,대한민국,B1,기간말,T002,유로당 국내 통화,1152.02336,
200103,1005,대한민국,B1,기간말,T002,유로당 국내 통화,1172.8896,
200104,1005,대한민국,B1,기간말,T002,유로당 국내 통화,1175.80372,
200105,1005,대한민국,B1,기간말,T002,유로당 국내 통화,1096.3792,
200106,1005,대한민국,B1,기간말,T002,유로당 국내 통화,1102.9936,
200107,1005,대한민국,B1,기간말,T002,유로당 국내 통화,1139.3757,
200108,1005,대한민국,B1,기간말,T002,유로당 국내 통화,1175.70404,
200109,1005,대한민국,B1,기간말,T002,유로당 국내 통화,1195.33921,
200110,1005,대한민국,B1,기간말,T002,유로당 국내 통화,1171.93362,
200111,1005,대한민국,B1,기간말,T002,유로당 국내 통화,1133.6052,
200112,1005,대한민국,B1,기간말,T002,유로당 국내 통화,1168.69193,
200101,1005,대한민국,B1,기간말,T003,SDR당 국내 통화,1642.35258,
200102,1005,대한민국,B1,기간말,T003,SDR당 국내 통화,1610.03685,
200103,1005,대한민국,B1,기간말,T003,SDR당 국내 통화,1674.14443,
200104,1005,대한민국,B1,기간말,T003,SDR당 국내 통화,1676.79512,
200105,1005,대한민국,B1,기간말,T003,SDR당 국내 통화,1621.58772,
200106,1005,대한민국,B1,기간말,T003,SDR당 국내 통화,1620.21438,
200107,1005,대한민국,B1,기간말,T003,SDR당 국내 통화,1638.1206,
200108,1005,대한민국,B1,기간말,T003,SDR당 국내 통화,1653.8252,
200109,1005,대한민국,B1,기간말,T003,SDR당 국내 통화,1687.44119,
200110,1005,대한민국,B1,기간말,T003,SDR당 국내 통화,1656.51448,
200111,1005,대한민국,B1,기간말,T003,SDR당 국내 통화,1612.98287,
200112,1005,대한민국,B1,기간말,T003,SDR당 국내 통화,1666.54937,
200101,1005,대한민국,B1,기간말,T004,USD당 국내 통화,1265.5,
200102,1005,대한민국,B1,기간말,T004,USD당 국내 통화,1245.7,
200103,1005,대한민국,B1,기간말,T004,USD당 국내 통화,1328,
200104,1005,대한민국,B1,기간말,T004,USD당 국내 통화,1324.7,
200105,1005,대한민국,B1,기간말,T004,USD당 국내 통화,1292.9,
200106,1005,대한민국,B1,기간말,T004,USD당 국내 통화,1300.7,
200107,1005,대한민국,B1,기간말,T004,USD당 국내 통화,1301.4,
200108,1005,대한민국,B1,기간말,T004,USD당 국내 통화,1283.8,
200109,1005,대한민국,B1,기간말,T004,USD당 국내 통화,1309.1,
200110,1005,대한민국,B1,기간말,T004,USD당 국내 통화,1296.1,
200111,1005,대한민국,B1,기간말,T004,USD당 국내 통화,1274,
200112,1005,대한민국,B1,기간말,T004,USD당 국내 통화,1326.1,
200101,1005,대한민국,B2,기간평균,T002,유로당 국내 통화,1194.26386,
200102,1005,대한민국,B2,기간평균,T002,유로당 국내 통화,1154.38021,
200103,1005,대한민국,B2,기간평균,T002,유로당 국내 통화,1171.85637,
200104,1005,대한민국,B2,기간평균,T002,유로당 국내 통화,1182.3906,
200105,1005,대한민국,B2,기간평균,T002,유로당 국내 통화,1135.06652,
200106,1005,대한민국,B2,기간평균,T002,유로당 국내 통화,1103.85263,
200107,1005,대한민국,B2,기간평균,T002,유로당 국내 통화,1121.10045,
200108,1005,대한민국,B2,기간평균,T002,유로당 국내 통화,1157.47134,
200109,1005,대한민국,B2,기간평균,T002,유로당 국내 통화,1178.6836,
200110,1005,대한민국,B2,기간평균,T002,유로당 국내 통화,1179.98003,
200111,1005,대한민국,B2,기간평균,T002,유로당 국내 통화,1140.58887,
200112,1005,대한민국,B2,기간평균,T002,유로당 국내 통화,1150.85676,
200101,1005,대한민국,B2,기간평균,T003,SDR당 국내 통화,1657.25214,
200102,1005,대한민국,B2,기간평균,T003,SDR당 국내 통화,1620.07142,
200103,1005,대한민국,B2,기간평균,T003,SDR당 국내 통화,1649.05089,
200104,1005,대한민국,B2,기간평균,T003,SDR당 국내 통화,1680.31744,
200105,1005,대한민국,B2,기간평균,T003,SDR당 국내 통화,1638.87816,
200106,1005,대한민국,B2,기간평균,T003,SDR당 국내 통화,1617.65411,
200107,1005,대한민국,B2,기간평균,T003,SDR당 국내 통화,1629.87254,
200108,1005,대한민국,B2,기간평균,T003,SDR당 국내 통화,1638.80262,
200109,1005,대한민국,B2,기간평균,T003,SDR당 국내 통화,1663.60152,
200110,1005,대한민국,B2,기간평균,T003,SDR당 국내 통화,1665.78786,
200111,1005,대한민국,B2,기간평균,T003,SDR당 국내 통화,1628.46378,
200112,1005,대한민국,B2,기간평균,T003,SDR당 국내 통화,1628.5755,
200101,1005,대한민국,B2,기간평균,T004,USD당 국내 통화,1272.82,
200102,1005,대한민국,B2,기간평균,T004,USD당 국내 통화,1252.44,
200103,1005,대한민국,B2,기간평균,T004,USD당 국내 통화,1288.43,
200104,1005,대한민국,B2,기간평균,T004,USD당 국내 통화,1325.55,
200105,1005,대한민국,B2,기간평균,T004,USD당 국내 통화,1298.46,
200106,1005,대한민국,B2,기간평균,T004,USD당 국내 통화,1293.83,
200107,1005,대한민국,B2,기간평균,T004,USD당 국내 통화,1302.6,
200108,1005,대한민국,B2,기간평균,T004,USD당 국내 통화,1285.39,
200109,1005,대한민국,B2,기간평균,T004,USD당 국내 통화,1293.7,
200110,1005,대한민국,B2,기간평균,T004,USD당 국내 통화,1302.6,
200111,1005,대한민국,B2,기간평균,T004,USD당 국내 통화,1284,
200112,1005,대한민국,B2,기간평균,T004,USD당 국내 통화,1289.66,
200201,1005,대한민국,B1,기간말,T002,유로당 국내 통화,1135.59276,
200202,1005,대한민국,B1,기간말,T002,유로당 국내 통화,1148.59327,
200203,1005,대한민국,B1,기간말,T002,유로당 국내 통화,1157.15136,
200204,1005,대한민국,B1,기간말,T002,유로당 국내 통화,1164.01376,
200205,1005,대한민국,B1,기간말,T002,유로당 국내 통화,1157.69871,
200206,1005,대한민국,B1,기간말,T002,유로당 국내 통화,1198.7955,
200207,1005,대한민국,B1,기간말,T002,유로당 국내 통화,1171.0251,
200208,1005,대한민국,B1,기간말,T002,유로당 국내 통화,1180.45165,
200209,1005,대한민국,B1,기간말,T002,유로당 국내 통화,1208.343,
200210,1005,대한민국,B1,기간말,T002,유로당 국내 통화,1216.62576,
200211,1005,대한민국,B1,기간말,T002,유로당 국내 통화,1199.1816,
200212,1005,대한민국,B1,기간말,T002,유로당 국내 통화,1258.85948,
200201,1005,대한민국,B1,기간말,T003,SDR당 국내 통화,1633.03835,
200202,1005,대한민국,B1,기간말,T003,SDR당 국내 통화,1648.50583,
200203,1005,대한민국,B1,기간말,T003,SDR당 국내 통화,1653.90452,
200204,1005,대한민국,B1,기간말,T003,SDR당 국내 통화,1638.13059,
200205,1005,대한민국,B1,기간말,T003,SDR당 국내 통화,1591.76973,
200206,1005,대한민국,B1,기간말,T003,SDR당 국내 통화,1598.95266,
200207,1005,대한민국,B1,기간말,T003,SDR당 국내 통화,1583.01296,
200208,1005,대한민국,B1,기간말,T003,SDR당 국내 통화,1593.67997,
200209,1005,대한민국,B1,기간말,T003,SDR당 국내 통화,1620.96099,
200210,1005,대한민국,B1,기간말,T003,SDR당 국내 통화,1630.10366,
200211,1005,대한민국,B1,기간말,T003,SDR당 국내 통화,1599.4852,
200212,1005,대한민국,B1,기간말,T003,SDR당 국내 통화,1631.97163,
200201,1005,대한민국,B1,기간말,T004,USD당 국내 통화,1314.8,
200202,1005,대한민국,B1,기간말,T004,USD당 국내 통화,1327.7,
200203,1005,대한민국,B1,기간말,T004,USD당 국내 통화,1326.4,
200204,1005,대한민국,B1,기간말,T004,USD당 국내 통화,1292.2,
200205,1005,대한민국,B1,기간말,T004,USD당 국내 통화,1233.3,
200206,1005,대한민국,B1,기간말,T004,USD당 국내 통화,1201.8,
200207,1005,대한민국,B1,기간말,T004,USD당 국내 통화,1197,
200208,1005,대한민국,B1,기간말,T004,USD당 국내 통화,1200.5,
200209,1005,대한민국,B1,기간말,T004,USD당 국내 통화,1225.5,
200210,1005,대한민국,B1,기간말,T004,USD당 국내 통화,1233.4,
200211,1005,대한민국,B1,기간말,T004,USD당 국내 통화,1208,
200212,1005,대한민국,B1,기간말,T004,USD당 국내 통화,1200.4,
200201,1005,대한민국,B2,기간평균,T002,유로당 국내 통화,1163.81811,
200202,1005,대한민국,B2,기간평균,T002,유로당 국내 통화,1147.33256,
200203,1005,대한민국,B2,기간평균,T002,유로당 국내 통화,1158.25426,
200204,1005,대한민국,B2,기간평균,T002,유로당 국내 통화,1168.36472,
200205,1005,대한민국,B2,기간평균,T002,유로당 국내 통화,1160.97702,
200206,1005,대한민국,B2,기간평균,T002,유로당 국내 통화,1168.95218,
200207,1005,대한민국,B2,기간평균,T002,유로당 국내 통화,1175.85545,
200208,1005,대한민국,B2,기간평균,T002,유로당 국내 통화,1169.76164,
200209,1005,대한민국,B2,기간평균,T002,유로당 국내 통화,1185.29105,
200210,1005,대한민국,B2,기간평균,T002,유로당 국내 통화,1217.68344,
200211,1005,대한민국,B2,기간평균,T002,유로당 국내 통화,1213.56051,
200212,1005,대한민국,B2,기간평균,T002,유로당 국내 통화,1230.97865,
200201,1005,대한민국,B2,기간평균,T003,SDR당 국내 통화,1650.63237,
200202,1005,대한민국,B2,기간평균,T003,SDR당 국내 통화,1641.32163,
200203,1005,대한민국,B2,기간평균,T003,SDR당 국내 통화,1653.25221,
200204,1005,대한민국,B2,기간평균,T003,SDR당 국내 통화,1657.4917,
200205,1005,대한민국,B2,기간평균,T003,SDR당 국내 통화,1616.91758,
200206,1005,대한민국,B2,기간평균,T003,SDR당 국내 통화,1591.30634,
200207,1005,대한민국,B2,기간평균,T003,SDR당 국내 통화,1576.60685,
200208,1005,대한민국,B2,기간평균,T003,SDR당 국내 통화,1580.44325,
200209,1005,대한민국,B2,기간평균,T003,SDR당 국내 통화,1597.23411,
200210,1005,대한민국,B2,기간평균,T003,SDR당 국내 통화,1635.37256,
200211,1005,대한민국,B2,기간평균,T003,SDR당 국내 통화,1613.15792,
200212,1005,대한민국,B2,기간평균,T003,SDR당 국내 통화,1619.96996,
200201,1005,대한민국,B2,기간평균,T004,USD당 국내 통화,1317.6,
200202,1005,대한민국,B2,기간평균,T004,USD당 국내 통화,1318.72,
200203,1005,대한민국,B2,기간평균,T004,USD당 국내 통화,1322.51,
200204,1005,대한민국,B2,기간평균,T004,USD당 국내 통화,1318.93,
200205,1005,대한민국,B2,기간평균,T004,USD당 국내 통화,1266.06,
200206,1005,대한민국,B2,기간평균,T004,USD당 국내 통화,1223.47,
200207,1005,대한민국,B2,기간평균,T004,USD당 국내 통화,1185.12,
200208,1005,대한민국,B2,기간평균,T004,USD당 국내 통화,1196.37,
200209,1005,대한민국,B2,기간평균,T004,USD당 국내 통화,1208.5,
200210,1005,대한민국,B2,기간평균,T004,USD당 국내 통화,1241.13,
200211,1005,대한민국,B2,기간평균,T004,USD당 국내 통화,1211.91,
200212,1005,대한민국,B2,기간평균,T004,USD당 국내 통화,1208.91,
200301,1005,대한민국,B1,기간말,T002,유로당 국내 통화,1266.0128,
200302,1005,대한민국,B1,기간말,T002,유로당 국내 통화,1279.60776,
200303,1005,대한민국,B1,기간말,T002,유로당 국내 통화,1365.03455,
200304,1005,대한민국,B1,기간말,T002,유로당 국내 통화,1350.30161,
200305,1005,대한민국,B1,기간말,T002,유로당 국내 통화,1426.44252,
200306,1005,대한민국,B1,기간말,T002,유로당 국내 통화,1363.35537,
200307,1005,대한민국,B1,기간말,T002,유로당 국내 통화,1335.524,
200308,1005,대한민국,B1,기간말,T002,유로당 국내 통화,1289.27673,
200309,1005,대한민국,B1,기간말,T002,유로당 국내 통화,1340.21304,
200310,1005,대한민국,B1,기간말,T002,유로당 국내 통화,1368.25806,
200311,1005,대한민국,B1,기간말,T002,유로당 국내 통화,1442.39844,
200312,1005,대한민국,B1,기간말,T002,유로당 국내 통화,1512.8214,
200301,1005,대한민국,B1,기간말,T003,SDR당 국내 통화,1611.24249,
200302,1005,대한민국,B1,기간말,T003,SDR당 국내 통화,1626.92124,
200303,1005,대한민국,B1,기간말,T003,SDR당 국내 통화,1721.21981,
200304,1005,대한민국,B1,기간말,T003,SDR당 국내 통화,1678.82434,
200305,1005,대한민국,B1,기간말,T003,SDR당 국내 통화,1713.31447,
200306,1005,대한민국,B1,기간말,T003,SDR당 국내 통화,1671.36421,
200307,1005,대한민국,B1,기간말,T003,SDR당 국내 통화,1642.49782,
200308,1005,대한민국,B1,기간말,T003,SDR당 국내 통화,1625.0365,
200309,1005,대한민국,B1,기간말,T003,SDR당 국내 통화,1644.54777,
200310,1005,대한민국,B1,기간말,T003,SDR당 국내 통화,1685.63296,
200311,1005,대한민국,B1,기간말,T003,SDR당 국내 통화,1742.30263,
200312,1005,대한민국,B1,기간말,T003,SDR당 국내 통화,1779.89512,
200301,1005,대한민국,B1,기간말,T004,USD당 국내 통화,1170.5,
200302,1005,대한민국,B1,기간말,T004,USD당 국내 통화,1186.8,
200303,1005,대한민국,B1,기간말,T004,USD당 국내 통화,1252.9,
200304,1005,대한민국,B1,기간말,T004,USD당 국내 통화,1213.1,
200305,1005,대한민국,B1,기간말,T004,USD당 국내 통화,1206.6,
200306,1005,대한민국,B1,기간말,T004,USD당 국내 통화,1193.1,
200307,1005,대한민국,B1,기간말,T004,USD당 국내 통화,1180,
200308,1005,대한민국,B1,기간말,T004,USD당 국내 통화,1179.9,
200309,1005,대한민국,B1,기간말,T004,USD당 국내 통화,1150.2,
200310,1005,대한민국,B1,기간말,T004,USD당 국내 통화,1177.3,
200311,1005,대한민국,B1,기간말,T004,USD당 국내 통화,1202.6,
200312,1005,대한민국,B1,기간말,T004,USD당 국내 통화,1197.8,
200301,1005,대한민국,B2,기간평균,T002,유로당 국내 통화,1252.60451,
200302,1005,대한민국,B2,기간평균,T002,유로당 국내 통화,1283.26303,
200303,1005,대한민국,B2,기간평균,T002,유로당 국내 통화,1331.79599,
200304,1005,대한민국,B2,기간평균,T002,유로당 국내 통화,1337.31382,
200305,1005,대한민국,B2,기간평균,T002,유로당 국내 통화,1389.56234,
200306,1005,대한민국,B2,기간평균,T002,유로당 국내 통화,1392.56278,
200307,1005,대한민국,B2,기간평균,T002,유로당 국내 통화,1343.6836,
200308,1005,대한민국,B2,기간평균,T002,유로당 국내 통화,1312.60276,
200309,1005,대한민국,B2,기간평균,T002,유로당 국내 통화,1308.64417,
200310,1005,대한민국,B2,기간평균,T002,유로당 국내 통화,1363.59274,
200311,1005,대한민국,B2,기간평균,T002,유로당 국내 통화,1386.52895,
200312,1005,대한민국,B2,기간평균,T002,유로당 국내 통화,1465.61292,
200301,1005,대한민국,B2,기간평균,T003,SDR당 국내 통화,1610.11522,
200302,1005,대한민국,B2,기간평균,T003,SDR당 국내 통화,1632.46288,
200303,1005,대한민국,B2,기간평균,T003,SDR당 국내 통화,1688.4417,
200304,1005,대한민국,B2,기간평균,T003,SDR당 국내 통화,1687.82376,
200305,1005,대한민국,B2,기간평균,T003,SDR당 국내 통화,1689.59143,
200306,1005,대한민국,B2,기간평균,T003,SDR당 국내 통화,1689.31501,
200307,1005,대한민국,B2,기간평균,T003,SDR당 국내 통화,1652.23511,
200308,1005,대한민국,B2,기간평균,T003,SDR당 국내 통화,1632.04674,
200309,1005,대한민국,B2,기간평균,T003,SDR당 국내 통화,1628.30749,
200310,1005,대한민국,B2,기간평균,T003,SDR당 국내 통화,1670.07661,
200311,1005,대한민국,B2,기간평균,T003,SDR당 국내 통화,1699.00026,
200312,1005,대한민국,B2,기간평균,T003,SDR당 국내 통화,1750.56998,
200301,1005,대한민국,B2,기간평균,T004,USD당 국내 통화,1179.27,
200302,1005,대한민국,B2,기간평균,T004,USD당 국내 통화,1191.19,
200303,1005,대한민국,B2,기간평균,T004,USD당 국내 통화,1232.4,
200304,1005,대한민국,B2,기간평균,T004,USD당 국내 통화,1232.82,
200305,1005,대한민국,B2,기간평균,T004,USD당 국내 통화,1199.78,
200306,1005,대한민국,B2,기간평균,T004,USD당 국내 통화,1194.02,
200307,1005,대한민국,B2,기간평균,T004,USD당 국내 통화,1181.59,
200308,1005,대한민국,B2,기간평균,T004,USD당 국내 통화,1178.42,
200309,1005,대한민국,B2,기간평균,T004,USD당 국내 통화,1166.17,
200310,1005,대한민국,B2,기간평균,T004,USD당 국내 통화,1166.27,
200311,1005,대한민국,B2,기간평균,T004,USD당 국내 통화,1184.87,
200312,1005,대한민국,B2,기간평균,T004,USD당 국내 통화,1192.95,
200401,1005,대한민국,B1,기간말,T002,유로당 국내 통화,1453.38624,
200402,1005,대한민국,B1,기간말,T002,유로당 국내 통화,1458.4941,
200403,1005,대한민국,B1,기간말,T002,유로당 국내 통화,1410.16064,
200404,1005,대한민국,B1,기간말,T002,유로당 국내 통화,1395.05119,
200405,1005,대한민국,B1,기간말,T002,유로당 국내 통화,1421.92086,
200406,1005,대한민국,B1,기간말,T002,유로당 국내 통화,1400.86375,
200407,1005,대한민국,B1,기간말,T002,유로당 국내 통화,1406.51637,
200408,1005,대한민국,B1,기간말,T002,유로당 국내 통화,1397.36718,
200409,1005,대한민국,B1,기간말,T002,유로당 국내 통화,1424.42911,
200410,1005,대한민국,B1,기간말,T002,유로당 국내 통화,1434.1862,
200411,1005,대한민국,B1,기간말,T002,유로당 국내 통화,1393.18305,
200412,1005,대한민국,B1,기간말,T002,유로당 국내 통화,1421.75998,
200401,1005,대한민국,B1,기간말,T003,SDR당 국내 통화,1738.46835,
200402,1005,대한민국,B1,기간말,T003,SDR당 국내 통화,1738.34664,
200403,1005,대한민국,B1,기간말,T003,SDR당 국내 통화,1707.91867,
200404,1005,대한민국,B1,기간말,T003,SDR당 국내 통화,1695.30405,
200405,1005,대한민국,B1,기간말,T003,SDR당 국내 통화,1712.20251,
200406,1005,대한민국,B1,기간말,T003,SDR당 국내 통화,1689.82075,
200407,1005,대한민국,B1,기간말,T003,SDR당 국내 통화,1703.09598,
200408,1005,대한민국,B1,기간말,T003,SDR당 국내 통화,1685.39326,
200409,1005,대한민국,B1,기간말,T003,SDR당 국내 통화,1686.25815,
200410,1005,대한민국,B1,기간말,T003,SDR당 국내 통화,1687.62459,
200411,1005,대한민국,B1,기간말,T003,SDR당 국내 통화,1609.47469,
200412,1005,대한민국,B1,기간말,T003,SDR당 국내 통화,1621.02896,
200401,1005,대한민국,B1,기간말,T004,USD당 국내 통화,1173.6,
200402,1005,대한민국,B1,기간말,T004,USD당 국내 통화,1174.5,
200403,1005,대한민국,B1,기간말,T004,USD당 국내 통화,1153.6,
200404,1005,대한민국,B1,기간말,T004,USD당 국내 통화,1167.7,
200405,1005,대한민국,B1,기간말,T004,USD당 국내 통화,1165.7,
200406,1005,대한민국,B1,기간말,T004,USD당 국내 통화,1152.5,
200407,1005,대한민국,B1,기간말,T004,USD당 국내 통화,1168.3,
200408,1005,대한민국,B1,기간말,T004,USD당 국내 통화,1153.8,
200409,1005,대한민국,B1,기간말,T004,USD당 국내 통화,1147.9,
200410,1005,대한민국,B1,기간말,T004,USD당 국내 통화,1126,
200411,1005,대한민국,B1,기간말,T004,USD당 국내 통화,1047.9,
200412,1005,대한민국,B1,기간말,T004,USD당 국내 통화,1043.8,
200401,1005,대한민국,B2,기간평균,T002,유로당 국내 통화,1493.80537,
200402,1005,대한민국,B2,기간평균,T002,유로당 국내 통화,1475.44868,
200403,1005,대한민국,B2,기간평균,T002,유로당 국내 통화,1430.12554,
200404,1005,대한민국,B2,기간평균,T002,유로당 국내 통화,1379.33976,
200405,1005,대한민국,B2,기간평균,T002,유로당 국내 통화,1413.69619,
200406,1005,대한민국,B2,기간평균,T002,유로당 국내 통화,1406.40624,
200407,1005,대한민국,B2,기간평균,T002,유로당 국내 통화,1419.96997,
200408,1005,대한민국,B2,기간평균,T002,유로당 국내 통화,1411.19313,
200409,1005,대한민국,B2,기간평균,T002,유로당 국내 통화,1402.56887,
200410,1005,대한민국,B2,기간평균,T002,유로당 국내 통화,1428.86783,
200411,1005,대한민국,B2,기간평균,T002,유로당 국내 통화,1417.60461,
200412,1005,대한민국,B2,기간평균,T002,유로당 국내 통화,1409.01901,
200401,1005,대한민국,B2,기간평균,T003,SDR당 국내 통화,1765.91121,
200402,1005,대한민국,B2,기간평균,T003,SDR당 국내 통화,1745.89567,
200403,1005,대한민국,B2,기간평균,T003,SDR당 국내 통화,1718.02751,
200404,1005,대한민국,B2,기간평균,T003,SDR당 국내 통화,1681.26022,
200405,1005,대한민국,B2,기간평균,T003,SDR당 국내 통화,1708.57758,
200406,1005,대한민국,B2,기간평균,T003,SDR당 국내 통화,1698.16989,
200407,1005,대한민국,B2,기간평균,T003,SDR당 국내 통화,1704.9189,
200408,1005,대한민국,B2,기간평균,T003,SDR당 국내 통화,1697.88034,
200409,1005,대한민국,B2,기간평균,T003,SDR당 국내 통화,1681.19905,
200410,1005,대한민국,B2,기간평균,T003,SDR당 국내 통화,1692.63465,
200411,1005,대한민국,B2,기간평균,T003,SDR당 국내 통화,1651.81209,
200412,1005,대한민국,B2,기간평균,T003,SDR당 국내 통화,1618.77713,
200401,1005,대한민국,B2,기간평균,T004,USD당 국내 통화,1184.32,
200402,1005,대한민국,B2,기간평균,T004,USD당 국내 통화,1166.69,
200403,1005,대한민국,B2,기간평균,T004,USD당 국내 통화,1166.34,
200404,1005,대한민국,B2,기간평균,T004,USD당 국내 통화,1150.85,
200405,1005,대한민국,B2,기간평균,T004,USD당 국내 통화,1177.37,
200406,1005,대한민국,B2,기간평균,T004,USD당 국내 통화,1158.65,
200407,1005,대한민국,B2,기간평균,T004,USD당 국내 통화,1157.66,
200408,1005,대한민국,B2,기간평균,T004,USD당 국내 통화,1159,
200409,1005,대한민국,B2,기간평균,T004,USD당 국내 통화,1147.97,
200410,1005,대한민국,B2,기간평균,T004,USD당 국내 통화,1144.04,
200411,1005,대한민국,B2,기간평균,T004,USD당 국내 통화,1091.19,
200412,1005,대한민국,B2,기간평균,T004,USD당 국내 통화,1050.91,
200501,1005,대한민국,B1,기간말,T002,유로당 국내 통화,1337.9124,
200502,1005,대한민국,B1,기간말,T002,유로당 국내 통화,1336.43817,
200503,1005,대한민국,B1,기간말,T002,유로당 국내 통화,1327.90252,
200504,1005,대한민국,B1,기간말,T002,유로당 국내 통화,1298.93925,
200505,1005,대한민국,B1,기간말,T002,유로당 국내 통화,1236.18275,
200506,1005,대한민국,B1,기간말,T002,유로당 국내 통화,1238.70448,
200507,1005,대한민국,B1,기간말,T002,유로당 국내 통화,1243.52319,
200508,1005,대한민국,B1,기간말,T002,유로당 국내 통화,1257.6138,
200509,1005,대한민국,B1,기간말,T002,유로당 국내 통화,1249.9596,
200510,1005,대한민국,B1,기간말,T002,유로당 국내 통화,1253.63821,
200511,1005,대한민국,B1,기간말,T002,유로당 국내 통화,1219.62147,
200512,1005,대한민국,B1,기간말,T002,유로당 국내 통화,1195.0361,
200501,1005,대한민국,B1,기간말,T003,SDR당 국내 통화,1560.63502,
200502,1005,대한민국,B1,기간말,T003,SDR당 국내 통화,1544.39859,
200503,1005,대한민국,B1,기간말,T003,SDR당 국내 통화,1547.53811,
200504,1005,대한민국,B1,기간말,T003,SDR당 국내 통화,1520.57286,
200505,1005,대한민국,B1,기간말,T003,SDR당 국내 통화,1478.6332,
200506,1005,대한민국,B1,기간말,T003,SDR당 국내 통화,1492.15468,
200507,1005,대한민국,B1,기간말,T003,SDR당 국내 통화,1492.94253,
200508,1005,대한민국,B1,기간말,T003,SDR당 국내 통화,1505.09191,
200509,1005,대한민국,B1,기간말,T003,SDR당 국내 통화,1504.54407,
200510,1005,대한민국,B1,기간말,T003,SDR당 국내 통화,1507.5326,
200511,1005,대한민국,B1,기간말,T003,SDR당 국내 통화,1475.83241,
200512,1005,대한민국,B1,기간말,T003,SDR당 국내 통화,1447.8461,
200501,1005,대한민국,B1,기간말,T004,USD당 국내 통화,1026.4,
200502,1005,대한민국,B1,기간말,T004,USD당 국내 통화,1008.1,
200503,1005,대한민국,B1,기간말,T004,USD당 국내 통화,1024.3,
200504,1005,대한민국,B1,기간말,T004,USD당 국내 통화,1002.5,
200505,1005,대한민국,B1,기간말,T004,USD당 국내 통화,1002.5,
200506,1005,대한민국,B1,기간말,T004,USD당 국내 통화,1024.4,
200507,1005,대한민국,B1,기간말,T004,USD당 국내 통화,1028.3,
200508,1005,대한민국,B1,기간말,T004,USD당 국내 통화,1031,
200509,1005,대한민국,B1,기간말,T004,USD당 국내 통화,1038,
200510,1005,대한민국,B1,기간말,T004,USD당 국내 통화,1042.7,
200511,1005,대한민국,B1,기간말,T004,USD당 국내 통화,1036.3,
200512,1005,대한민국,B1,기간말,T004,USD당 국내 통화,1013,
200501,1005,대한민국,B2,기간평균,T002,유로당 국내 통화,1362.0836,
200502,1005,대한민국,B2,기간평균,T002,유로당 국내 통화,1330.61596,
200503,1005,대한민국,B2,기간평균,T002,유로당 국내 통화,1329.95397,
200504,1005,대한민국,B2,기간평균,T002,유로당 국내 통화,1307.94454,
200505,1005,대한민국,B2,기간평균,T002,유로당 국내 통화,1272.20082,
200506,1005,대한민국,B2,기간평균,T002,유로당 국내 통화,1229.71417,
200507,1005,대한민국,B2,기간평균,T002,유로당 국내 통화,1248.78629,
200508,1005,대한민국,B2,기간평균,T002,유로당 국내 통화,1255.26656,
200509,1005,대한민국,B2,기간평균,T002,유로당 국내 통화,1261.58896,
200510,1005,대한민국,B2,기간평균,T002,유로당 국내 통화,1257.01955,
200511,1005,대한민국,B2,기간평균,T002,유로당 국내 통화,1227.401,
200512,1005,대한민국,B2,기간평균,T002,유로당 국내 통화,1214.24199,
200501,1005,대한민국,B2,기간평균,T003,SDR당 국내 통화,1582.46429,
200502,1005,대한민국,B2,기간평균,T003,SDR당 국내 통화,1551.55528,
200503,1005,대한민국,B2,기간평균,T003,SDR당 국내 통화,1536.69808,
200504,1005,대한민국,B2,기간평균,T003,SDR당 국내 통화,1526.95566,
200505,1005,대한민국,B2,기간평균,T003,SDR당 국내 통화,1500.59114,
200506,1005,대한민국,B2,기간평균,T003,SDR당 국내 통화,1483.31842,
200507,1005,대한민국,B2,기간평균,T003,SDR당 국내 통화,1503.9732,
200508,1005,대한민국,B2,기간평균,T003,SDR당 국내 통화,1497.96227,
200509,1005,대한민국,B2,기간평균,T003,SDR당 국내 통화,1509.00882,
200510,1005,대한민국,B2,기간평균,T003,SDR당 국내 통화,1512.24875,
200511,1005,대한민국,B2,기간평균,T003,SDR당 국내 통화,1486.26849,
200512,1005,대한민국,B2,기간평균,T003,SDR당 국내 통화,1465.76983,
200501,1005,대한민국,B2,기간평균,T004,USD당 국내 통화,1038.23,
200502,1005,대한민국,B2,기간평균,T004,USD당 국내 통화,1022.43,
200503,1005,대한민국,B2,기간평균,T004,USD당 국내 통화,1007.49,
200504,1005,대한민국,B2,기간평균,T004,USD당 국내 통화,1010.94,
200505,1005,대한민국,B2,기간평균,T004,USD당 국내 통화,1002.21,
200506,1005,대한민국,B2,기간평균,T004,USD당 국내 통화,1010.87,
200507,1005,대한민국,B2,기간평균,T004,USD당 국내 통화,1037.44,
200508,1005,대한민국,B2,기간평균,T004,USD당 국내 통화,1021.17,
200509,1005,대한민국,B2,기간평균,T004,USD당 국내 통화,1029.33,
200510,1005,대한민국,B2,기간평균,T004,USD당 국내 통화,1046.25,
200511,1005,대한민국,B2,기간평균,T004,USD당 국내 통화,1041.43,
200512,1005,대한민국,B2,기간평균,T004,USD당 국내 통화,1024.15,
200601,1005,대한민국,B1,기간말,T002,유로당 국내 통화,1176.6578,
200602,1005,대한민국,B1,기간말,T002,유로당 국내 통화,1150.6875,
200603,1005,대한민국,B1,기간말,T002,유로당 국내 통화,1181.22936,
200604,1005,대한민국,B1,기간말,T002,유로당 국내 통화,1185.62409,
200605,1005,대한민국,B1,기간말,T002,유로당 국내 통화,1219.11432,
200606,1005,대한민국,B1,기간말,T002,유로당 국내 통화,1220.82939,
200607,1005,대한민국,B1,기간말,T002,유로당 국내 통화,1216.82277,
200608,1005,대한민국,B1,기간말,T002,유로당 국내 통화,1233.18196,
200609,1005,대한민국,B1,기간말,T002,유로당 국내 통화,1196.6232,
200610,1005,대한민국,B1,기간말,T002,유로당 국내 통화,1198.75632,
200611,1005,대한민국,B1,기간말,T002,유로당 국내 통화,1227.468,
200612,1005,대한민국,B1,기간말,T002,유로당 국내 통화,1224.2832,
200601,1005,대한민국,B1,기간말,T003,SDR당 국내 통화,1403.48139,
200602,1005,대한민국,B1,기간말,T003,SDR당 국내 통화,1390.54116,
200603,1005,대한민국,B1,기간말,T003,SDR당 국내 통화,1406.121,
200604,1005,대한민국,B1,기간말,T003,SDR당 국내 통화,1391.18334,
200605,1005,대한민국,B1,기간말,T003,SDR당 국내 통화,1415.587,
200606,1005,대한민국,B1,기간말,T003,SDR당 국내 통화,1420.63779,
200607,1005,대한민국,B1,기간말,T003,SDR당 국내 통화,1414.27121,
200608,1005,대한민국,B1,기간말,T003,SDR당 국내 통화,1428.38855,
200609,1005,대한민국,B1,기간말,T003,SDR당 국내 통화,1395.46901,
200610,1005,대한민국,B1,기간말,T003,SDR당 국내 통화,1397.45256,
200611,1005,대한민국,B1,기간말,T003,SDR당 국내 통화,1402.03543,
200612,1005,대한민국,B1,기간말,T003,SDR당 국내 통화,1398.49199,
200601,1005,대한민국,B1,기간말,T004,USD당 국내 통화,971,
200602,1005,대한민국,B1,기간말,T004,USD당 국내 통화,969,
200603,1005,대한민국,B1,기간말,T004,USD당 국내 통화,975.9,
200604,1005,대한민국,B1,기간말,T004,USD당 국내 통화,945.7,
200605,1005,대한민국,B1,기간말,T004,USD당 국내 통화,947.4,
200606,1005,대한민국,B1,기간말,T004,USD당 국내 통화,960.3,
200607,1005,대한민국,B1,기간말,T004,USD당 국내 통화,953.1,
200608,1005,대한민국,B1,기간말,T004,USD당 국내 통화,959.6,
200609,1005,대한민국,B1,기간말,T004,USD당 국내 통화,945.2,
200610,1005,대한민국,B1,기간말,T004,USD당 국내 통화,944.2,
200611,1005,대한민국,B1,기간말,T004,USD당 국내 통화,929.9,
200612,1005,대한민국,B1,기간말,T004,USD당 국내 통화,929.6,
200601,1005,대한민국,B2,기간평균,T002,유로당 국내 통화,1194.61587,
200602,1005,대한민국,B2,기간평균,T002,유로당 국내 통화,1158.28259,
200603,1005,대한민국,B2,기간평균,T002,유로당 국내 통화,1172.05818,
200604,1005,대한민국,B2,기간평균,T002,유로당 국내 통화,1171.20923,
200605,1005,대한민국,B2,기간평균,T002,유로당 국내 통화,1202.12929,
200606,1005,대한민국,B2,기간평균,T002,유로당 국내 통화,1208.27306,
200607,1005,대한민국,B2,기간평균,T002,유로당 국내 통화,1205.13859,
200608,1005,대한민국,B2,기간평균,T002,유로당 국내 통화,1230.80763,
200609,1005,대한민국,B2,기간평균,T002,유로당 국내 통화,1213.78941,
200610,1005,대한민국,B2,기간평균,T002,유로당 국내 통화,1203.38379,
200611,1005,대한민국,B2,기간평균,T002,유로당 국내 통화,1205.98328,
200612,1005,대한민국,B2,기간평균,T002,유로당 국내 통화,1223.17399,
200601,1005,대한민국,B2,기간평균,T003,SDR당 국내 통화,1428.17352,
200602,1005,대한민국,B2,기간평균,T003,SDR당 국내 통화,1392.85551,
200603,1005,대한민국,B2,기간평균,T003,SDR당 국내 통화,1403.19497,
200604,1005,대한민국,B2,기간평균,T003,SDR당 국내 통화,1385.0883,
200605,1005,대한민국,B2,기간평균,T003,SDR당 국내 통화,1401.53221,
200606,1005,대한민국,B2,기간평균,T003,SDR당 국내 통화,1411.72699,
200607,1005,대한민국,B2,기간평균,T003,SDR당 국내 통화,1404.01761,
200608,1005,대한민국,B2,기간평균,T003,SDR당 국내 통화,1428.60422,
200609,1005,대한민국,B2,기간평균,T003,SDR당 국내 통화,1412.97162,
200610,1005,대한민국,B2,기간평균,T003,SDR당 국내 통화,1406.0294,
200611,1005,대한민국,B2,기간평균,T003,SDR당 국내 통화,1394.66108,
200612,1005,대한민국,B2,기간평균,T003,SDR당 국내 통화,1395.91423,
200601,1005,대한민국,B2,기간평균,T004,USD당 국내 통화,987.03,
200602,1005,대한민국,B2,기간평균,T004,USD당 국내 통화,970.22,
200603,1005,대한민국,B2,기간평균,T004,USD당 국내 통화,975.09,
200604,1005,대한민국,B2,기간평균,T004,USD당 국내 통화,954.44,
200605,1005,대한민국,B2,기간평균,T004,USD당 국내 통화,941.4,
200606,1005,대한민국,B2,기간평균,T004,USD당 국내 통화,955.16,
200607,1005,대한민국,B2,기간평균,T004,USD당 국내 통화,950.15,
200608,1005,대한민국,B2,기간평균,T004,USD당 국내 통화,960.72,
200609,1005,대한민국,B2,기간평균,T004,USD당 국내 통화,953.68,
200610,1005,대한민국,B2,기간평균,T004,USD당 국내 통화,954.23,
200611,1005,대한민국,B2,기간평균,T004,USD당 국내 통화,936.22,
200612,1005,대한민국,B2,기간평균,T004,USD당 국내 통화,925.75,
200701,1005,대한민국,B1,기간말,T002,유로당 국내 통화,1218.84186,
200702,1005,대한민국,B1,기간말,T002,유로당 국내 통화,1239.58813,
200703,1005,대한민국,B1,기간말,T002,유로당 국내 통화,1252.29154,
200704,1005,대한민국,B1,기간말,T002,유로당 국내 통화,1264.4487,
200705,1005,대한민국,B1,기간말,T002,유로당 국내 통화,1250.99447,
200706,1005,대한민국,B1,기간말,T002,유로당 국내 통화,1251.6434,
200707,1005,대한민국,B1,기간말,T002,유로당 국내 통화,1265.43024,
200708,1005,대한민국,B1,기간말,T002,유로당 국내 통화,1288.13295,
200709,1005,대한민국,B1,기간말,T002,유로당 국내 통화,1305.46053,
200710,1005,대한민국,B1,기간말,T002,유로당 국내 통화,1310.92078,
200711,1005,대한민국,B1,기간말,T002,유로당 국내 통화,1372.18256,
200712,1005,대한민국,B1,기간말,T002,유로당 국내 통화,1381.12422,
200701,1005,대한민국,B1,기간말,T003,SDR당 국내 통화,1402.08502,
200702,1005,대한민국,B1,기간말,T003,SDR당 국내 통화,1411.87552,
200703,1005,대한민국,B1,기간말,T003,SDR당 국내 통화,1420.02809,
200704,1005,대한민국,B1,기간말,T003,SDR당 국내 통화,1416.5761,
200705,1005,대한민국,B1,기간말,T003,SDR당 국내 통화,1406.80574,
200706,1005,대한민국,B1,기간말,T003,SDR당 국내 통화,1404.62976,
200707,1005,대한민국,B1,기간말,T003,SDR당 국내 통화,1413.62668,
200708,1005,대한민국,B1,기간말,T003,SDR당 국내 통화,1440.51717,
200709,1005,대한민국,B1,기간말,T003,SDR당 국내 통화,1433.20802,
200710,1005,대한민국,B1,기간말,T003,SDR당 국내 통화,1426.32812,
200711,1005,대한민국,B1,기간말,T003,SDR당 국내 통화,1478.23045,
200712,1005,대한민국,B1,기간말,T003,SDR당 국내 통화,1482.58883,
200701,1005,대한민국,B1,기간말,T004,USD당 국내 통화,940.9,
200702,1005,대한민국,B1,기간말,T004,USD당 국내 통화,938.3,
200703,1005,대한민국,B1,기간말,T004,USD당 국내 통화,940.3,
200704,1005,대한민국,B1,기간말,T004,USD당 국내 통화,929.4,
200705,1005,대한민국,B1,기간말,T004,USD당 국내 통화,929.9,
200706,1005,대한민국,B1,기간말,T004,USD당 국내 통화,926.8,
200707,1005,대한민국,B1,기간말,T004,USD당 국내 통화,923.2,
200708,1005,대한민국,B1,기간말,T004,USD당 국내 통화,939.9,
200709,1005,대한민국,B1,기간말,T004,USD당 국내 통화,920.7,
200710,1005,대한민국,B1,기간말,T004,USD당 국내 통화,907.4,
200711,1005,대한민국,B1,기간말,T004,USD당 국내 통화,929.6,
200712,1005,대한민국,B1,기간말,T004,USD당 국내 통화,938.2,
200701,1005,대한민국,B2,기간평균,T002,유로당 국내 통화,1217.14031,
200702,1005,대한민국,B2,기간평균,T002,유로당 국내 통화,1225.07869,
200703,1005,대한민국,B2,기간평균,T002,유로당 국내 통화,1249.05203,
200704,1005,대한민국,B2,기간평균,T002,유로당 국내 통화,1259.03011,
200705,1005,대한민국,B2,기간평균,T002,유로당 국내 통화,1253.72873,
200706,1005,대한민국,B2,기간평균,T002,유로당 국내 통화,1245.67282,
200707,1005,대한민국,B2,기간평균,T002,유로당 국내 통화,1260.25707,
200708,1005,대한민국,B2,기간평균,T002,유로당 국내 통화,1272.06702,
200709,1005,대한민국,B2,기간평균,T002,유로당 국내 통화,1295.71889,
200710,1005,대한민국,B2,기간평균,T002,유로당 국내 통화,1303.03782,
200711,1005,대한민국,B2,기간평균,T002,유로당 국내 통화,1346.46009,
200712,1005,대한민국,B2,기간평균,T002,유로당 국내 통화,1355.39395,
200701,1005,대한민국,B2,기간평균,T003,SDR당 국내 통화,1399.58081,
200702,1005,대한민국,B2,기간평균,T003,SDR당 국내 통화,1402.84349,
200703,1005,대한민국,B2,기간평균,T003,SDR당 국내 통화,1422.01578,
200704,1005,대한민국,B2,기간평균,T003,SDR당 국내 통화,1415.70471,
200705,1005,대한민국,B2,기간평균,T003,SDR당 국내 통화,1408.13101,
200706,1005,대한민국,B2,기간평균,T003,SDR당 국내 통화,1402.99149,
200707,1005,대한민국,B2,기간평균,T003,SDR당 국내 통화,1405.0259,
200708,1005,대한민국,B2,기간평균,T003,SDR당 국내 통화,1428.1674,
200709,1005,대한민국,B2,기간평균,T003,SDR당 국내 통화,1439.35791,
200710,1005,대한민국,B2,기간평균,T003,SDR당 국내 통화,1427.26485,
200711,1005,대한민국,B2,기간평균,T003,SDR당 국내 통화,1454.72442,
200712,1005,대한민국,B2,기간평균,T003,SDR당 국내 통화,1465.27464,
200701,1005,대한민국,B2,기간평균,T004,USD당 국내 통화,936.36,
200702,1005,대한민국,B2,기간평균,T004,USD당 국내 통화,937.02,
200703,1005,대한민국,B2,기간평균,T004,USD당 국내 통화,943.26,
200704,1005,대한민국,B2,기간평균,T004,USD당 국내 통화,931.5,
200705,1005,대한민국,B2,기간평균,T004,USD당 국내 통화,927.91,
200706,1005,대한민국,B2,기간평균,T004,USD당 국내 통화,928.32,
200707,1005,대한민국,B2,기간평균,T004,USD당 국내 통화,918.85,
200708,1005,대한민국,B2,기간평균,T004,USD당 국내 통화,933.8,
200709,1005,대한민국,B2,기간평균,T004,USD당 국내 통화,932.41,
200710,1005,대한민국,B2,기간평균,T004,USD당 국내 통화,915.86,
200711,1005,대한민국,B2,기간평균,T004,USD당 국내 통화,916.98,
200712,1005,대한민국,B2,기간평균,T004,USD당 국내 통화,930.24,
200801,1005,대한민국,B1,기간말,T002,유로당 국내 통화,1403.5793,
200802,1005,대한민국,B1,기간말,T002,유로당 국내 통화,1421.60291,
200803,1005,대한민국,B1,기간말,T002,유로당 국내 통화,1568.07604,
200804,1005,대한민국,B1,기간말,T002,유로당 국내 통화,1553.5338,
200805,1005,대한민국,B1,기간말,T002,유로당 국내 통화,1599.49512,
200806,1005,대한민국,B1,기간말,T002,유로당 국내 통화,1644.81576,
200807,1005,대한민국,B1,기간말,T002,유로당 국내 통화,1574.36935,
200808,1005,대한민국,B1,기간말,T002,유로당 국내 통화,1594.0323,
200809,1005,대한민국,B1,기간말,T002,유로당 국내 통화,1698.76731,
200810,1005,대한민국,B1,기간말,T002,유로당 국내 통화,1647.43898,
200811,1005,대한민국,B1,기간말,T002,유로당 국내 통화,1887.03229,
200812,1005,대한민국,B1,기간말,T002,유로당 국내 통화,1750.06275,
200801,1005,대한민국,B1,기간말,T003,SDR당 국내 통화,1505.77087,
200802,1005,대한민국,B1,기간말,T003,SDR당 국내 통화,1509.57314,
200803,1005,대한민국,B1,기간말,T003,SDR당 국내 통화,1630.84948,
200804,1005,대한민국,B1,기간말,T003,SDR당 국내 통화,1623.2928,
200805,1005,대한민국,B1,기간말,T003,SDR당 국내 통화,1671.57735,
200806,1005,대한민국,B1,기간말,T003,SDR당 국내 통화,1704.51482,
200807,1005,대한민국,B1,기간말,T003,SDR당 국내 통화,1634.65965,
200808,1005,대한민국,B1,기간말,T003,SDR당 국내 통화,1698.29182,
200809,1005,대한민국,B1,기간말,T003,SDR당 국내 통화,1849.51313,
200810,1005,대한민국,B1,기간말,T003,SDR당 국내 통화,1921.98646,
200811,1005,대한민국,B1,기간말,T003,SDR당 국내 통화,2206.21168,
200812,1005,대한민국,B1,기간말,T003,SDR당 국내 통화,1936.88899,
200801,1005,대한민국,B1,기간말,T004,USD당 국내 통화,943.9,
200802,1005,대한민국,B1,기간말,T004,USD당 국내 통화,937.3,
200803,1005,대한민국,B1,기간말,T004,USD당 국내 통화,991.7,
200804,1005,대한민국,B1,기간말,T004,USD당 국내 통화,999.7,
200805,1005,대한민국,B1,기간말,T004,USD당 국내 통화,1031.4,
200806,1005,대한민국,B1,기간말,T004,USD당 국내 통화,1043.4,
200807,1005,대한민국,B1,기간말,T004,USD당 국내 통화,1008.5,
200808,1005,대한민국,B1,기간말,T004,USD당 국내 통화,1081.8,
200809,1005,대한민국,B1,기간말,T004,USD당 국내 통화,1187.7,
200810,1005,대한민국,B1,기간말,T004,USD당 국내 통화,1291.4,
200811,1005,대한민국,B1,기간말,T004,USD당 국내 통화,1482.7,
200812,1005,대한민국,B1,기간말,T004,USD당 국내 통화,1257.5,
200801,1005,대한민국,B2,기간평균,T002,유로당 국내 통화,1387.00103,
200802,1005,대한민국,B2,기간평균,T002,유로당 국내 통화,1393.2648,
200803,1005,대한민국,B2,기간평균,T002,유로당 국내 통화,1521.38221,
200804,1005,대한민국,B2,기간평균,T002,유로당 국내 통화,1554.03883,
200805,1005,대한민국,B2,기간평균,T002,유로당 국내 통화,1612.84086,
200806,1005,대한민국,B2,기간평균,T002,유로당 국내 통화,1600.79912,
200807,1005,대한민국,B2,기간평균,T002,유로당 국내 통화,1607.12122,
200808,1005,대한민국,B2,기간평균,T002,유로당 국내 통화,1559.74583,
200809,1005,대한민국,B2,기간평균,T002,유로당 국내 통화,1624.32828,
200810,1005,대한민국,B2,기간평균,T002,유로당 국내 통화,1767.73436,
200811,1005,대한민국,B2,기간평균,T002,유로당 국내 통화,1769.88344,
200812,1005,대한민국,B2,기간평균,T002,유로당 국내 통화,1847.73629,
200801,1005,대한민국,B2,기간평균,T003,SDR당 국내 통화,1492.6992,
200802,1005,대한민국,B2,기간평균,T003,SDR당 국내 통화,1497.85149,
200803,1005,대한민국,B2,기간평균,T003,SDR당 국내 통화,1599.33195,
200804,1005,대한민국,B2,기간평균,T003,SDR당 국내 통화,1614.67068,
200805,1005,대한민국,B2,기간평균,T003,SDR당 국내 통화,1683.42446,
200806,1005,대한민국,B2,기간평균,T003,SDR당 국내 통화,1666.45633,
200807,1005,대한민국,B2,기간평균,T003,SDR당 국내 통화,1662.03713,
200808,1005,대한민국,B2,기간평균,T003,SDR당 국내 통화,1650.69859,
200809,1005,대한민국,B2,기간평균,T003,SDR당 국내 통화,1758.43854,
200810,1005,대한민국,B2,기간평균,T003,SDR당 국내 통화,2009.94602,
200811,1005,대한민국,B2,기간평균,T003,SDR당 국내 통화,2061.49309,
200812,1005,대한민국,B2,기간평균,T003,SDR당 국내 통화,2089.53184,
200801,1005,대한민국,B2,기간평균,T004,USD당 국내 통화,942.39,
200802,1005,대한민국,B2,기간평균,T004,USD당 국내 통화,944.69,
200803,1005,대한민국,B2,기간평균,T004,USD당 국내 통화,979.86,
200804,1005,대한민국,B2,기간평균,T004,USD당 국내 통화,986.66,
200805,1005,대한민국,B2,기간평균,T004,USD당 국내 통화,1036.73,
200806,1005,대한민국,B2,기간평균,T004,USD당 국내 통화,1029.27,
200807,1005,대한민국,B2,기간평균,T004,USD당 국내 통화,1019.12,
200808,1005,대한민국,B2,기간평균,T004,USD당 국내 통화,1041.54,
200809,1005,대한민국,B2,기간평균,T004,USD당 국내 통화,1130.4,
200810,1005,대한민국,B2,기간평균,T004,USD당 국내 통화,1326.92,
200811,1005,대한민국,B2,기간평균,T004,USD당 국내 통화,1390.09,
200812,1005,대한민국,B2,기간평균,T004,USD당 국내 통화,1373.84,
200901,1005,대한민국,B1,기간말,T002,유로당 국내 통화,1753.8696,
200902,1005,대한민국,B1,기간말,T002,유로당 국내 통화,1917.33616,
200903,1005,대한민국,B1,기간말,T002,유로당 국내 통화,1832.64468,
200904,1005,대한민국,B1,기간말,T002,유로당 국내 통화,1789.47,
200905,1005,대한민국,B1,기간말,T002,유로당 국내 통화,1794.53442,
200906,1005,대한민국,B1,기간말,T002,유로당 국내 통화,1815.79498,
200907,1005,대한민국,B1,기간말,T002,유로당 국내 통화,1753.8189,
200908,1005,대한민국,B1,기간말,T002,유로당 국내 통화,1776.72128,
200909,1005,대한민국,B1,기간말,T002,유로당 국내 통화,1740.61341,
200910,1005,대한민국,B1,기간말,T002,유로당 국내 통화,1776.888,
200911,1005,대한민국,B1,기간말,T002,유로당 국내 통화,1753.78502,
200912,1005,대한민국,B1,기간말,T002,유로당 국내 통화,1682.04456,
200901,1005,대한민국,B1,기간말,T003,SDR당 국내 통화,2041.69626,
200902,1005,대한민국,B1,기간말,T003,SDR당 국내 통화,2225.1113,
200903,1005,대한민국,B1,기간말,T003,SDR당 국내 통화,2058.86706,
200904,1005,대한민국,B1,기간말,T003,SDR당 국내 통화,2019.07638,
200905,1005,대한민국,B1,기간말,T003,SDR당 국내 통화,1970.51275,
200906,1005,대한민국,B1,기간말,T003,SDR당 국내 통화,1994.145,
200907,1005,대한민국,B1,기간말,T003,SDR당 국내 통화,1926.90648,
200908,1005,대한민국,B1,기간말,T003,SDR당 국내 통화,1949.59157,
200909,1005,대한민국,B1,기간말,T003,SDR당 국내 통화,1883.34569,
200910,1005,대한민국,B1,기간말,T003,SDR당 국내 통화,1908.82294,
200911,1005,대한민국,B1,기간말,T003,SDR당 국내 통화,1879.72588,
200912,1005,대한민국,B1,기간말,T003,SDR당 국내 통화,1830.43546,
200901,1005,대한민국,B1,기간말,T004,USD당 국내 통화,1368.5,
200902,1005,대한민국,B1,기간말,T004,USD당 국내 통화,1516.4,
200903,1005,대한민국,B1,기간말,T004,USD당 국내 통화,1377.1,
200904,1005,대한민국,B1,기간말,T004,USD당 국내 통화,1348,
200905,1005,대한민국,B1,기간말,T004,USD당 국내 통화,1272.9,
200906,1005,대한민국,B1,기간말,T004,USD당 국내 통화,1284.7,
200907,1005,대한민국,B1,기간말,T004,USD당 국내 통화,1240.5,
200908,1005,대한민국,B1,기간말,T004,USD당 국내 통화,1244.9,
200909,1005,대한민국,B1,기간말,T004,USD당 국내 통화,1188.7,
200910,1005,대한민국,B1,기간말,T004,USD당 국내 통화,1200.6,
200911,1005,대한민국,B1,기간말,T004,USD당 국내 통화,1167.4,
200912,1005,대한민국,B1,기간말,T004,USD당 국내 통화,1167.6,
200901,1005,대한민국,B2,기간평균,T002,유로당 국내 통화,1782.05692,
200902,1005,대한민국,B2,기간평균,T002,유로당 국내 통화,1827.52173,
200903,1005,대한민국,B2,기간평균,T002,유로당 국내 통화,1907.85732,
200904,1005,대한민국,B2,기간평균,T002,유로당 국내 통화,1770.00636,
200905,1005,대한민국,B2,기간평균,T002,유로당 국내 통화,1718.19579,
200906,1005,대한민국,B2,기간평균,T002,유로당 국내 통화,1767.96549,
200907,1005,대한민국,B2,기간평균,T002,유로당 국내 통화,1780.64247,
200908,1005,대한민국,B2,기간평균,T002,유로당 국내 통화,1766.94912,
200909,1005,대한민국,B2,기간평균,T002,유로당 국내 통화,1775.2819,
200910,1005,대한민국,B2,기간평균,T002,유로당 국내 통화,1741.29314,
200911,1005,대한민국,B2,기간평균,T002,유로당 국내 통화,1736.38806,
200912,1005,대한민국,B2,기간평균,T002,유로당 국내 통화,1704.60231,
200901,1005,대한민국,B2,기간평균,T003,SDR당 국내 통화,2032.20223,
200902,1005,대한민국,B2,기간평균,T003,SDR당 국내 통화,2123.67082,
200903,1005,대한민국,B2,기간평균,T003,SDR당 국내 통화,2168.31913,
200904,1005,대한민국,B2,기간평균,T003,SDR당 국내 통화,2002.2405,
200905,1005,대한민국,B2,기간평균,T003,SDR당 국내 통화,1914.16103,
200906,1005,대한민국,B2,기간평균,T003,SDR당 국내 통화,1948.68382,
200907,1005,대한민국,B2,기간평균,T003,SDR당 국내 통화,1961.57672,
200908,1005,대한민국,B2,기간평균,T003,SDR당 국내 통화,1932.17016,
200909,1005,대한민국,B2,기간평균,T003,SDR당 국내 통화,1923.60826,
200910,1005,대한민국,B2,기간평균,T003,SDR당 국내 통화,1868.1503,
200911,1005,대한민국,B2,기간평균,T003,SDR당 국내 통화,1862.63478,
200912,1005,대한민국,B2,기간평균,T003,SDR당 국내 통화,1846.24024,
200901,1005,대한민국,B2,기간평균,T004,USD당 국내 통화,1346.1,
200902,1005,대한민국,B2,기간평균,T004,USD당 국내 통화,1429.46,
200903,1005,대한민국,B2,기간평균,T004,USD당 국내 통화,1461.98,
200904,1005,대한민국,B2,기간평균,T004,USD당 국내 통화,1341.9,
200905,1005,대한민국,B2,기간평균,T004,USD당 국내 통화,1258.71,
200906,1005,대한민국,B2,기간평균,T004,USD당 국내 통화,1261.35,
200907,1005,대한민국,B2,기간평균,T004,USD당 국내 통화,1263.97,
200908,1005,대한민국,B2,기간평균,T004,USD당 국내 통화,1238.4,
200909,1005,대한민국,B2,기간평균,T004,USD당 국내 통화,1219.15,
200910,1005,대한민국,B2,기간평균,T004,USD당 국내 통화,1175.25,
200911,1005,대한민국,B2,기간평균,T004,USD당 국내 통화,1164.23,
200912,1005,대한민국,B2,기간평균,T004,USD당 국내 통화,1166.45,
201001,1005,대한민국,B1,기간말,T002,유로당 국내 통화,1615.1679,
201002,1005,대한민국,B1,기간말,T002,유로당 국내 통화,1571.9488,
201003,1005,대한민국,B1,기간말,T002,유로당 국내 통화,1524.20532,
201004,1005,대한민국,B1,기간말,T002,유로당 국내 통화,1485.28825,
201005,1005,대한민국,B1,기간말,T002,유로당 국내 통화,1477.08614,
201006,1005,대한민국,B1,기간말,T002,유로당 국내 통화,1485.15913,
201007,1005,대한민국,B1,기간말,T002,유로당 국내 통화,1546.68416,
201008,1005,대한민국,B1,기간말,T002,유로당 국내 통화,1507.7788,
201009,1005,대한민국,B1,기간말,T002,유로당 국내 통화,1558.6016,
201010,1005,대한민국,B1,기간말,T002,유로당 국내 통화,1561.12962,
201011,1005,대한민국,B1,기간말,T002,유로당 국내 통화,1504.25854,
201012,1005,대한민국,B1,기간말,T002,유로당 국내 통화,1521.79818,
201001,1005,대한민국,B1,기간말,T003,SDR당 국내 통화,1797.42346,
201002,1005,대한민국,B1,기간말,T003,SDR당 국내 통화,1775.34472,
201003,1005,대한민국,B1,기간말,T003,SDR당 국내 통화,1716.82682,
201004,1005,대한민국,B1,기간말,T003,SDR당 국내 통화,1685.65134,
201005,1005,대한민국,B1,기간말,T003,SDR당 국내 통화,1769.48878,
201006,1005,대한민국,B1,기간말,T003,SDR당 국내 통화,1789.90801,
201007,1005,대한민국,B1,기간말,T003,SDR당 국내 통화,1802.78131,
201008,1005,대한민국,B1,기간말,T003,SDR당 국내 통화,1794.24772,
201009,1005,대한민국,B1,기간말,T003,SDR당 국내 통화,1777.16637,
201010,1005,대한민국,B1,기간말,T003,SDR당 국내 통화,1770.7739,
201011,1005,대한민국,B1,기간말,T003,SDR당 국내 통화,1765.78111,
201012,1005,대한민국,B1,기간말,T003,SDR당 국내 통화,1753.94557,
201001,1005,대한민국,B1,기간말,T004,USD당 국내 통화,1156.5,
201002,1005,대한민국,B1,기간말,T004,USD당 국내 통화,1158.4,
201003,1005,대한민국,B1,기간말,T004,USD당 국내 통화,1130.8,
201004,1005,대한민국,B1,기간말,T004,USD당 국내 통화,1115.5,
201005,1005,대한민국,B1,기간말,T004,USD당 국내 통화,1200.2,
201006,1005,대한민국,B1,기간말,T004,USD당 국내 통화,1210.3,
201007,1005,대한민국,B1,기간말,T004,USD당 국내 통화,1187.2,
201008,1005,대한민국,B1,기간말,T004,USD당 국내 통화,1189.1,
201009,1005,대한민국,B1,기간말,T004,USD당 국내 통화,1142,
201010,1005,대한민국,B1,기간말,T004,USD당 국내 통화,1126.6,
201011,1005,대한민국,B1,기간말,T004,USD당 국내 통화,1157.3,
201012,1005,대한민국,B1,기간말,T004,USD당 국내 통화,1138.9,
201001,1005,대한민국,B2,기간평균,T002,유로당 국내 통화,1625.33529,
201002,1005,대한민국,B2,기간평균,T002,유로당 국내 통화,1583.54498,
201003,1005,대한민국,B2,기간평균,T002,유로당 국내 통화,1543.60931,
201004,1005,대한민국,B2,기간평균,T002,유로당 국내 통화,1497.56415,
201005,1005,대한민국,B2,기간평균,T002,유로당 국내 통화,1461.48649,
201006,1005,대한민국,B2,기간평균,T002,유로당 국내 통화,1480.07308,
201007,1005,대한민국,B2,기간평균,T002,유로당 국내 통화,1541.7221,
201008,1005,대한민국,B2,기간평균,T002,유로당 국내 통화,1521.4103,
201009,1005,대한민국,B2,기간평균,T002,유로당 국내 통화,1524.93197,
201010,1005,대한민국,B2,기간평균,T002,유로당 국내 통화,1561.34941,
201011,1005,대한민국,B2,기간평균,T002,유로당 국내 통화,1538.4967,
201012,1005,대한민국,B2,기간평균,T002,유로당 국내 통화,1517.07607,
201001,1005,대한민국,B2,기간평균,T003,SDR당 국내 통화,1782.18707,
201002,1005,대한민국,B2,기간평균,T003,SDR당 국내 통화,1779.71153,
201003,1005,대한민국,B2,기간평균,T003,SDR당 국내 통화,1737.69224,
201004,1005,대한민국,B2,기간평균,T003,SDR당 국내 통화,1694.84644,
201005,1005,대한민국,B2,기간평균,T003,SDR당 국내 통화,1721.19828,
201006,1005,대한민국,B2,기간평균,T003,SDR당 국내 통화,1780.04831,
201007,1005,대한민국,B2,기간평균,T003,SDR당 국내 통화,1815.965,
201008,1005,대한민국,B2,기간평균,T003,SDR당 국내 통화,1790.86835,
201009,1005,대한민국,B2,기간평균,T003,SDR당 국내 통화,1781.98751,
201010,1005,대한민국,B2,기간평균,T003,SDR당 국내 통화,1763.74325,
201011,1005,대한민국,B2,기간평균,T003,SDR당 국내 통화,1759.03937,
201012,1005,대한민국,B2,기간평균,T003,SDR당 국내 통화,1762.18666,
201001,1005,대한민국,B2,기간평균,T004,USD당 국내 통화,1138.82,
201002,1005,대한민국,B2,기간평균,T004,USD당 국내 통화,1157.08,
201003,1005,대한민국,B2,기간평균,T004,USD당 국내 통화,1137.64,
201004,1005,대한민국,B2,기간평균,T004,USD당 국내 통화,1117.11,
201005,1005,대한민국,B2,기간평균,T004,USD당 국내 통화,1163.11,
201006,1005,대한민국,B2,기간평균,T004,USD당 국내 통화,1212.33,
201007,1005,대한민국,B2,기간평균,T004,USD당 국내 통화,1207.3,
201008,1005,대한민국,B2,기간평균,T004,USD당 국내 통화,1179.92,
201009,1005,대한민국,B2,기간평균,T004,USD당 국내 통화,1167.01,
201010,1005,대한민국,B2,기간평균,T004,USD당 국내 통화,1123.45,
201011,1005,대한민국,B2,기간평균,T004,USD당 국내 통화,1126.2,
201012,1005,대한민국,B2,기간평균,T004,USD당 국내 통화,1147.55,
201101,1005,대한민국,B1,기간말,T002,유로당 국내 통화,1525.69956,
201102,1005,대한민국,B1,기간말,T002,유로당 국내 통화,1560.33686,
201103,1005,대한민국,B1,기간말,T002,유로당 국내 통화,1572.99904,
201104,1005,대한민국,B1,기간말,T002,유로당 국내 통화,1593.4378,
201105,1005,대한민국,B1,기간말,T002,유로당 국내 통화,1554.4431,
201106,1005,대한민국,B1,기간말,T002,유로당 국내 통화,1558.17793,
201107,1005,대한민국,B1,기간말,T002,유로당 국내 통화,1501.0076,
201108,1005,대한민국,B1,기간말,T002,유로당 국내 통화,1548.6065,
201109,1005,대한민국,B1,기간말,T002,유로당 국내 통화,1592.67885,
201110,1005,대한민국,B1,기간말,T002,유로당 국내 통화,1546.41045,
201111,1005,대한민국,B1,기간말,T002,유로당 국내 통화,1543.47254,
201112,1005,대한민국,B1,기간말,T002,유로당 국내 통화,1492.25487,
201101,1005,대한민국,B1,기간말,T003,SDR당 국내 통화,1740.46555,
201102,1005,대한민국,B1,기간말,T003,SDR당 국내 통화,1774.24226,
201103,1005,대한민국,B1,기간말,T003,SDR당 국내 통화,1755.47078,
201104,1005,대한민국,B1,기간말,T003,SDR당 국내 통화,1738.15363,
201105,1005,대한민국,B1,기간말,T003,SDR당 국내 통화,1729.7903,
201106,1005,대한민국,B1,기간말,T003,SDR당 국내 통화,1725.44312,
201107,1005,대한민국,B1,기간말,T003,SDR당 국내 통화,1683.10705,
201108,1005,대한민국,B1,기간말,T003,SDR당 국내 통화,1724.75115,
201109,1005,대한민국,B1,기간말,T003,SDR당 국내 통화,1841.93554,
201110,1005,대한민국,B1,기간말,T003,SDR당 국내 통화,1751.62872,
201111,1005,대한민국,B1,기간말,T003,SDR당 국내 통화,1784.75565,
201112,1005,대한민국,B1,기간말,T003,SDR당 국내 통화,1770.62207,
201101,1005,대한민국,B1,기간말,T004,USD당 국내 통화,1114.3,
201102,1005,대한민국,B1,기간말,T004,USD당 국내 통화,1127.9,
201103,1005,대한민국,B1,기간말,T004,USD당 국내 통화,1107.2,
201104,1005,대한민국,B1,기간말,T004,USD당 국내 통화,1072.3,
201105,1005,대한민국,B1,기간말,T004,USD당 국내 통화,1080.6,
201106,1005,대한민국,B1,기간말,T004,USD당 국내 통화,1078.1,
201107,1005,대한민국,B1,기간말,T004,USD당 국내 통화,1052.6,
201108,1005,대한민국,B1,기간말,T004,USD당 국내 통화,1071.7,
201109,1005,대한민국,B1,기간말,T004,USD당 국내 통화,1179.5,
201110,1005,대한민국,B1,기간말,T004,USD당 국내 통화,1104.5,
201111,1005,대한민국,B1,기간말,T004,USD당 국내 통화,1150.3,
201112,1005,대한민국,B1,기간말,T004,USD당 국내 통화,1153.3,
201101,1005,대한민국,B2,기간평균,T002,유로당 국내 통화,1496.37618,
201102,1005,대한민국,B2,기간평균,T002,유로당 국내 통화,1526.1437,
201103,1005,대한민국,B2,기간평균,T002,유로당 국내 통화,1571.33728,
201104,1005,대한민국,B2,기간평균,T002,유로당 국내 통화,1569.59145,
201105,1005,대한민국,B2,기간평균,T002,유로당 국내 통화,1554.73214,
201106,1005,대한민국,B2,기간평균,T002,유로당 국내 통화,1555.77551,
201107,1005,대한민국,B2,기간평균,T002,유로당 국내 통화,1511.30107,
201108,1005,대한민국,B2,기간평균,T002,유로당 국내 통화,1539.27106,
201109,1005,대한민국,B2,기간평균,T002,유로당 국내 통화,1540.32597,
201110,1005,대한민국,B2,기간평균,T002,유로당 국내 통화,1583.69828,
201111,1005,대한민국,B2,기간평균,T002,유로당 국내 통화,1534.92855,
201112,1005,대한민국,B2,기간평균,T002,유로당 국내 통화,1512.22982,
201101,1005,대한민국,B2,기간평균,T003,SDR당 국내 통화,1732.31671,
201102,1005,대한민국,B2,기간평균,T003,SDR당 국내 통화,1747.51766,
201103,1005,대한민국,B2,기간평균,T003,SDR당 국내 통화,1773.60218,
201104,1005,대한민국,B2,기간평균,T003,SDR당 국내 통화,1737.37059,
201105,1005,대한민국,B2,기간평균,T003,SDR당 국내 통화,1731.03828,
201106,1005,대한민국,B2,기간평균,T003,SDR당 국내 통화,1729.02266,
201107,1005,대한민국,B2,기간평균,T003,SDR당 국내 통화,1689.51402,
201108,1005,대한민국,B2,기간평균,T003,SDR당 국내 통화,1723.41556,
201109,1005,대한민국,B2,기간평균,T003,SDR당 국내 통화,1761.53395,
201110,1005,대한민국,B2,기간평균,T003,SDR당 국내 통화,1817.61495,
201111,1005,대한민국,B2,기간평균,T003,SDR당 국내 통화,1773.7114,
201112,1005,대한민국,B2,기간평균,T003,SDR당 국내 통화,1774.03231,
201101,1005,대한민국,B2,기간평균,T004,USD당 국내 통화,1120.07,
201102,1005,대한민국,B2,기간평균,T004,USD당 국내 통화,1118.14,
201103,1005,대한민국,B2,기간평균,T004,USD당 국내 통화,1122.45,
201104,1005,대한민국,B2,기간평균,T004,USD당 국내 통화,1086.84,
201105,1005,대한민국,B2,기간평균,T004,USD당 국내 통화,1083.54,
201106,1005,대한민국,B2,기간평균,T004,USD당 국내 통화,1081.27,
201107,1005,대한민국,B2,기간평균,T004,USD당 국내 통화,1059.5,
201108,1005,대한민국,B2,기간평균,T004,USD당 국내 통화,1073.17,
201109,1005,대한민국,B2,기간평균,T004,USD당 국내 통화,1118.61,
201110,1005,대한민국,B2,기간평균,T004,USD당 국내 통화,1155.45,
201111,1005,대한민국,B2,기간평균,T004,USD당 국내 통화,1132.31,
201112,1005,대한민국,B2,기간평균,T004,USD당 국내 통화,1147.45,
201201,1005,대한민국,B1,기간말,T002,유로당 국내 통화,1482.3,
201202,1005,대한민국,B1,기간말,T002,유로당 국내 통화,1514.35395,
201203,1005,대한민국,B1,기간말,T002,유로당 국내 통화,1519.64568,
201204,1005,대한민국,B1,기간말,T002,유로당 국내 통화,1498.73188,
201205,1005,대한민국,B1,기간말,T002,유로당 국내 통화,1460.82534,
201206,1005,대한민국,B1,기간말,T002,유로당 국내 통화,1452.6342,
201207,1005,대한민국,B1,기간말,T002,유로당 국내 통화,1395.70808,
201208,1005,대한민국,B1,기간말,T002,유로당 국내 통화,1430.84406,
201209,1005,대한민국,B1,기간말,T002,유로당 국내 통화,1446.3498,
201210,1005,대한민국,B1,기간말,T002,유로당 국내 통화,1421.56413,
201211,1005,대한민국,B1,기간말,T002,유로당 국내 통화,1408.59142,
201212,1005,대한민국,B1,기간말,T002,유로당 국내 통화,1413.20934,
201201,1005,대한민국,B1,기간말,T003,SDR당 국내 통화,1744.97061,
201202,1005,대한민국,B1,기간말,T003,SDR당 국내 통화,1752.85997,
201203,1005,대한민국,B1,기간말,T003,SDR당 국내 통화,1762.54992,
201204,1005,대한민국,B1,기간말,T003,SDR당 국내 통화,1758.62957,
201205,1005,대한민국,B1,기간말,T003,SDR당 국내 통화,1778.78059,
201206,1005,대한민국,B1,기간말,T003,SDR당 국내 통화,1750.94619,
201207,1005,대한민국,B1,기간말,T003,SDR당 국내 통화,1713.76685,
201208,1005,대한민국,B1,기간말,T003,SDR당 국내 통화,1726.87756,
201209,1005,대한민국,B1,기간말,T003,SDR당 국내 통화,1725.09249,
201210,1005,대한민국,B1,기간말,T003,SDR당 국내 통화,1685.53866,
201211,1005,대한민국,B1,기간말,T003,SDR당 국내 통화,1664.80955,
201212,1005,대한민국,B1,기간말,T003,SDR당 국내 통화,1646.19489,
201201,1005,대한민국,B1,기간말,T004,USD당 국내 통화,1125,
201202,1005,대한민국,B1,기간말,T004,USD당 국내 통화,1126.5,
201203,1005,대한민국,B1,기간말,T004,USD당 국내 통화,1137.8,
201204,1005,대한민국,B1,기간말,T004,USD당 국내 통화,1134.2,
201205,1005,대한민국,B1,기간말,T004,USD당 국내 통화,1177.8,
201206,1005,대한민국,B1,기간말,T004,USD당 국내 통화,1153.8,
201207,1005,대한민국,B1,기간말,T004,USD당 국내 통화,1136.2,
201208,1005,대한민국,B1,기간말,T004,USD당 국내 통화,1134.6,
201209,1005,대한민국,B1,기간말,T004,USD당 국내 통화,1118.6,
201210,1005,대한민국,B1,기간말,T004,USD당 국내 통화,1094.1,
201211,1005,대한민국,B1,기간말,T004,USD당 국내 통화,1084.7,
201212,1005,대한민국,B1,기간말,T004,USD당 국내 통화,1071.1,
201201,1005,대한민국,B2,기간평균,T002,유로당 국내 통화,1478.7038,
201202,1005,대한민국,B2,기간평균,T002,유로당 국내 통화,1485.52874,
201203,1005,대한민국,B2,기간평균,T002,유로당 국내 통화,1486.30059,
201204,1005,대한민국,B2,기간평균,T002,유로당 국내 통화,1494.58103,
201205,1005,대한민국,B2,기간평균,T002,유로당 국내 통화,1476.18541,
201206,1005,대한민국,B2,기간평균,T002,유로당 국내 통화,1459.95113,
201207,1005,대한민국,B2,기간평균,T002,유로당 국내 통화,1405.01274,
201208,1005,대한민국,B2,기간평균,T002,유로당 국내 통화,1403.29068,
201209,1005,대한민국,B2,기간평균,T002,유로당 국내 통화,1445.98342,
201210,1005,대한민국,B2,기간평균,T002,유로당 국내 통화,1436.15023,
201211,1005,대한민국,B2,기간평균,T002,유로당 국내 통화,1395.041,
201212,1005,대한민국,B2,기간평균,T002,유로당 국내 통화,1412.91662,
201201,1005,대한민국,B2,기간평균,T003,SDR당 국내 통화,1759.99543,
201202,1005,대한민국,B2,기간평균,T003,SDR당 국내 통화,1740.30996,
201203,1005,대한민국,B2,기간평균,T003,SDR당 국내 통화,1734.68051,
201204,1005,대한민국,B2,기간평균,T003,SDR당 국내 통화,1752.16258,
201205,1005,대한민국,B2,기간평균,T003,SDR당 국내 통화,1767.13122,
201206,1005,대한민국,B2,기간평균,T003,SDR당 국내 통화,1766.22433,
201207,1005,대한민국,B2,기간평균,T003,SDR당 국내 통화,1722.11536,
201208,1005,대한민국,B2,기간평균,T003,SDR당 국내 통화,1711.97006,
201209,1005,대한민국,B2,기간평균,T003,SDR당 국내 통화,1730.03355,
201210,1005,대한민국,B2,기간평균,T003,SDR당 국내 통화,1705.09274,
201211,1005,대한민국,B2,기간평균,T003,SDR당 국내 통화,1663.42568,
201212,1005,대한민국,B2,기간평균,T003,SDR당 국내 통화,1657.07891,
201201,1005,대한민국,B2,기간평균,T004,USD당 국내 통화,1145.85,
201202,1005,대한민국,B2,기간평균,T004,USD당 국내 통화,1123.35,
201203,1005,대한민국,B2,기간평균,T004,USD당 국내 통화,1125.9,
201204,1005,대한민국,B2,기간평균,T004,USD당 국내 통화,1135.55,
201205,1005,대한민국,B2,기간평균,T004,USD당 국내 통화,1154.27,
201206,1005,대한민국,B2,기간평균,T004,USD당 국내 통화,1165.51,
201207,1005,대한민국,B2,기간평균,T004,USD당 국내 통화,1143.36,
201208,1005,대한민국,B2,기간평균,T004,USD당 국내 통화,1131.69,
201209,1005,대한민국,B2,기간평균,T004,USD당 국내 통화,1124.78,
201210,1005,대한민국,B2,기간평균,T004,USD당 국내 통화,1106.93,
201211,1005,대한민국,B2,기간평균,T004,USD당 국내 통화,1087.52,
201212,1005,대한민국,B2,기간평균,T004,USD당 국내 통화,1076.97,
201301,1005,대한민국,B1,기간말,T002,유로당 국내 통화,1467.0585,
201302,1005,대한민국,B1,기간말,T002,유로당 국내 통화,1425.02166,
201303,1005,대한민국,B1,기간말,T002,유로당 국내 통화,1424.04405,
201304,1005,대한민국,B1,기간말,T002,유로당 국내 통화,1448.50832,
201305,1005,대한민국,B1,기간말,T002,유로당 국내 통화,1467.46698,
201306,1005,대한민국,B1,기간말,T002,유로당 국내 통화,1503.8076,
201307,1005,대한민국,B1,기간말,T002,유로당 국내 통화,1478.304,
201308,1005,대한민국,B1,기간말,T002,유로당 국내 통화,1470.27615,
201309,1005,대한민국,B1,기간말,T002,유로당 국내 통화,1452.5978,
201310,1005,대한민국,B1,기간말,T002,유로당 국내 통화,1447.85574,
201311,1005,대한민국,B1,기간말,T002,유로당 국내 통화,1445.62431,
201312,1005,대한민국,B1,기간말,T002,유로당 국내 통화,1455.36423,
201301,1005,대한민국,B1,기간말,T003,SDR당 국내 통화,1668.80399,
201302,1005,대한민국,B1,기간말,T003,SDR당 국내 통화,1644.19669,
201303,1005,대한민국,B1,기간말,T003,SDR당 국내 통화,1667.25635,
201304,1005,대한민국,B1,기간말,T003,SDR당 국내 통화,1672.1217,
201305,1005,대한민국,B1,기간말,T003,SDR당 국내 통화,1691.0591,
201306,1005,대한민국,B1,기간말,T003,SDR당 국내 통화,1729.10099,
201307,1005,대한민국,B1,기간말,T003,SDR당 국내 통화,1685.16372,
201308,1005,대한민국,B1,기간말,T003,SDR당 국내 통화,1683.31954,
201309,1005,대한민국,B1,기간말,T003,SDR당 국내 통화,1650.06021,
201310,1005,대한민국,B1,기간말,T003,SDR당 국내 통화,1632.47603,
201311,1005,대한민국,B1,기간말,T003,SDR당 국내 통화,1630.54325,
201312,1005,대한민국,B1,기간말,T003,SDR당 국내 통화,1625.16112,
201301,1005,대한민국,B1,기간말,T004,USD당 국내 통화,1082.7,
201302,1005,대한민국,B1,기간말,T004,USD당 국내 통화,1085.4,
201303,1005,대한민국,B1,기간말,T004,USD당 국내 통화,1112.1,
201304,1005,대한민국,B1,기간말,T004,USD당 국내 통화,1108.1,
201305,1005,대한민국,B1,기간말,T004,USD당 국내 통화,1128.3,
201306,1005,대한민국,B1,기간말,T004,USD당 국내 통화,1149.7,
201307,1005,대한민국,B1,기간말,T004,USD당 국내 통화,1113.6,
201308,1005,대한민국,B1,기간말,T004,USD당 국내 통화,1110.9,
201309,1005,대한민국,B1,기간말,T004,USD당 국내 통화,1075.6,
201310,1005,대한민국,B1,기간말,T004,USD당 국내 통화,1061.4,
201311,1005,대한민국,B1,기간말,T004,USD당 국내 통화,1062.1,
201312,1005,대한민국,B1,기간말,T004,USD당 국내 통화,1055.3,
201301,1005,대한민국,B2,기간평균,T002,유로당 국내 통화,1415.64192,
201302,1005,대한민국,B2,기간평균,T002,유로당 국내 통화,1451.70125,
201303,1005,대한민국,B2,기간평균,T002,유로당 국내 통화,1428.84799,
201304,1005,대한민국,B2,기간평균,T002,유로당 국내 통화,1461.29576,
201305,1005,대한민국,B2,기간평균,T002,유로당 국내 통화,1441.87684,
201306,1005,대한민국,B2,기간평균,T002,유로당 국내 통화,1497.20009,
201307,1005,대한민국,B2,기간평균,T002,유로당 국내 통화,1474.43154,
201308,1005,대한민국,B2,기간평균,T002,유로당 국내 통화,1486.64453,
201309,1005,대한민국,B2,기간평균,T002,유로당 국내 통화,1451.38442,
201310,1005,대한민국,B2,기간평균,T002,유로당 국내 통화,1454.57716,
201311,1005,대한민국,B2,기간평균,T002,유로당 국내 통화,1434.0529,
201312,1005,대한민국,B2,기간평균,T002,유로당 국내 통화,1448.0183,
201301,1005,대한민국,B2,기간평균,T003,SDR당 국내 통화,1635.721,
201302,1005,대한민국,B2,기간평균,T003,SDR당 국내 통화,1659.41827,
201303,1005,대한민국,B2,기간평균,T003,SDR당 국내 통화,1656.79079,
201304,1005,대한민국,B2,기간평균,T003,SDR당 국내 통화,1687.49912,
201305,1005,대한민국,B2,기간평균,T003,SDR당 국내 통화,1665.3975,
201306,1005,대한민국,B2,기간평균,T003,SDR당 국내 통화,1718.73978,
201307,1005,대한민국,B2,기간평균,T003,SDR당 국내 통화,1695.45301,
201308,1005,대한민국,B2,기간평균,T003,SDR당 국내 통화,1696.18289,
201309,1005,대한민국,B2,기간평균,T003,SDR당 국내 통화,1656.08512,
201310,1005,대한민국,B2,기간평균,T003,SDR당 국내 통화,1642.15543,
201311,1005,대한민국,B2,기간평균,T003,SDR당 국내 통화,1626.2493,
201312,1005,대한민국,B2,기간평균,T003,SDR당 국내 통화,1625.51607,
201301,1005,대한민국,B2,기간평균,T004,USD당 국내 통화,1065.35,
201302,1005,대한민국,B2,기간평균,T004,USD당 국내 통화,1086.68,
201303,1005,대한민국,B2,기간평균,T004,USD당 국내 통화,1102.2,
201304,1005,대한민국,B2,기간평균,T004,USD당 국내 통화,1121.83,
201305,1005,대한민국,B2,기간평균,T004,USD당 국내 통화,1110.67,
201306,1005,대한민국,B2,기간평균,T004,USD당 국내 통화,1135.21,
201307,1005,대한민국,B2,기간평균,T004,USD당 국내 통화,1127.23,
201308,1005,대한민국,B2,기간평균,T004,USD당 국내 통화,1116.98,
201309,1005,대한민국,B2,기간평균,T004,USD당 국내 통화,1087.35,
201310,1005,대한민국,B2,기간평균,T004,USD당 국내 통화,1066.8,
201311,1005,대한민국,B2,기간평균,T004,USD당 국내 통화,1062.82,
201312,1005,대한민국,B2,기간평균,T004,USD당 국내 통화,1056.67,
201401,1005,대한민국,B1,기간말,T002,유로당 국내 통화,1458.64672,
201402,1005,대한민국,B1,기간말,T002,유로당 국내 통화,1474.81401,
201403,1005,대한민국,B1,기간말,T002,유로당 국내 통화,1473.66144,
201404,1005,대한민국,B1,기간말,T002,유로당 국내 통화,1428.9045,
201405,1005,대한민국,B1,기간말,T002,유로당 국내 통화,1390.09112,
201406,1005,대한민국,B1,기간말,T002,유로당 국내 통화,1385.46752,
201407,1005,대한민국,B1,기간말,T002,유로당 국내 통화,1370.41097,
201408,1005,대한민국,B1,기간말,T002,유로당 국내 통화,1336.73568,
201409,1005,대한민국,B1,기간말,T002,유로당 국내 통화,1321.96998,
201410,1005,대한민국,B1,기간말,T002,유로당 국내 통화,1320.0296,
201411,1005,대한민국,B1,기간말,T002,유로당 국내 통화,1374.50313,
201412,1005,대한민국,B1,기간말,T002,유로당 국내 통화,1334.53872,
201401,1005,대한민국,B1,기간말,T003,SDR당 국내 통화,1655.70991,
201402,1005,대한민국,B1,기간말,T003,SDR당 국내 통화,1652.16234,
201403,1005,대한민국,B1,기간말,T003,SDR당 국내 통화,1651.96774,
201404,1005,대한민국,B1,기간말,T003,SDR당 국내 통화,1598.81604,
201405,1005,대한민국,B1,기간말,T003,SDR당 국내 통화,1573.74544,
201406,1005,대한민국,B1,기간말,T003,SDR당 국내 통화,1568.15217,
201407,1005,대한민국,B1,기간말,T003,SDR당 국내 통화,1568.51756,
201408,1005,대한민국,B1,기간말,T003,SDR당 국내 통화,1539.03385,
201409,1005,대한민국,B1,기간말,T003,SDR당 국내 통화,1557.60284,
201410,1005,대한민국,B1,기간말,T003,SDR당 국내 통화,1558.15741,
201411,1005,대한민국,B1,기간말,T003,SDR당 국내 통화,1612.27502,
201412,1005,대한민국,B1,기간말,T003,SDR당 국내 통화,1592.52648,
201401,1005,대한민국,B1,기간말,T004,USD당 국내 통화,1079.2,
201402,1005,대한민국,B1,기간말,T004,USD당 국내 통화,1067.7,
201403,1005,대한민국,B1,기간말,T004,USD당 국내 통화,1068.8,
201404,1005,대한민국,B1,기간말,T004,USD당 국내 통화,1031.7,
201405,1005,대한민국,B1,기간말,T004,USD당 국내 통화,1021.6,
201406,1005,대한민국,B1,기간말,T004,USD당 국내 통화,1014.4,
201407,1005,대한민국,B1,기간말,T004,USD당 국내 통화,1024.3,
201408,1005,대한민국,B1,기간말,T004,USD당 국내 통화,1013.6,
201409,1005,대한민국,B1,기간말,T004,USD당 국내 통화,1050.6,
201410,1005,대한민국,B1,기간말,T004,USD당 국내 통화,1054,
201411,1005,대한민국,B1,기간말,T004,USD당 국내 통화,1101.1,
201412,1005,대한민국,B1,기간말,T004,USD당 국내 통화,1099.2,
201401,1005,대한민국,B2,기간평균,T002,유로당 국내 통화,1449.14895,
201402,1005,대한민국,B2,기간평균,T002,유로당 국내 통화,1463.23511,
201403,1005,대한민국,B2,기간평균,T002,유로당 국내 통화,1480.24025,
201404,1005,대한민국,B2,기간평균,T002,유로당 국내 통화,1442.78469,
201405,1005,대한민국,B2,기간평균,T002,유로당 국내 통화,1407.53091,
201406,1005,대한민국,B2,기간평균,T002,유로당 국내 통화,1385.55294,
201407,1005,대한민국,B2,기간평균,T002,유로당 국내 통화,1380.90096,
201408,1005,대한민국,B2,기간평균,T002,유로당 국내 통화,1365.37914,
201409,1005,대한민국,B2,기간평균,T002,유로당 국내 통화,1333.0205,
201410,1005,대한민국,B2,기간평균,T002,유로당 국내 통화,1343.66518,
201411,1005,대한민국,B2,기간평균,T002,유로당 국내 통화,1365.83062,
201412,1005,대한민국,B2,기간평균,T002,유로당 국내 통화,1361.78613,
201401,1005,대한민국,B2,기간평균,T003,SDR당 국내 통화,1634.90853,
201402,1005,대한민국,B2,기간평균,T003,SDR당 국내 통화,1649.54714,
201403,1005,대한민국,B2,기간평균,T003,SDR당 국내 통화,1657.20522,
201404,1005,대한민국,B2,기간평균,T003,SDR당 국내 통화,1617.14107,
201405,1005,대한민국,B2,기간평균,T003,SDR당 국내 통화,1585.92333,
201406,1005,대한민국,B2,기간평균,T003,SDR당 국내 통화,1570.97374,
201407,1005,대한민국,B2,기간평균,T003,SDR당 국내 통화,1572.00279,
201408,1005,대한민국,B2,기간평균,T003,SDR당 국내 통화,1564.93191,
201409,1005,대한민국,B2,기간평균,T003,SDR당 국내 통화,1548.96909,
201410,1005,대한민국,B2,기간평균,T003,SDR당 국내 통화,1575.91002,
201411,1005,대한민국,B2,기간평균,T003,SDR당 국내 통화,1606.44334,
201412,1005,대한민국,B2,기간평균,T003,SDR당 국내 통화,1608.8437,
201401,1005,대한민국,B2,기간평균,T004,USD당 국내 통화,1064.75,
201402,1005,대한민국,B2,기간평균,T004,USD당 국내 통화,1071.3,
201403,1005,대한민국,B2,기간평균,T004,USD당 국내 통화,1070.89,
201404,1005,대한민국,B2,기간평균,T004,USD당 국내 통화,1044.55,
201405,1005,대한민국,B2,기간평균,T004,USD당 국내 통화,1024.99,
201406,1005,대한민국,B2,기간평균,T004,USD당 국내 통화,1019.36,
201407,1005,대한민국,B2,기간평균,T004,USD당 국내 통화,1019.93,
201408,1005,대한민국,B2,기간평균,T004,USD당 국내 통화,1025.36,
201409,1005,대한민국,B2,기간평균,T004,USD당 국내 통화,1033.24,
201410,1005,대한민국,B2,기간평균,T004,USD당 국내 통화,1060.28,
201411,1005,대한민국,B2,기간평균,T004,USD당 국내 통화,1095.1,
201412,1005,대한민국,B2,기간평균,T004,USD당 국내 통화,1104.33,
201501,1005,대한민국,B1,기간말,T002,유로당 국내 통화,1233.1494,
201502,1005,대한민국,B1,기간말,T002,유로당 국내 통화,1235.5008,
201503,1005,대한민국,B1,기간말,T002,유로당 국내 통화,1188.8695,
201504,1005,대한민국,B1,기간말,T002,유로당 국내 통화,1197.87415,
201505,1005,대한민국,B1,기간말,T002,유로당 국내 통화,1215.476,
201506,1005,대한민국,B1,기간말,T002,유로당 국내 통화,1257.75549,
201507,1005,대한민국,B1,기간말,T002,유로당 국내 통화,1279.08121,
201508,1005,대한민국,B1,기간말,T002,유로당 국내 통화,1319.22045,
201509,1005,대한민국,B1,기간말,T002,유로당 국내 통화,1338.19835,
201510,1005,대한민국,B1,기간말,T002,유로당 국내 통화,1258.47191,
201511,1005,대한민국,B1,기간말,T002,유로당 국내 통화,1217.00816,
201512,1005,대한민국,B1,기간말,T002,유로당 국내 통화,1275.9564,
201501,1005,대한민국,B1,기간말,T003,SDR당 국내 통화,1537.81303,
201502,1005,대한민국,B1,기간말,T003,SDR당 국내 통화,1547.00767,
201503,1005,대한민국,B1,기간말,T003,SDR당 국내 통화,1524.33767,
201504,1005,대한민국,B1,기간말,T003,SDR당 국내 통화,1502.19331,
201505,1005,대한민국,B1,기간말,T003,SDR당 국내 통화,1540.67564,
201506,1005,대한민국,B1,기간말,T003,SDR당 국내 통화,1580.92594,
201507,1005,대한민국,B1,기간말,T003,SDR당 국내 통화,1626.63877,
201508,1005,대한민국,B1,기간말,T003,SDR당 국내 통화,1651.29037,
201509,1005,대한민국,B1,기간말,T003,SDR당 국내 통화,1676.76186,
201510,1005,대한민국,B1,기간말,T003,SDR당 국내 통화,1595.64957,
201511,1005,대한민국,B1,기간말,T003,SDR당 국내 통화,1578.53933,
201512,1005,대한민국,B1,기간말,T003,SDR당 국내 통화,1624.07624,
201501,1005,대한민국,B1,기간말,T004,USD당 국내 통화,1090.8,
201502,1005,대한민국,B1,기간말,T004,USD당 국내 통화,1099.2,
201503,1005,대한민국,B1,기간말,T004,USD당 국내 통화,1105,
201504,1005,대한민국,B1,기간말,T004,USD당 국내 통화,1068.1,
201505,1005,대한민국,B1,기간말,T004,USD당 국내 통화,1108,
201506,1005,대한민국,B1,기간말,T004,USD당 국내 통화,1124.1,
201507,1005,대한민국,B1,기간말,T004,USD당 국내 통화,1166.3,
201508,1005,대한민국,B1,기간말,T004,USD당 국내 통화,1176.3,
201509,1005,대한민국,B1,기간말,T004,USD당 국내 통화,1194.5,
201510,1005,대한민국,B1,기간말,T004,USD당 국내 통화,1142.3,
201511,1005,대한민국,B1,기간말,T004,USD당 국내 통화,1150.4,
201512,1005,대한민국,B1,기간말,T004,USD당 국내 통화,1172,
201501,1005,대한민국,B2,기간평균,T002,유로당 국내 통화,1265.4005,
201502,1005,대한민국,B2,기간평균,T002,유로당 국내 통화,1246.64556,
201503,1005,대한민국,B2,기간평균,T002,유로당 국내 통화,1205.76797,
201504,1005,대한민국,B2,기간평균,T002,유로당 국내 통화,1173.49927,
201505,1005,대한민국,B2,기간평균,T002,유로당 국내 통화,1216.71694,
201506,1005,대한민국,B2,기간평균,T002,유로당 국내 통화,1247.13514,
201507,1005,대한민국,B2,기간평균,T002,유로당 국내 통화,1257.05986,
201508,1005,대한민국,B2,기간평균,T002,유로당 국내 통화,1313.4051,
201509,1005,대한민국,B2,기간평균,T002,유로당 국내 통화,1329.44074,
201510,1005,대한민국,B2,기간평균,T002,유로당 국내 통화,1289.99067,
201511,1005,대한민국,B2,기간평균,T002,유로당 국내 통화,1236.75499,
201512,1005,대한민국,B2,기간평균,T002,유로당 국내 통화,1275.06676,
201501,1005,대한민국,B2,기간평균,T003,SDR당 국내 통화,1546.96109,
201502,1005,대한민국,B2,기간평균,T003,SDR당 국내 통화,1551.33056,
201503,1005,대한민국,B2,기간평균,T003,SDR당 국내 통화,1540.96265,
201504,1005,대한민국,B2,기간평균,T003,SDR당 국내 통화,1506.60844,
201505,1005,대한민국,B2,기간평균,T003,SDR당 국내 통화,1532.6881,
201506,1005,대한민국,B2,기간평균,T003,SDR당 국내 통화,1562.33367,
201507,1005,대한민국,B2,기간평균,T003,SDR당 국내 통화,1595.92471,
201508,1005,대한민국,B2,기간평균,T003,SDR당 국내 통화,1653.54409,
201509,1005,대한민국,B2,기간평균,T003,SDR당 국내 통화,1666.10371,
201510,1005,대한민국,B2,기간평균,T003,SDR당 국내 통화,1614.4624,
201511,1005,대한민국,B2,기간평균,T003,SDR당 국내 통화,1592.42527,
201512,1005,대한민국,B2,기간평균,T003,SDR당 국내 통화,1624.28834,
201501,1005,대한민국,B2,기간평균,T004,USD당 국내 통화,1088.86,
201502,1005,대한민국,B2,기간평균,T004,USD당 국내 통화,1098.4,
201503,1005,대한민국,B2,기간평균,T004,USD당 국내 통화,1112.57,
201504,1005,대한민국,B2,기간평균,T004,USD당 국내 통화,1088.66,
201505,1005,대한민국,B2,기간평균,T004,USD당 국내 통화,1091.27,
201506,1005,대한민국,B2,기간평균,T004,USD당 국내 통화,1112.2,
201507,1005,대한민국,B2,기간평균,T004,USD당 국내 통화,1143.22,
201508,1005,대한민국,B2,기간평균,T004,USD당 국내 통화,1179.1,
201509,1005,대한민국,B2,기간평균,T004,USD당 국내 통화,1184.76,
201510,1005,대한민국,B2,기간평균,T004,USD당 국내 통화,1148.18,
201511,1005,대한민국,B2,기간평균,T004,USD당 국내 통화,1151.97,
201512,1005,대한민국,B2,기간평균,T004,USD당 국내 통화,1172.24,
201601,1005,대한민국,B1,기간말,T002,유로당 국내 통화,1319.5728,
201602,1005,대한민국,B1,기간말,T002,유로당 국내 통화,1345.10352,
201603,1005,대한민국,B1,기간말,T002,유로당 국내 통화,1313.25975,
201604,1005,대한민국,B1,기간말,T002,유로당 국내 통화,1304.38917,
201605,1005,대한민국,B1,기간말,T002,유로당 국내 통화,1327.99524,
201606,1005,대한민국,B1,기간말,T002,유로당 국내 통화,1293.04994,
201607,1005,대한민국,B1,기간말,T002,유로당 국내 통화,1250.99041,
201608,1005,대한민국,B1,기간말,T002,유로당 국내 통화,1245.1142,
201609,1005,대한민국,B1,기간말,T002,유로당 국내 통화,1223.58043,
201610,1005,대한민국,B1,기간말,T002,유로당 국내 통화,1253.53592,
201611,1005,대한민국,B1,기간말,T002,유로당 국내 통화,1242.69975,
201612,1005,대한민국,B1,기간말,T002,유로당 국내 통화,1273.87985,
201601,1005,대한민국,B1,기간말,T003,SDR당 국내 통화,1668.19212,
201602,1005,대한민국,B1,기간말,T003,SDR당 국내 통화,1706.47616,
201603,1005,대한민국,B1,기간말,T003,SDR당 국내 통화,1625.07361,
201604,1005,대한민국,B1,기간말,T003,SDR당 국내 통화,1621.28376,
201605,1005,대한민국,B1,기간말,T003,SDR당 국내 통화,1670.26739,
201606,1005,대한민국,B1,기간말,T003,SDR당 국내 통화,1629.2336,
201607,1005,대한민국,B1,기간말,T003,SDR당 국내 통화,1568.52855,
201608,1005,대한민국,B1,기간말,T003,SDR당 국내 통화,1559.57188,
201609,1005,대한민국,B1,기간말,T003,SDR당 국내 통화,1530.23053,
201610,1005,대한민국,B1,기간말,T003,SDR당 국내 통화,1573.33194,
201611,1005,대한민국,B1,기간말,T003,SDR당 국내 통화,1581.8715,
201612,1005,대한민국,B1,기간말,T003,SDR당 국내 통화,1624.62493,
201601,1005,대한민국,B1,기간말,T004,USD당 국내 통화,1208.4,
201602,1005,대한민국,B1,기간말,T004,USD당 국내 통화,1235.4,
201603,1005,대한민국,B1,기간말,T004,USD당 국내 통화,1153.5,
201604,1005,대한민국,B1,기간말,T004,USD당 국내 통화,1143.9,
201605,1005,대한민국,B1,기간말,T004,USD당 국내 통화,1190.6,
201606,1005,대한민국,B1,기간말,T004,USD당 국내 통화,1164.7,
201607,1005,대한민국,B1,기간말,T004,USD당 국내 통화,1125.7,
201608,1005,대한민국,B1,기간말,T004,USD당 국내 통화,1118.5,
201609,1005,대한민국,B1,기간말,T004,USD당 국내 통화,1096.3,
201610,1005,대한민국,B1,기간말,T004,USD당 국내 통화,1145.2,
201611,1005,대한민국,B1,기간말,T004,USD당 국내 통화,1168.5,
201612,1005,대한민국,B1,기간말,T004,USD당 국내 통화,1208.5,
201601,1005,대한민국,B2,기간평균,T002,유로당 국내 통화,1304.97156,
201602,1005,대한민국,B2,기간평균,T002,유로당 국내 통화,1350.40056,
201603,1005,대한민국,B2,기간평균,T002,유로당 국내 통화,1318.87349,
201604,1005,대한민국,B2,기간평균,T002,유로당 국내 통화,1301.18345,
201605,1005,대한민국,B2,기간평균,T002,유로당 국내 통화,1325.10561,
201606,1005,대한민국,B2,기간평균,T002,유로당 국내 통화,1314.34381,
201607,1005,대한민국,B2,기간평균,T002,유로당 국내 통화,1266.33874,
201608,1005,대한민국,B2,기간평균,T002,유로당 국내 통화,1246.38662,
201609,1005,대한민국,B2,기간평균,T002,유로당 국내 통화,1241.72786,
201610,1005,대한민국,B2,기간평균,T002,유로당 국내 통화,1240.73909,
201611,1005,대한민국,B2,기간평균,T002,유로당 국내 통화,1254.44976,
201612,1005,대한민국,B2,기간평균,T002,유로당 국내 통화,1246.46654,
201601,1005,대한민국,B2,기간평균,T003,SDR당 국내 통화,1660.54647,
201602,1005,대한민국,B2,기간평균,T003,SDR당 국내 통화,1695.79243,
201603,1005,대한민국,B2,기간평균,T003,SDR당 국내 통화,1657.72346,
201604,1005,대한민국,B2,기간평균,T003,SDR당 국내 통화,1616.60345,
201605,1005,대한민국,B2,기간평균,T003,SDR당 국내 통화,1653.29585,
201606,1005,대한민국,B2,기간평균,T003,SDR당 국내 통화,1647.71454,
201607,1005,대한민국,B2,기간평균,T003,SDR당 국내 통화,1590.51448,
201608,1005,대한민국,B2,기간평균,T003,SDR당 국내 통화,1555.52702,
201609,1005,대한민국,B2,기간평균,T003,SDR당 국내 통화,1549.422,
201610,1005,대한민국,B2,기간평균,T003,SDR당 국내 통화,1553.28911,
201611,1005,대한민국,B2,기간평균,T003,SDR당 국내 통화,1588.21918,
201612,1005,대한민국,B2,기간평균,T003,SDR당 국내 통화,1592.6665,
201601,1005,대한민국,B2,기간평균,T004,USD당 국내 통화,1201.67,
201602,1005,대한민국,B2,기간평균,T004,USD당 국내 통화,1217.35,
201603,1005,대한민국,B2,기간평균,T004,USD당 국내 통화,1188.21,
201604,1005,대한민국,B2,기간평균,T004,USD당 국내 통화,1147.51,
201605,1005,대한민국,B2,기간평균,T004,USD당 국내 통화,1171.51,
201606,1005,대한민국,B2,기간평균,T004,USD당 국내 통화,1170.5,
201607,1005,대한민국,B2,기간평균,T004,USD당 국내 통화,1144.09,
201608,1005,대한민국,B2,기간평균,T004,USD당 국내 통화,1111.68,
201609,1005,대한민국,B2,기간평균,T004,USD당 국내 통화,1107.49,
201610,1005,대한민국,B2,기간평균,T004,USD당 국내 통화,1125.28,
201611,1005,대한민국,B2,기간평균,T004,USD당 국내 통화,1161.64,
201612,1005,대한민국,B2,기간평균,T004,USD당 국내 통화,1182.28,
201701,1005,대한민국,B1,기간말,T002,유로당 국내 통화,1245.2139,
201702,1005,대한민국,B1,기간말,T002,유로당 국내 통화,1199.68637,
201703,1005,대한민국,B1,기간말,T002,유로당 국내 통화,1193.22251,
201704,1005,대한민국,B1,기간말,T002,유로당 국내 통화,1235.1993,
201705,1005,대한민국,B1,기간말,T002,유로당 국내 통화,1261.12819,
201706,1005,대한민국,B1,기간말,T002,유로당 국내 통화,1300.51152,
201707,1005,대한민국,B1,기간말,T002,유로당 국내 통화,1312.36857,
201708,1005,대한민국,B1,기간말,T002,유로당 국내 통화,1327.711,
201709,1005,대한민국,B1,기간말,T002,유로당 국내 통화,1353.79402,
201710,1005,대한민국,B1,기간말,T002,유로당 국내 통화,1309.275,
201711,1005,대한민국,B1,기간말,T002,유로당 국내 통화,1282.53576,
201712,1005,대한민국,B1,기간말,T002,유로당 국내 통화,1284.93002,
201701,1005,대한민국,B1,기간말,T003,SDR당 국내 통화,1573.25173,
201702,1005,대한민국,B1,기간말,T003,SDR당 국내 통화,1532.74186,
201703,1005,대한민국,B1,기간말,T003,SDR당 국내 통화,1514.37852,
201704,1005,대한민국,B1,기간말,T003,SDR당 국내 통화,1549.39387,
201705,1005,대한민국,B1,기간말,T003,SDR당 국내 통화,1555.83796,
201706,1005,대한민국,B1,기간말,T003,SDR당 국내 통화,1585.6253,
201707,1005,대한민국,B1,기간말,T003,SDR당 국내 통화,1575.4117,
201708,1005,대한민국,B1,기간말,T003,SDR당 국내 통화,1586.95385,
201709,1005,대한민국,B1,기간말,T003,SDR당 국내 통화,1620.6262,
201710,1005,대한민국,B1,기간말,T003,SDR당 국내 통화,1580.27147,
201711,1005,대한민국,B1,기간말,T003,SDR당 국내 통화,1532.04861,
201712,1005,대한민국,B1,기간말,T003,SDR당 국내 통화,1525.81742,
201701,1005,대한민국,B1,기간말,T004,USD당 국내 통화,1157.8,
201702,1005,대한민국,B1,기간말,T004,USD당 국내 통화,1132.1,
201703,1005,대한민국,B1,기간말,T004,USD당 국내 통화,1116.1,
201704,1005,대한민국,B1,기간말,T004,USD당 국내 통화,1130.1,
201705,1005,대한민국,B1,기간말,T004,USD당 국내 통화,1123.9,
201706,1005,대한민국,B1,기간말,T004,USD당 국내 통화,1139.6,
201707,1005,대한민국,B1,기간말,T004,USD당 국내 통화,1119.1,
201708,1005,대한민국,B1,기간말,T004,USD당 국내 통화,1122.8,
201709,1005,대한민국,B1,기간말,T004,USD당 국내 통화,1146.7,
201710,1005,대한민국,B1,기간말,T004,USD당 국내 통화,1125,
201711,1005,대한민국,B1,기간말,T004,USD당 국내 통화,1082.4,
201712,1005,대한민국,B1,기간말,T004,USD당 국내 통화,1071.4,
201701,1005,대한민국,B2,기간평균,T002,유로당 국내 통화,1257.91362,
201702,1005,대한민국,B2,기간평균,T002,유로당 국내 통화,1218.49828,
201703,1005,대한민국,B2,기간평균,T002,유로당 국내 통화,1212.46721,
201704,1005,대한민국,B2,기간평균,T002,유로당 국내 통화,1214.58862,
201705,1005,대한민국,B2,기간평균,T002,유로당 국내 통화,1244.27836,
201706,1005,대한민국,B2,기간평균,T002,유로당 국내 통화,1268.97328,
201707,1005,대한민국,B2,기간평균,T002,유로당 국내 통화,1305.82405,
201708,1005,대한민국,B2,기간평균,T002,유로당 국내 통화,1335.09425,
201709,1005,대한민국,B2,기간평균,T002,유로당 국내 통화,1348.24099,
201710,1005,대한민국,B2,기간평균,T002,유로당 국내 통화,1330.25826,
201711,1005,대한민국,B2,기간평균,T002,유로당 국내 통화,1297.09595,
201712,1005,대한민국,B2,기간평균,T002,유로당 국내 통화,1285.15207,
201701,1005,대한민국,B2,기간평균,T003,SDR당 국내 통화,1601.68322,
201702,1005,대한민국,B2,기간평균,T003,SDR당 국내 통화,1551.70967,
201703,1005,대한민국,B2,기간평균,T003,SDR당 국내 통화,1537.37454,
201704,1005,대한민국,B2,기간평균,T003,SDR당 국내 통화,1541.79659,
201705,1005,대한민국,B2,기간평균,T003,SDR당 국내 통화,1546.87235,
201706,1005,대한민국,B2,기간평균,T003,SDR당 국내 통화,1563.47447,
201707,1005,대한민국,B2,기간평균,T003,SDR당 국내 통화,1583.06151,
201708,1005,대한민국,B2,기간평균,T003,SDR당 국내 통화,1595.74747,
201709,1005,대한민국,B2,기간평균,T003,SDR당 국내 통화,1607.22221,
201710,1005,대한민국,B2,기간평균,T003,SDR당 국내 통화,1595.16839,
201711,1005,대한민국,B2,기간평균,T003,SDR당 국내 통화,1556.20404,
201712,1005,대한민국,B2,기간평균,T003,SDR당 국내 통화,1536.5377,
201701,1005,대한민국,B2,기간평균,T004,USD당 국내 통화,1185.1,
201702,1005,대한민국,B2,기간평균,T004,USD당 국내 통화,1144.92,
201703,1005,대한민국,B2,기간평균,T004,USD당 국내 통화,1134.77,
201704,1005,대한민국,B2,기간평균,T004,USD당 국내 통화,1132.73,
201705,1005,대한민국,B2,기간평균,T004,USD당 국내 통화,1125.28,
201706,1005,대한민국,B2,기간평균,T004,USD당 국내 통화,1130.04,
201707,1005,대한민국,B2,기간평균,T004,USD당 국내 통화,1134.4,
201708,1005,대한민국,B2,기간평균,T004,USD당 국내 통화,1130.79,
201709,1005,대한민국,B2,기간평균,T004,USD당 국내 통화,1131.59,
201710,1005,대한민국,B2,기간평균,T004,USD당 국내 통화,1131.57,
201711,1005,대한민국,B2,기간평균,T004,USD당 국내 통화,1105.04,
201712,1005,대한민국,B2,기간평균,T004,USD당 국내 통화,1085.78,
201801,1005,대한민국,B1,기간말,T002,유로당 국내 통화,1334.76755,
201802,1005,대한민국,B1,기간말,T002,유로당 국내 통화,1308.1194,
201803,1005,대한민국,B1,기간말,T002,유로당 국내 통화,1314.03465,
201804,1005,대한민국,B1,기간말,T002,유로당 국내 통화,1299.94198,
201805,1005,대한민국,B1,기간말,T002,유로당 국내 통화,1265.01287,
201806,1005,대한민국,B1,기간말,T002,유로당 국내 통화,1307.67786,
201807,1005,대한민국,B1,기간말,T002,유로당 국내 통화,1310.55912,
201808,1005,대한민국,B1,기간말,T002,유로당 국내 통화,1291.86288,
201809,1005,대한민국,B1,기간말,T002,유로당 국내 통화,1288.06152,
201810,1005,대한민국,B1,기간말,T002,유로당 국내 통화,1290.93108,
201811,1005,대한민국,B1,기간말,T002,유로당 국내 통화,1274.25262,
201812,1005,대한민국,B1,기간말,T002,유로당 국내 통화,1280.2245,
201801,1005,대한민국,B1,기간말,T003,SDR당 국내 통화,1561.30698,
201802,1005,대한민국,B1,기간말,T003,SDR당 국내 통화,1548.54493,
201803,1005,대한민국,B1,기간말,T003,SDR당 국내 통화,1550.54651,
201804,1005,대한민국,B1,기간말,T003,SDR당 국내 통화,1547.64302,
201805,1005,대한민국,B1,기간말,T003,SDR당 국내 통화,1531.82507,
201806,1005,대한민국,B1,기간말,T003,SDR당 국내 통화,1577.75252,
201807,1005,대한민국,B1,기간말,T003,SDR당 국내 통화,1568.81532,
201808,1005,대한민국,B1,기간말,T003,SDR당 국내 통화,1553.85956,
201809,1005,대한민국,B1,기간말,T003,SDR당 국내 통화,1552.49562,
201810,1005,대한민국,B1,기간말,T003,SDR당 국내 통화,1576.45299,
201811,1005,대한민국,B1,기간말,T003,SDR당 국내 통화,1551.7022,
201812,1005,대한민국,B1,기간말,T003,SDR당 국내 통화,1555.04405,
201801,1005,대한민국,B1,기간말,T004,USD당 국내 통화,1071.5,
201802,1005,대한민국,B1,기간말,T004,USD당 국내 통화,1071,
201803,1005,대한민국,B1,기간말,T004,USD당 국내 통화,1066.5,
201804,1005,대한민국,B1,기간말,T004,USD당 국내 통화,1076.2,
201805,1005,대한민국,B1,기간말,T004,USD당 국내 통화,1081.3,
201806,1005,대한민국,B1,기간말,T004,USD당 국내 통화,1121.7,
201807,1005,대한민국,B1,기간말,T004,USD당 국내 통화,1116.7,
201808,1005,대한민국,B1,기간말,T004,USD당 국내 통화,1108.8,
201809,1005,대한민국,B1,기간말,T004,USD당 국내 통화,1112.7,
201810,1005,대한민국,B1,기간말,T004,USD당 국내 통화,1140.6,
201811,1005,대한민국,B1,기간말,T004,USD당 국내 통화,1121.8,
201812,1005,대한민국,B1,기간말,T004,USD당 국내 통화,1118.1,
201801,1005,대한민국,B2,기간평균,T002,유로당 국내 통화,1301.32067,
201802,1005,대한민국,B2,기간평균,T002,유로당 국내 통화,1333.04379,
201803,1005,대한민국,B2,기간평균,T002,유로당 국내 통화,1322.30392,
201804,1005,대한민국,B2,기간평균,T002,유로당 국내 통화,1310.81421,
201805,1005,대한민국,B2,기간평균,T002,유로당 국내 통화,1271.45633,
201806,1005,대한민국,B2,기간평균,T002,유로당 국내 통화,1276.20306,
201807,1005,대한민국,B2,기간평균,T002,유로당 국내 통화,1312.07346,
201808,1005,대한민국,B2,기간평균,T002,유로당 국내 통화,1294.81126,
201809,1005,대한민국,B2,기간평균,T002,유로당 국내 통화,1306.47392,
201810,1005,대한민국,B2,기간평균,T002,유로당 국내 통화,1298.62712,
201811,1005,대한민국,B2,기간평균,T002,유로당 국내 통화,1282.8415,
201812,1005,대한민국,B2,기간평균,T002,유로당 국내 통화,1278.333,
201801,1005,대한민국,B2,기간평균,T003,SDR당 국내 통화,1534.3082,
201802,1005,대한민국,B2,기간평균,T003,SDR당 국내 통화,1566.80533,
201803,1005,대한민국,B2,기간평균,T003,SDR당 국내 통화,1557.26877,
201804,1005,대한민국,B2,기간평균,T003,SDR당 국내 통화,1548.78848,
201805,1005,대한민국,B2,기간평균,T003,SDR당 국내 통화,1533.03927,
201806,1005,대한민국,B2,기간평균,T003,SDR당 국내 통화,1545.22345,
201807,1005,대한민국,B2,기간평균,T003,SDR당 국내 통화,1577.76855,
201808,1005,대한민국,B2,기간평균,T003,SDR당 국내 통화,1564.36656,
201809,1005,대한민국,B2,기간평균,T003,SDR당 국내 통화,1569.12811,
201810,1005,대한민국,B2,기간평균,T003,SDR당 국내 통화,1572.80833,
201811,1005,대한민국,B2,기간평균,T003,SDR당 국내 통화,1562.54705,
201812,1005,대한민국,B2,기간평균,T003,SDR당 국내 통화,1555.4899,
201801,1005,대한민국,B2,기간평균,T004,USD당 국내 통화,1066.7,
201802,1005,대한민국,B2,기간평균,T004,USD당 국내 통화,1079.58,
201803,1005,대한민국,B2,기간평균,T004,USD당 국내 통화,1071.89,
201804,1005,대한민국,B2,기간평균,T004,USD당 국내 통화,1067.76,
201805,1005,대한민국,B2,기간평균,T004,USD당 국내 통화,1076.39,
201806,1005,대한민국,B2,기간평균,T004,USD당 국내 통화,1092.8,
201807,1005,대한민국,B2,기간평균,T004,USD당 국내 통화,1122.8,
201808,1005,대한민국,B2,기간평균,T004,USD당 국내 통화,1121.15,
201809,1005,대한민국,B2,기간평균,T004,USD당 국내 통화,1120.6,
201810,1005,대한민국,B2,기간평균,T004,USD당 국내 통화,1130.81,
201811,1005,대한민국,B2,기간평균,T004,USD당 국내 통화,1128.58,
201812,1005,대한민국,B2,기간평균,T004,USD당 국내 통화,1122.9,
201901,1005,대한민국,B1,기간말,T002,유로당 국내 통화,1283.43936,
201902,1005,대한민국,B1,기간말,T002,유로당 국내 통화,1276.08048,
201903,1005,대한민국,B1,기간말,T002,유로당 국내 통화,1278.3183,
201904,1005,대한민국,B1,기간말,T002,유로당 국내 통화,1299.26876,
201905,1005,대한민국,B1,기간말,T002,유로당 국내 통화,1326.969,
201906,1005,대한민국,B1,기간말,T002,유로당 국내 통화,1316.4384,
201907,1005,대한민국,B1,기간말,T002,유로당 국내 통화,1318.0482,
201908,1005,대한민국,B1,기간말,T002,유로당 국내 통화,1341.09472,
201909,1005,대한민국,B1,기간말,T002,유로당 국내 통화,1308.09557,
201910,1005,대한민국,B1,기간말,T002,유로당 국내 통화,1303.23336,
201911,1005,대한민국,B1,기간말,T002,유로당 국내 통화,1295.10726,
201912,1005,대한민국,B1,기간말,T002,유로당 국내 통화,1300.67252,
201901,1005,대한민국,B1,기간말,T003,SDR당 국내 통화,1564.8593,
201902,1005,대한민국,B1,기간말,T003,SDR당 국내 통화,1562.65727,
201903,1005,대한민국,B1,기간말,T003,SDR당 국내 통화,1579.55162,
201904,1005,대한민국,B1,기간말,T003,SDR당 국내 통화,1604.98652,
201905,1005,대한민국,B1,기간말,T003,SDR당 국내 통화,1639.36685,
201906,1005,대한민국,B1,기간말,T003,SDR당 국내 통화,1608.19669,
201907,1005,대한민국,B1,기간말,T003,SDR당 국내 통화,1625.74341,
201908,1005,대한민국,B1,기간말,T003,SDR당 국내 통화,1662.80567,
201909,1005,대한민국,B1,기간말,T003,SDR당 국내 통화,1637.73958,
201910,1005,대한민국,B1,기간말,T003,SDR당 국내 통화,1611.67957,
201911,1005,대한민국,B1,기간말,T003,SDR당 국내 통화,1619.06135,
201912,1005,대한민국,B1,기간말,T003,SDR당 국내 통화,1601.03546,
201901,1005,대한민국,B1,기간말,T004,USD당 국내 통화,1117.2,
201902,1005,대한민국,B1,기간말,T004,USD당 국내 통화,1117.8,
201903,1005,대한민국,B1,기간말,T004,USD당 국내 통화,1137.8,
201904,1005,대한민국,B1,기간말,T004,USD당 국내 통화,1158.2,
201905,1005,대한민국,B1,기간말,T004,USD당 국내 통화,1190,
201906,1005,대한민국,B1,기간말,T004,USD당 국내 통화,1156.8,
201907,1005,대한민국,B1,기간말,T004,USD당 국내 통화,1182,
201908,1005,대한민국,B1,기간말,T004,USD당 국내 통화,1215.2,
201909,1005,대한민국,B1,기간말,T004,USD당 국내 통화,1201.3,
201910,1005,대한민국,B1,기간말,T004,USD당 국내 통화,1168.4,
201911,1005,대한민국,B1,기간말,T004,USD당 국내 통화,1179.3,
201912,1005,대한민국,B1,기간말,T004,USD당 국내 통화,1157.8,
201901,1005,대한민국,B2,기간평균,T002,유로당 국내 통화,1280.9211,
201902,1005,대한민국,B2,기간평균,T002,유로당 국내 통화,1274.10983,
201903,1005,대한민국,B2,기간평균,T002,유로당 국내 통화,1277.99359,
201904,1005,대한민국,B2,기간평균,T002,유로당 국내 통화,1282.22813,
201905,1005,대한민국,B2,기간평균,T002,유로당 국내 통화,1323.46146,
201906,1005,대한민국,B2,기간평균,T002,유로당 국내 통화,1327.67469,
201907,1005,대한민국,B2,기간평균,T002,유로당 국내 통화,1318.50875,
201908,1005,대한민국,B2,기간평균,T002,유로당 국내 통화,1345.13862,
201909,1005,대한민국,B2,기간평균,T002,유로당 국내 통화,1317.77261,
201910,1005,대한민국,B2,기간평균,T002,유로당 국내 통화,1308.76741,
201911,1005,대한민국,B2,기간평균,T002,유로당 국내 통화,1290.14344,
201912,1005,대한민국,B2,기간평균,T002,유로당 국내 통화,1306.7639,
201901,1005,대한민국,B2,기간평균,T003,SDR당 국내 통화,1564.10326,
201902,1005,대한민국,B2,기간평균,T003,SDR당 국내 통화,1562.42361,
201903,1005,대한민국,B2,기간평균,T003,SDR당 국내 통화,1573.27801,
201904,1005,대한민국,B2,기간평균,T003,SDR당 국내 통화,1582.80509,
201905,1005,대한민국,B2,기간평균,T003,SDR당 국내 통화,1634.92218,
201906,1005,대한민국,B2,기간평균,T003,SDR당 국내 통화,1628.7524,
201907,1005,대한민국,B2,기간평균,T003,SDR당 국내 통화,1623.4316,
201908,1005,대한민국,B2,기간평균,T003,SDR당 국내 통화,1659.73695,
201909,1005,대한민국,B2,기간평균,T003,SDR당 국내 통화,1638.63509,
201910,1005,대한민국,B2,기간평균,T003,SDR당 국내 통화,1624.6035,
201911,1005,대한민국,B2,기간평균,T003,SDR당 국내 통화,1605.4201,
201912,1005,대한민국,B2,기간평균,T003,SDR당 국내 통화,1621.34685,
201901,1005,대한민국,B2,기간평균,T004,USD당 국내 통화,1122,
201902,1005,대한민국,B2,기간평균,T004,USD당 국내 통화,1122.45,
201903,1005,대한민국,B2,기간평균,T004,USD당 국내 통화,1130.72,
201904,1005,대한민국,B2,기간평균,T004,USD당 국내 통화,1140.95,
201905,1005,대한민국,B2,기간평균,T004,USD당 국내 통화,1183.29,
201906,1005,대한민국,B2,기간평균,T004,USD당 국내 통화,1175.62,
201907,1005,대한민국,B2,기간평균,T004,USD당 국내 통화,1175.31,
201908,1005,대한민국,B2,기간평균,T004,USD당 국내 통화,1208.98,
201909,1005,대한민국,B2,기간평균,T004,USD당 국내 통화,1197.55,
201910,1005,대한민국,B2,기간평균,T004,USD당 국내 통화,1184.13,
201911,1005,대한민국,B2,기간평균,T004,USD당 국내 통화,1167.45,
201912,1005,대한민국,B2,기간평균,T004,USD당 국내 통화,1175.84,
202001,1005,대한민국,B1,기간말,T002,유로당 국내 통화,1308.0042,
202002,1005,대한민국,B1,기간말,T002,유로당 국내 통화,1334.69343,
202003,1005,대한민국,B1,기간말,T002,유로당 국내 통화,1339.48056,
202004,1005,대한민국,B1,기간말,T002,유로당 국내 통화,1332.52752,
202005,1005,대한민국,B1,기간말,T002,유로당 국내 통화,1380.19584,
202006,1005,대한민국,B1,기간말,T002,유로당 국내 통화,1344.54386,
202007,1005,대한민국,B1,기간말,T002,유로당 국내 통화,1411.57072,
202008,1005,대한민국,B1,기간말,T002,유로당 국내 통화,1415.0094,
202009,1005,대한민국,B1,기간말,T002,유로당 국내 통화,1373.9338,
202010,1005,대한민국,B1,기간말,T002,유로당 국내 통화,1325.85132,
202011,1005,대한민국,B1,기간말,T002,유로당 국내 통화,1323.0712,
202012,1005,대한민국,B1,기간말,T002,유로당 국내 통화,1335.0848,
202001,1005,대한민국,B1,기간말,T003,SDR당 국내 통화,1629.62208,
202002,1005,대한민국,B1,기간말,T003,SDR당 국내 통화,1669.77257,
202003,1005,대한민국,B1,기간말,T003,SDR당 국내 통화,1668.60241,
202004,1005,대한민국,B1,기간말,T003,SDR당 국내 통화,1674.11584,
202005,1005,대한민국,B1,기간말,T003,SDR당 국내 통화,1700.48007,
202006,1005,대한민국,B1,기간말,T003,SDR당 국내 통화,1651.79769,
202007,1005,대한민국,B1,기간말,T003,SDR당 국내 통화,1683.52928,
202008,1005,대한민국,B1,기간말,T003,SDR당 국내 통화,1681.55343,
202009,1005,대한민국,B1,기간말,T003,SDR당 국내 통화,1651.7886,
202010,1005,대한민국,B1,기간말,T003,SDR당 국내 통화,1599.95257,
202011,1005,대한민국,B1,기간말,T003,SDR당 국내 통화,1579.39521,
202012,1005,대한민국,B1,기간말,T003,SDR당 국내 통화,1567.01209,
202001,1005,대한민국,B1,기간말,T004,USD당 국내 통화,1183.5,
202002,1005,대한민국,B1,기간말,T004,USD당 국내 통화,1215.9,
202003,1005,대한민국,B1,기간말,T004,USD당 국내 통화,1222.6,
202004,1005,대한민국,B1,기간말,T004,USD당 국내 통화,1225.2,
202005,1005,대한민국,B1,기간말,T004,USD당 국내 통화,1239.4,
202006,1005,대한민국,B1,기간말,T004,USD당 국내 통화,1200.7,
202007,1005,대한민국,B1,기간말,T004,USD당 국내 통화,1191.4,
202008,1005,대한민국,B1,기간말,T004,USD당 국내 통화,1185.1,
202009,1005,대한민국,B1,기간말,T004,USD당 국내 통화,1173.5,
202010,1005,대한민국,B1,기간말,T004,USD당 국내 통화,1133.4,
202011,1005,대한민국,B1,기간말,T004,USD당 국내 통화,1104.4,
202012,1005,대한민국,B1,기간말,T004,USD당 국내 통화,1088,
202001,1005,대한민국,B2,기간평균,T002,유로당 국내 통화,1292.39314,
202002,1005,대한민국,B2,기간평균,T002,유로당 국내 통화,1301.828,
202003,1005,대한민국,B2,기간평균,T002,유로당 국내 통화,1349.83548,
202004,1005,대한민국,B2,기간평균,T002,유로당 국내 통화,1330.83257,
202005,1005,대한민국,B2,기간평균,T002,유로당 국내 통화,1339.4776,
202006,1005,대한민국,B2,기간평균,T002,유로당 국내 통화,1361.81675,
202007,1005,대한민국,B2,기간평균,T002,유로당 국내 통화,1374.34598,
202008,1005,대한민국,B2,기간평균,T002,유로당 국내 통화,1403.81748,
202009,1005,대한민국,B2,기간평균,T002,유로당 국내 통화,1390.08918,
202010,1005,대한민국,B2,기간평균,T002,유로당 국내 통화,1347.88151,
202011,1005,대한민국,B2,기간평균,T002,유로당 국내 통화,1322.00985,
202012,1005,대한민국,B2,기간평균,T002,유로당 국내 통화,1332.74334,
202001,1005,대한민국,B2,기간평균,T003,SDR당 국내 통화,1606.4074,
202002,1005,대한민국,B2,기간평균,T003,SDR당 국내 통화,1634.49936,
202003,1005,대한민국,B2,기간평균,T003,SDR당 국내 통화,1674.08249,
202004,1005,대한민국,B2,기간평균,T003,SDR당 국내 통화,1670.6746,
202005,1005,대한민국,B2,기간평균,T003,SDR당 국내 통화,1675.54302,
202006,1005,대한민국,B2,기간평균,T003,SDR당 국내 통화,1669.36492,
202007,1005,대한민국,B2,기간평균,T003,SDR당 국내 통화,1669.04937,
202008,1005,대한민국,B2,기간평균,T003,SDR당 국내 통화,1675.70955,
202009,1005,대한민국,B2,기간평균,T003,SDR당 국내 통화,1664.49712,
202010,1005,대한민국,B2,기간평균,T003,SDR당 국내 통화,1618.50185,
202011,1005,대한민국,B2,기간평균,T003,SDR당 국내 통화,1587.59533,
202012,1005,대한민국,B2,기간평균,T003,SDR당 국내 통화,1574.32173,
202001,1005,대한민국,B2,기간평균,T004,USD당 국내 통화,1164.28,
202002,1005,대한민국,B2,기간평균,T004,USD당 국내 통화,1193.79,
202003,1005,대한민국,B2,기간평균,T004,USD당 국내 통화,1220.09,
202004,1005,대한민국,B2,기간평균,T004,USD당 국내 통화,1225.23,
202005,1005,대한민국,B2,기간평균,T004,USD당 국내 통화,1228.67,
202006,1005,대한민국,B2,기간평균,T004,USD당 국내 통화,1210.01,
202007,1005,대한민국,B2,기간평균,T004,USD당 국내 통화,1198.9,
202008,1005,대한민국,B2,기간평균,T004,USD당 국내 통화,1186.85,
202009,1005,대한민국,B2,기간평균,T004,USD당 국내 통화,1178.8,
202010,1005,대한민국,B2,기간평균,T004,USD당 국내 통화,1144.68,
202011,1005,대한민국,B2,기간평균,T004,USD당 국내 통화,1116.76,
202012,1005,대한민국,B2,기간평균,T004,USD당 국내 통화,1095.13,
202101,1005,대한민국,B1,기간말,T002,유로당 국내 통화,1352.67856,
202102,1005,대한민국,B1,기간말,T002,유로당 국내 통화,1343.49164,
202103,1005,대한민국,B1,기간말,T002,유로당 국내 통화,1329.02875,
202104,1005,대한민국,B1,기간말,T002,유로당 국내 통화,1337.96068,
202105,1005,대한민국,B1,기간말,T002,유로당 국내 통화,1361.6316,
202106,1005,대한민국,B1,기간말,T002,유로당 국내 통화,1342.892,
202107,1005,대한민국,B1,기간말,T002,유로당 국내 통화,1364.37334,
202108,1005,대한민국,B1,기간말,T002,유로당 국내 통화,1377.95096,
202109,1005,대한민국,B1,기간말,T002,유로당 국내 통화,1371.99571,
202110,1005,대한민국,B1,기간말,T002,유로당 국내 통화,1364.44465,
202111,1005,대한민국,B1,기간말,T002,유로당 국내 통화,1356.06042,
202112,1005,대한민국,B1,기간말,T002,유로당 국내 통화,1343.94316,
202101,1005,대한민국,B1,기간말,T003,SDR당 국내 통화,1605.91766,
202102,1005,대한민국,B1,기간말,T003,SDR당 국내 통화,1595.2884,
202103,1005,대한민국,B1,기간말,T003,SDR당 국내 통화,1606.40464,
202104,1005,대한민국,B1,기간말,T003,SDR당 국내 통화,1590.21231,
202105,1005,대한민국,B1,기간말,T003,SDR당 국내 통화,1612.24847,
202106,1005,대한민국,B1,기간말,T003,SDR당 국내 통화,1611.85872,
202107,1005,대한민국,B1,기간말,T003,SDR당 국내 통화,1639.37237,
202108,1005,대한민국,B1,기간말,T003,SDR당 국내 통화,1658.40361,
202109,1005,대한민국,B1,기간말,T003,SDR당 국내 통화,1669.3717,
202110,1005,대한민국,B1,기간말,T003,SDR당 국내 통화,1658.40085,
202111,1005,대한민국,B1,기간말,T003,SDR당 국내 통화,1671.70953,
202112,1005,대한민국,B1,기간말,T003,SDR당 국내 통화,1660.75805,
202101,1005,대한민국,B1,기간말,T004,USD당 국내 통화,1114.6,
202102,1005,대한민국,B1,기간말,T004,USD당 국내 통화,1108.4,
202103,1005,대한민국,B1,기간말,T004,USD당 국내 통화,1133.5,
202104,1005,대한민국,B1,기간말,T004,USD당 국내 통화,1107.4,
202105,1005,대한민국,B1,기간말,T004,USD당 국내 통화,1116,
202106,1005,대한민국,B1,기간말,T004,USD당 국내 통화,1130,
202107,1005,대한민국,B1,기간말,T004,USD당 국내 통화,1147.4,
202108,1005,대한민국,B1,기간말,T004,USD당 국내 통화,1164.4,
202109,1005,대한민국,B1,기간말,T004,USD당 국내 통화,1184.9,
202110,1005,대한민국,B1,기간말,T004,USD당 국내 통화,1171.7,
202111,1005,대한민국,B1,기간말,T004,USD당 국내 통화,1193.4,
202112,1005,대한민국,B1,기간말,T004,USD당 국내 통화,1186.6,
202101,1005,대한민국,B2,기간평균,T002,유로당 국내 통화,1335.73862,
202102,1005,대한민국,B2,기간평균,T002,유로당 국내 통화,1344.94774,
202103,1005,대한민국,B2,기간평균,T002,유로당 국내 통화,1345.81053,
202104,1005,대한민국,B2,기간평균,T002,유로당 국내 통화,1340.94045,
202105,1005,대한민국,B2,기간평균,T002,유로당 국내 통화,1364.32519,
202106,1005,대한민국,B2,기간평균,T002,유로당 국내 통화,1350.8403,
202107,1005,대한민국,B2,기간평균,T002,유로당 국내 통화,1352.39236,
202108,1005,대한민국,B2,기간평균,T002,유로당 국내 통화,1365.93115,
202109,1005,대한민국,B2,기간평균,T002,유로당 국내 통화,1376.58579,
202110,1005,대한민국,B2,기간평균,T002,유로당 국내 통화,1372.24581,
202111,1005,대한민국,B2,기간평균,T002,유로당 국내 통화,1350.17885,
202112,1005,대한민국,B2,기간평균,T002,유로당 국내 통화,1337.93832,
202101,1005,대한민국,B2,기간평균,T003,SDR당 국내 통화,1583.35088,
202102,1005,대한민국,B2,기간평균,T003,SDR당 국내 통화,1600.85353,
202103,1005,대한민국,B2,기간평균,T003,SDR당 국내 통화,1614.45677,
202104,1005,대한민국,B2,기간평균,T003,SDR당 국내 통화,1599.55009,
202105,1005,대한민국,B2,기간평균,T003,SDR당 국내 통화,1617.77238,
202106,1005,대한민국,B2,기간평균,T003,SDR당 국내 통화,1609.59767,
202107,1005,대한민국,B2,기간평균,T003,SDR당 국내 통화,1628.15441,
202108,1005,대한민국,B2,기간평균,T003,SDR당 국내 통화,1649.72283,
202109,1005,대한민국,B2,기간평균,T003,SDR당 국내 통화,1661.51486,
202110,1005,대한민국,B2,기간평균,T003,SDR당 국내 통화,1670.90291,
202111,1005,대한민국,B2,기간평균,T003,SDR당 국내 통화,1660.91261,
202112,1005,대한민국,B2,기간평균,T003,SDR당 국내 통화,1654.42406,
202101,1005,대한민국,B2,기간평균,T004,USD당 국내 통화,1097.49,
202102,1005,대한민국,B2,기간평균,T004,USD당 국내 통화,1111.72,
202103,1005,대한민국,B2,기간평균,T004,USD당 국내 통화,1131.02,
202104,1005,대한민국,B2,기간평균,T004,USD당 국내 통화,1119.4,
202105,1005,대한민국,B2,기간평균,T004,USD당 국내 통화,1123.28,
202106,1005,대한민국,B2,기간평균,T004,USD당 국내 통화,1121.3,
202107,1005,대한민국,B2,기간평균,T004,USD당 국내 통화,1143.98,
202108,1005,대한민국,B2,기간평균,T004,USD당 국내 통화,1160.34,
202109,1005,대한민국,B2,기간평균,T004,USD당 국내 통화,1169.54,
202110,1005,대한민국,B2,기간평균,T004,USD당 국내 통화,1182.82,
202111,1005,대한민국,B2,기간평균,T004,USD당 국내 통화,1182.91,
202112,1005,대한민국,B2,기간평균,T004,USD당 국내 통화,1183.62,
202201,1005,대한민국,B1,기간말,T002,유로당 국내 통화,1341.39744,
202202,1005,대한민국,B1,기간말,T002,유로당 국내 통화,1346.90373,
202203,1005,대한민국,B1,기간말,T002,유로당 국내 통화,1344.10908,
202204,1005,대한민국,B1,기간말,T002,유로당 국내 통화,1337.9476,
202205,1005,대한민국,B1,기간말,T002,유로당 국내 통화,1334.62554,
202206,1005,대한민국,B1,기간말,T002,유로당 국내 통화,1342.93523,
202207,1005,대한민국,B1,기간말,T002,유로당 국내 통화,1329.8192,
202208,1005,대한민국,B1,기간말,T002,유로당 국내 통화,1347.5,
202209,1005,대한민국,B1,기간말,T002,유로당 국내 통화,1398.64304,
202210,1005,대한민국,B1,기간말,T002,유로당 국내 통화,1407.09402,
202211,1005,대한민국,B1,기간말,T002,유로당 국내 통화,1381.5644,
202212,1005,대한민국,B1,기간말,T002,유로당 국내 통화,1351.70218,
202201,1005,대한민국,B1,기간말,T003,SDR당 국내 통화,1673.47944,
202202,1005,대한민국,B1,기간말,T003,SDR당 국내 통화,1677.6024,
202203,1005,대한민국,B1,기간말,T003,SDR당 국내 통화,1673.80906,
202204,1005,대한민국,B1,기간말,T003,SDR당 국내 통화,1706.45803,
202205,1005,대한민국,B1,기간말,T003,SDR당 국내 통화,1681.45714,
202206,1005,대한민국,B1,기간말,T003,SDR당 국내 통화,1716.68862,
202207,1005,대한민국,B1,기간말,T003,SDR당 국내 통화,1725.97271,
202208,1005,대한민국,B1,기간말,T003,SDR당 국내 통화,1753.56178,
202209,1005,대한민국,B1,기간말,T003,SDR당 국내 통화,1836.37241,
202210,1005,대한민국,B1,기간말,T003,SDR당 국내 통화,1821.37839,
202211,1005,대한민국,B1,기간말,T003,SDR당 국내 통화,1750.71133,
202212,1005,대한민국,B1,기간말,T003,SDR당 국내 통화,1686.57831,
202201,1005,대한민국,B1,기간말,T004,USD당 국내 통화,1202.4,
202202,1005,대한민국,B1,기간말,T004,USD당 국내 통화,1202.7,
202203,1005,대한민국,B1,기간말,T004,USD당 국내 통화,1210.8,
202204,1005,대한민국,B1,기간말,T004,USD당 국내 통화,1269.4,
202205,1005,대한민국,B1,기간말,T004,USD당 국내 통화,1245.8,
202206,1005,대한민국,B1,기간말,T004,USD당 국내 통화,1292.9,
202207,1005,대한민국,B1,기간말,T004,USD당 국내 통화,1304,
202208,1005,대한민국,B1,기간말,T004,USD당 국내 통화,1347.5,
202209,1005,대한민국,B1,기간말,T004,USD당 국내 통화,1434.8,
202210,1005,대한민국,B1,기간말,T004,USD당 국내 통화,1419.3,
202211,1005,대한민국,B1,기간말,T004,USD당 국내 통화,1331.5,
202212,1005,대한민국,B1,기간말,T004,USD당 국내 통화,1267.3,
202201,1005,대한민국,B2,기간평균,T002,유로당 국내 통화,1350.95977,
202202,1005,대한민국,B2,기간평균,T002,유로당 국내 통화,1359.14524,
202203,1005,대한민국,B2,기간평균,T002,유로당 국내 통화,1345.44765,
202204,1005,대한민국,B2,기간평균,T002,유로당 국내 통화,1333.23622,
202205,1005,대한민국,B2,기간평균,T002,유로당 국내 통화,1343.34256,
202206,1005,대한민국,B2,기간평균,T002,유로당 국내 통화,1349.62479,
202207,1005,대한민국,B2,기간평균,T002,유로당 국내 통화,1330.79001,
202208,1005,대한민국,B2,기간평균,T002,유로당 국내 통화,1335.37336,
202209,1005,대한민국,B2,기간평균,T002,유로당 국내 통화,1378.19911,
202210,1005,대한민국,B2,기간평균,T002,유로당 국내 통화,1401.78856,
202211,1005,대한민국,B2,기간평균,T002,유로당 국내 통화,1391.55561,
202212,1005,대한민국,B2,기간평균,T002,유로당 국내 통화,1372.54267,
202201,1005,대한민국,B2,기간평균,T003,SDR당 국내 통화,1671.3106,
202202,1005,대한민국,B2,기간평균,T003,SDR당 국내 통화,1678.93178,
202203,1005,대한민국,B2,기간평균,T003,SDR당 국내 통화,1687.85523,
202204,1005,대한민국,B2,기간평균,T003,SDR당 국내 통화,1681.53359,
202205,1005,대한민국,B2,기간평균,T003,SDR당 국내 통화,1704.08279,
202206,1005,대한민국,B2,기간평균,T003,SDR당 국내 통화,1709.43872,
202207,1005,대한민국,B2,기간평균,T003,SDR당 국내 통화,1721.61232,
202208,1005,대한민국,B2,기간평균,T003,SDR당 국내 통화,1733.23041,
202209,1005,대한민국,B2,기간평균,T003,SDR당 국내 통화,1795.72601,
202210,1005,대한민국,B2,기간평균,T003,SDR당 국내 통화,1827.51929,
202211,1005,대한민국,B2,기간평균,T003,SDR당 국내 통화,1773.9091,
202212,1005,대한민국,B2,기간평균,T003,SDR당 국내 통화,1722.43769,
202201,1005,대한민국,B2,기간평균,T004,USD당 국내 통화,1194.01,
202202,1005,대한민국,B2,기간평균,T004,USD당 국내 통화,1198.34,
202203,1005,대한민국,B2,기간평균,T004,USD당 국내 통화,1221.03,
202204,1005,대한민국,B2,기간평균,T004,USD당 국내 통화,1232.34,
202205,1005,대한민국,B2,기간평균,T004,USD당 국내 통화,1269.88,
202206,1005,대한민국,B2,기간평균,T004,USD당 국내 통화,1277.35,
202207,1005,대한민국,B2,기간평균,T004,USD당 국내 통화,1307.4,
202208,1005,대한민국,B2,기간평균,T004,USD당 국내 통화,1318.44,
202209,1005,대한민국,B2,기간평균,T004,USD당 국내 통화,1391.59,
202210,1005,대한민국,B2,기간평균,T004,USD당 국내 통화,1426.66,
202211,1005,대한민국,B2,기간평균,T004,USD당 국내 통화,1364.1,
202212,1005,대한민국,B2,기간평균,T004,USD당 국내 통화,1296.22,
202301,1005,대한민국,B1,기간말,T002,유로당 국내 통화,1331.05071,
202302,1005,대한민국,B1,기간말,T002,유로당 국내 통화,1398.94706,
202303,1005,대한민국,B1,기간말,T002,유로당 국내 통화,1417.8825,
202304,1005,대한민국,B1,기간말,T002,유로당 국내 통화,1471.34419,
202305,1005,대한민국,B1,기간말,T002,유로당 국내 통화,1412.50626,
202306,1005,대한민국,B1,기간말,T002,유로당 국내 통화,1426.48848,
202307,1005,대한민국,B1,기간말,T002,유로당 국내 통화,1410.944,
202308,1005,대한민국,B1,기간말,T002,유로당 국내 통화,1436.09752,
202309,1005,대한민국,B1,기간말,T002,유로당 국내 통화,1424.68112,
202310,1005,대한민국,B1,기간말,T002,유로당 국내 통화,1436.53832,
202311,1005,대한민국,B1,기간말,T002,유로당 국내 통화,1409.0059,
202312,1005,대한민국,B1,기간말,T002,유로당 국내 통화,1424.787,
202301,1005,대한민국,B1,기간말,T003,SDR당 국내 통화,1656.8633,
202302,1005,대한민국,B1,기간말,T003,SDR당 국내 통화,1750.54181,
202303,1005,대한민국,B1,기간말,T003,SDR당 국내 통화,1753.91159,
202304,1005,대한민국,B1,기간말,T003,SDR당 국내 통화,1804.85623,
202305,1005,대한민국,B1,기간말,T003,SDR당 국내 통화,1755.17313,
202306,1005,대한민국,B1,기간말,T003,SDR당 국내 통화,1746.12084,
202307,1005,대한민국,B1,기간말,T003,SDR당 국내 통화,1718.95836,
202308,1005,대한민국,B1,기간말,T003,SDR당 국내 통화,1757.38417,
202309,1005,대한민국,B1,기간말,T003,SDR당 국내 통화,1768.38008,
202310,1005,대한민국,B1,기간말,T003,SDR당 국내 통화,1777.76376,
202311,1005,대한민국,B1,기간말,T003,SDR당 국내 통화,1718.6048,
202312,1005,대한민국,B1,기간말,T003,SDR당 국내 통화,1729.94875,
202301,1005,대한민국,B1,기간말,T004,USD당 국내 통화,1228.7,
202302,1005,대한민국,B1,기간말,T004,USD당 국내 통화,1317.4,
202303,1005,대한민국,B1,기간말,T004,USD당 국내 통화,1303.8,
202304,1005,대한민국,B1,기간말,T004,USD당 국내 통화,1339.9,
202305,1005,대한민국,B1,기간말,T004,USD당 국내 통화,1322.2,
202306,1005,대한민국,B1,기간말,T004,USD당 국내 통화,1312.8,
202307,1005,대한민국,B1,기간말,T004,USD당 국내 통화,1280,
202308,1005,대한민국,B1,기간말,T004,USD당 국내 통화,1321.4,
202309,1005,대한민국,B1,기간말,T004,USD당 국내 통화,1344.8,
202310,1005,대한민국,B1,기간말,T004,USD당 국내 통화,1352.8,
202311,1005,대한민국,B1,기간말,T004,USD당 국내 통화,1289,
202312,1005,대한민국,B1,기간말,T004,USD당 국내 통화,1289.4,
202301,1005,대한민국,B2,기간평균,T002,유로당 국내 통화,1343.16353,
202302,1005,대한민국,B2,기간평균,T002,유로당 국내 통화,1361.61062,
202303,1005,대한민국,B2,기간평균,T002,유로당 국내 통화,1397.89183,
202304,1005,대한민국,B2,기간평균,T002,유로당 국내 통화,1447.7503,
202305,1005,대한민국,B2,기간평균,T002,유로당 국내 통화,1443.43222,
202306,1005,대한민국,B2,기간평균,T002,유로당 국내 통화,1405.61596,
202307,1005,대한민국,B2,기간평균,T002,유로당 국내 통화,1422.40892,
202308,1005,대한민국,B2,기간평균,T002,유로당 국내 통화,1438.30173,
202309,1005,대한민국,B2,기간평균,T002,유로당 국내 통화,1420.38042,
202310,1005,대한민국,B2,기간평균,T002,유로당 국내 통화,1426.67245,
202311,1005,대한민국,B2,기간평균,T002,유로당 국내 통화,1416.29929,
202312,1005,대한민국,B2,기간평균,T002,유로당 국내 통화,1421.73626,
202301,1005,대한민국,B2,기간평균,T003,SDR당 국내 통화,1676.75135,
202302,1005,대한민국,B2,기간평균,T003,SDR당 국내 통화,1700.84886,
202303,1005,대한민국,B2,기간평균,T003,SDR당 국내 통화,1744.98989,
202304,1005,대한민국,B2,기간평균,T003,SDR당 국내 통화,1780.62067,
202305,1005,대한민국,B2,기간평균,T003,SDR당 국내 통화,1781.4255,
202306,1005,대한민국,B2,기간평균,T003,SDR당 국내 통화,1729.43435,
202307,1005,대한민국,B2,기간평균,T003,SDR당 국내 통화,1730.13511,
202308,1005,대한민국,B2,기간평균,T003,SDR당 국내 통화,1757.40453,
202309,1005,대한민국,B2,기간평균,T003,SDR당 국내 통화,1753.6245,
202310,1005,대한민국,B2,기간평균,T003,SDR당 국내 통화,1771.39753,
202311,1005,대한민국,B2,기간평균,T003,SDR당 국내 통화,1734.13543,
202312,1005,대한민국,B2,기간평균,T003,SDR당 국내 통화,1739.38027,
202301,1005,대한민국,B2,기간평균,T004,USD당 국내 통화,1247.25,
202302,1005,대한민국,B2,기간평균,T004,USD당 국내 통화,1270.74,
202303,1005,대한민국,B2,기간평균,T004,USD당 국내 통화,1305.73,
202304,1005,대한민국,B2,기간평균,T004,USD당 국내 통화,1320.01,
202305,1005,대한민국,B2,기간평균,T004,USD당 국내 통화,1328.21,
202306,1005,대한민국,B2,기간평균,T004,USD당 국내 통화,1296.71,
202307,1005,대한민국,B2,기간평균,T004,USD당 국내 통화,1286.3,
202308,1005,대한민국,B2,기간평균,T004,USD당 국내 통화,1318.47,
202309,1005,대한민국,B2,기간평균,T004,USD당 국내 통화,1329.47,
202310,1005,대한민국,B2,기간평균,T004,USD당 국내 통화,1350.69,
202311,1005,대한민국,B2,기간평균,T004,USD당 국내 통화,1310.39,
202312,1005,대한민국,B2,기간평균,T004,USD당 국내 통화,1303.98,
202401,1005,대한민국,B1,기간말,T002,유로당 국내 통화,1441.97122,
202402,1005,대한민국,B1,기간말,T002,유로당 국내 통화,1444.1884,
202403,1005,대한민국,B1,기간말,T002,유로당 국내 통화,1456.02548,
202404,1005,대한민국,B1,기간말,T002,유로당 국내 통화,1477.69066,
202405,1005,대한민국,B1,기간말,T002,유로당 국내 통화,1493.7778,
202406,1005,대한민국,B1,기간말,T002,유로당 국내 통화,1487.1386,
202407,1005,대한민국,B1,기간말,T002,유로당 국내 통화,1499.24488,
202408,1005,대한민국,B1,기간말,T002,유로당 국내 통화,1480.44711,
202409,1005,대한민국,B1,기간말,T002,유로당 국내 통화,1477.42416,
202410,1005,대한민국,B1,기간말,T002,유로당 국내 통화,1505.30706,
202411,1005,대한민국,B1,기간말,T002,유로당 국내 통화,1473.08214,
202412,1005,대한민국,B1,기간말,T002,유로당 국내 통화,1527.183,
202401,1005,대한민국,B1,기간말,T003,SDR당 국내 통화,1769.54432,
202402,1005,대한민국,B1,기간말,T003,SDR당 국내 통화,1770.97121,
202403,1005,대한민국,B1,기간말,T003,SDR당 국내 통화,1783.22933,
202404,1005,대한민국,B1,기간말,T003,SDR당 국내 통화,1817.02923,
202405,1005,대한민국,B1,기간말,T003,SDR당 국내 통화,1821.85163,
202406,1005,대한민국,B1,기간말,T003,SDR당 국내 통화,1827.27683,
202407,1005,대한민국,B1,기간말,T003,SDR당 국내 통화,1839.33271,
202408,1005,대한민국,B1,기간말,T003,SDR당 국내 통화,1798.12229,
202409,1005,대한민국,B1,기간말,T003,SDR당 국내 통화,1789.86817,
202410,1005,대한민국,B1,기간말,T003,SDR당 국내 통화,1842.04954,
202411,1005,대한민국,B1,기간말,T003,SDR당 국내 통화,1832.5082,
202412,1005,대한민국,B1,기간말,T003,SDR당 국내 통화,1917.0779,
202401,1005,대한민국,B1,기간말,T004,USD당 국내 통화,1330.6,
202402,1005,대한민국,B1,기간말,T004,USD당 국내 통화,1334,
202403,1005,대한민국,B1,기간말,T004,USD당 국내 통화,1346.8,
202404,1005,대한민국,B1,기간말,T004,USD당 국내 통화,1378.7,
202405,1005,대한민국,B1,기간말,T004,USD당 국내 통화,1376.5,
202406,1005,대한민국,B1,기간말,T004,USD당 국내 통화,1389.2,
202407,1005,대한민국,B1,기간말,T004,USD당 국내 통화,1384.6,
202408,1005,대한민국,B1,기간말,T004,USD당 국내 통화,1335.3,
202409,1005,대한민국,B1,기간말,T004,USD당 국내 통화,1319.6,
202410,1005,대한민국,B1,기간말,T004,USD당 국내 통화,1383.3,
202411,1005,대한민국,B1,기간말,T004,USD당 국내 통화,1394.7,
202412,1005,대한민국,B1,기간말,T004,USD당 국내 통화,1470,
202401,1005,대한민국,B2,기간평균,T002,유로당 국내 통화,1443.37113,
202402,1005,대한민국,B2,기간평균,T002,유로당 국내 통화,1437.57528,
202403,1005,대한민국,B2,기간평균,T002,유로당 국내 통화,1446.75278,
202404,1005,대한민국,B2,기간평균,T002,유로당 국내 통화,1467.37546,
202405,1005,대한민국,B2,기간평균,T002,유로당 국내 통화,1476.2907,
202406,1005,대한민국,B2,기간평균,T002,유로당 국내 통화,1484.88187,
202407,1005,대한민국,B2,기간평균,T002,유로당 국내 통화,1500.1493,
202408,1005,대한민국,B2,기간평균,T002,유로당 국내 통화,1491.2146,
202409,1005,대한민국,B2,기간평균,T002,유로당 국내 통화,1482.45109,
202410,1005,대한민국,B2,기간평균,T002,유로당 국내 통화,1484.08174,
202411,1005,대한민국,B2,기간평균,T002,유로당 국내 통화,1481.18285,
202412,1005,대한민국,B2,기간평균,T002,유로당 국내 통화,1503.09286,
202401,1005,대한민국,B2,기간평균,T003,SDR당 국내 통화,1764.93542,
202402,1005,대한민국,B2,기간평균,T003,SDR당 국내 통화,1766.26551,
202403,1005,대한민국,B2,기간평균,T003,SDR당 국내 통화,1768.98712,
202404,1005,대한민국,B2,기간평균,T003,SDR당 국내 통화,1804.99869,
202405,1005,대한민국,B2,기간평균,T003,SDR당 국내 통화,1805.34404,
202406,1005,대한민국,B2,기간평균,T003,SDR당 국내 통화,1821.12094,
202407,1005,대한민국,B2,기간평균,T003,SDR당 국내 통화,1831.79713,
202408,1005,대한민국,B2,기간평균,T003,SDR당 국내 통화,1814.56486,
202409,1005,대한민국,B2,기간평균,T003,SDR당 국내 통화,1801.69955,
202410,1005,대한민국,B2,기간평균,T003,SDR당 국내 통화,1818.3695,
202411,1005,대한민국,B2,기간평균,T003,SDR당 국내 통화,1837.26363,
202412,1005,대한민국,B2,기간평균,T003,SDR당 국내 통화,1882.01157,
202401,1005,대한민국,B2,기간평균,T004,USD당 국내 통화,1323.57,
202402,1005,대한민국,B2,기간평균,T004,USD당 국내 통화,1331.74,
202403,1005,대한민국,B2,기간평균,T004,USD당 국내 통화,1330.69,
202404,1005,대한민국,B2,기간평균,T004,USD당 국내 통화,1367.83,
202405,1005,대한민국,B2,기간평균,T004,USD당 국내 통화,1365.39,
202406,1005,대한민국,B2,기간평균,T004,USD당 국내 통화,1380.13,
202407,1005,대한민국,B2,기간평균,T004,USD당 국내 통화,1383.38,
202408,1005,대한민국,B2,기간평균,T004,USD당 국내 통화,1354.15,
202409,1005,대한민국,B2,기간평균,T004,USD당 국내 통화,1334.82,
202410,1005,대한민국,B2,기간평균,T004,USD당 국내 통화,1361,
202411,1005,대한민국,B2,기간평균,T004,USD당 국내 통화,1393.38,
202412,1005,대한민국,B2,기간평균,T004,USD당 국내 통화,1434.42,
202501,1005,대한민국,B1,기간말,T002,유로당 국내 통화,1489.62869,
202502,1005,대한민국,B1,기간말,T002,유로당 국내 통화,1498.76756,
202503,1005,대한민국,B1,기간말,T002,유로당 국내 통화,1586.01975,
202504,1005,대한민국,B1,기간말,T002,유로당 국내 통화,1636.00605,
202505,1005,대한민국,B1,기간말,T002,유로당 국내 통화,1566.36946,
202506,1005,대한민국,B1,기간말,T002,유로당 국내 통화,1589.7008,
202507,1005,대한민국,B1,기간말,T002,유로당 국내 통화,1582.86734,
202508,1005,대한민국,B1,기간말,T002,유로당 국내 통화,1618.82988,
202509,1005,대한민국,B1,기간말,T002,유로당 국내 통화,1646.32302,
202510,1005,대한민국,B1,기간말,T002,유로당 국내 통화,1644.36528,
202511,1005,대한민국,B1,기간말,T002,유로당 국내 통화,1694.18768,
202512,1005,대한민국,B1,기간말,T002,유로당 국내 통화,1686.0075,
202501,1005,대한민국,B1,기간말,T003,SDR당 국내 통화,1868.77261,
202502,1005,대한민국,B1,기간말,T003,SDR당 국내 통화,1884.44119,
202503,1005,대한민국,B1,기간말,T003,SDR당 국내 통화,1948.53166,
202504,1005,대한민국,B1,기간말,T003,SDR당 국내 통화,1950.77034,
202505,1005,대한민국,B1,기간말,T003,SDR당 국내 통화,1874.15714,
202506,1005,대한민국,B1,기간말,T003,SDR당 국내 통화,1863.69882,
202507,1005,대한민국,B1,기간말,T003,SDR당 국내 통화,1873.70606,
202508,1005,대한민국,B1,기간말,T003,SDR당 국내 통화,1900.49695,
202509,1005,대한민국,B1,기간말,T003,SDR당 국내 통화,1922.37825,
202510,1005,대한민국,B1,기간말,T003,SDR당 국내 통화,1933.2675,
202511,1005,대한민국,B1,기간말,T003,SDR당 국내 통화,1990.02812,
202512,1005,대한민국,B1,기간말,T003,SDR당 국내 통화,1965.09959,
202501,1005,대한민국,B1,기간말,T004,USD당 국내 통화,1433.3,
202502,1005,대한민국,B1,기간말,T004,USD당 국내 통화,1439.6,
202503,1005,대한민국,B1,기간말,T004,USD당 국내 통화,1466.5,
202504,1005,대한민국,B1,기간말,T004,USD당 국내 통화,1438.5,
202505,1005,대한민국,B1,기간말,T004,USD당 국내 통화,1381.4,
202506,1005,대한민국,B1,기간말,T004,USD당 국내 통화,1356.4,
202507,1005,대한민국,B1,기간말,T004,USD당 국내 통화,1382.9,
202508,1005,대한민국,B1,기간말,T004,USD당 국내 통화,1388.6,
202509,1005,대한민국,B1,기간말,T004,USD당 국내 통화,1402.2,
202510,1005,대한민국,B1,기간말,T004,USD당 국내 통화,1423.2,
202511,1005,대한민국,B1,기간말,T004,USD당 국내 통화,1464.8,
202512,1005,대한민국,B1,기간말,T004,USD당 국내 통화,1434.9,
202501,1005,대한민국,B2,기간평균,T002,유로당 국내 통화,1507.28526,
202502,1005,대한민국,B2,기간평균,T002,유로당 국내 통화,1505.18935,
202503,1005,대한민국,B2,기간평균,T002,유로당 국내 통화,1574.49811,
202504,1005,대한민국,B2,기간평균,T002,유로당 국내 통화,1619.64201,
202505,1005,대한민국,B2,기간평균,T002,유로당 국내 통화,1572.71246,
202506,1005,대한민국,B2,기간평균,T002,유로당 국내 통화,1574.20566,
202507,1005,대한민국,B2,기간평균,T002,유로당 국내 통화,1605.82646,
202508,1005,대한민국,B2,기간평균,T002,유로당 국내 통화,1616.3731,
202509,1005,대한민국,B2,기간평균,T002,유로당 국내 통화,1632.92659,
202510,1005,대한민국,B2,기간평균,T002,유로당 국내 통화,1655.42957,
202511,1005,대한민국,B2,기간평균,T002,유로당 국내 통화,1685.21128,
202512,1005,대한민국,B2,기간평균,T002,유로당 국내 통화,1718.13673,
202501,1005,대한민국,B2,기간평균,T003,SDR당 국내 통화,1894.87558,
202502,1005,대한민국,B2,기간평균,T003,SDR당 국내 통화,1890.65764,
202503,1005,대한민국,B2,기간평균,T003,SDR당 국내 통화,1935.2927,
202504,1005,대한민국,B2,기간평균,T003,SDR당 국내 통화,1947.18699,
202505,1005,대한민국,B2,기간평균,T003,SDR당 국내 통화,1886.86377,
202506,1005,대한민국,B2,기간평균,T003,SDR당 국내 통화,1865.29323,
202507,1005,대한민국,B2,기간평균,T003,SDR당 국내 통화,1882.13991,
202508,1005,대한민국,B2,기간평균,T003,SDR당 국내 통화,1898.28269,
202509,1005,대한민국,B2,기간평균,T003,SDR당 국내 통화,1908.4704,
202510,1005,대한민국,B2,기간평균,T003,SDR당 국내 통화,1941.90923,
202511,1005,대한민국,B2,기간평균,T003,SDR당 국내 통화,1978.70238,
202512,1005,대한민국,B2,기간평균,T003,SDR당 국내 통화,2005.28623,
202501,1005,대한민국,B2,기간평균,T004,USD당 국내 통화,1455.79,
202502,1005,대한민국,B2,기간평균,T004,USD당 국내 통화,1445.56,
202503,1005,대한민국,B2,기간평균,T004,USD당 국내 통화,1456.95,
202504,1005,대한민국,B2,기간평균,T004,USD당 국내 통화,1444.31,
202505,1005,대한민국,B2,기간평균,T004,USD당 국내 통화,1394.49,
202506,1005,대한민국,B2,기간평균,T004,USD당 국내 통화,1366.95,
202507,1005,대한민국,B2,기간평균,T004,USD당 국내 통화,1375.22,
202508,1005,대한민국,B2,기간평균,T004,USD당 국내 통화,1389.66,
202509,1005,대한민국,B2,기간평균,T004,USD당 국내 통화,1391.83,
202510,1005,대한민국,B2,기간평균,T004,USD당 국내 통화,1423.36,
202511,1005,대한민국,B2,기간평균,T004,USD당 국내 통화,1457.77,
202512,1005,대한민국,B2,기간평균,T004,USD당 국내 통화,1467.4,
202601,1005,대한민국,B1,기간말,T002,유로당 국내 통화,1700.8413,
202602,1005,대한민국,B1,기간말,T002,유로당 국내 통화,1681.62225,
202603,1005,대한민국,B1,기간말,T002,유로당 국내 통화,1740.10732,
202604,1005,대한민국,B1,기간말,T002,유로당 국내 통화,1727.33222,
202605,1005,대한민국,B1,기간말,T002,유로당 국내 통화,1753.35352,
202606,1005,대한민국,B1,기간말,T002,유로당 국내 통화,1756.3851,
202601,1005,대한민국,B1,기간말,T003,SDR당 국내 통화,1971.92869,
202602,1005,대한민국,B1,기간말,T003,SDR당 국내 통화,1958.35287,
202603,1005,대한민국,B1,기간말,T003,SDR당 국내 통화,2052.76086,
202604,1005,대한민국,B1,기간말,T003,SDR당 국내 통화,2025.23413,
202605,1005,대한민국,B1,기간말,T003,SDR당 국내 통화,2061.06828,
202606,1005,대한민국,B1,기간말,T003,SDR당 국내 통화,2090.4331,
202601,1005,대한민국,B1,기간말,T004,USD당 국내 통화,1427,
202602,1005,대한민국,B1,기간말,T004,USD당 국내 통화,1424.5,
202603,1005,대한민국,B1,기간말,T004,USD당 국내 통화,1513.4,
202604,1005,대한민국,B1,기간말,T004,USD당 국내 통화,1476.1,
202605,1005,대한민국,B1,기간말,T004,USD당 국내 통화,1505.8,
202606,1005,대한민국,B1,기간말,T004,USD당 국내 통화,1541.5,
202601,1005,대한민국,B2,기간평균,T002,유로당 국내 통화,1709.68612,
202602,1005,대한민국,B2,기간평균,T002,유로당 국내 통화,1713.66872,
202603,1005,대한민국,B2,기간평균,T002,유로당 국내 통화,1718.30581,
202604,1005,대한민국,B2,기간평균,T002,유로당 국내 통화,1741.19823,
202605,1005,대한민국,B2,기간평균,T002,유로당 국내 통화,1739.43521,
202606,1005,대한민국,B2,기간평균,T002,유로당 국내 통화,1759.14414,
202601,1005,대한민국,B2,기간평균,T003,SDR당 국내 통화,1995.73279,
202602,1005,대한민국,B2,기간평균,T003,SDR당 국내 통화,1993.9688,
202603,1005,대한민국,B2,기간평균,T003,SDR당 국내 통화,2025.07496,
202604,1005,대한민국,B2,기간평균,T003,SDR당 국내 통화,2036.27435,
202605,1005,대한민국,B2,기간평균,T003,SDR당 국내 통화,2042.34139,
202606,1005,대한민국,B2,기간평균,T003,SDR당 국내 통화,2081.06339,
202601,1005,대한민국,B2,기간평균,T004,USD당 국내 통화,1456.51,
202602,1005,대한민국,B2,기간평균,T004,USD당 국내 통화,1449.32,
202603,1005,대한민국,B2,기간평균,T004,USD당 국내 통화,1486.64,
202604,1005,대한민국,B2,기간평균,T004,USD당 국내 통화,1487.39,
202605,1005,대한민국,B2,기간평균,T004,USD당 국내 통화,1490.11,
202606,1005,대한민국,B2,기간평균,T004,USD당 국내 통화,1527.3,
