lawd_cd,emd_name,zone_type,effective_from,effective_to,confidence,exclude,source_url
11110,,조정대상지역,2016-11-03,2023-01-05,VERIFIED,,https://www.korea.kr/special/policyCurationView.do?newsId=148868829
11140,,조정대상지역,2016-11-03,2023-01-05,VERIFIED,,https://www.korea.kr/special/policyCurationView.do?newsId=148868829
11170,,조정대상지역,2016-11-03,2023-01-05,VERIFIED,,https://www.korea.kr/special/policyCurationView.do?newsId=148868829
11200,,조정대상지역,2016-11-03,2023-01-05,VERIFIED,,https://www.korea.kr/special/policyCurationView.do?newsId=148868829
11215,,조정대상지역,2016-11-03,2023-01-05,VERIFIED,,https://www.korea.kr/special/policyCurationView.do?newsId=148868829
11230,,조정대상지역,2016-11-03,2023-01-05,VERIFIED,,https://www.korea.kr/special/policyCurationView.do?newsId=148868829
11260,,조정대상지역,2016-11-03,2023-01-05,VERIFIED,,https://www.korea.kr/special/policyCurationView.do?newsId=148868829
11290,,조정대상지역,2016-11-03,2023-01-05,VERIFIED,,https://www.korea.kr/special/policyCurationView.do?newsId=148868829
11305,,조정대상지역,2016-11-03,2023-01-05,VERIFIED,,https://www.korea.kr/special/policyCurationView.do?newsId=148868829
11320,,조정대상지역,2016-11-03,2023-01-05,VERIFIED,,https://www.korea.kr/special/policyCurationView.do?newsId=148868829
11350,,조정대상지역,2016-11-03,2023-01-05,VERIFIED,,https://www.korea.kr/special/policyCurationView.do?newsId=148868829
11380,,조정대상지역,2016-11-03,2023-01-05,VERIFIED,,https://www.korea.kr/special/policyCurationView.do?newsId=148868829
11410,,조정대상지역,2016-11-03,2023-01-05,VERIFIED,,https://www.korea.kr/special/policyCurationView.do?newsId=148868829
11440,,조정대상지역,2016-11-03,2023-01-05,VERIFIED,,https://www.korea.kr/special/policyCurationView.do?newsId=148868829
11470,,조정대상지역,2016-11-03,2023-01-05,VERIFIED,,https://www.korea.kr/special/policyCurationView.do?newsId=148868829
11500,,조정대상지역,2016-11-03,2023-01-05,VERIFIED,,https://www.korea.kr/special/policyCurationView.do?newsId=148868829
11530,,조정대상지역,2016-11-03,2023-01-05,VERIFIED,,https://www.korea.kr/special/policyCurationView.do?newsId=148868829
11545,,조정대상지역,2016-11-03,2023-01-05,VERIFIED,,https://www.korea.kr/special/policyCurationView.do?newsId=148868829
11560,,조정대상지역,2016-11-03,2023-01-05,VERIFIED,,https://www.korea.kr/special/policyCurationView.do?newsId=148868829
11590,,조정대상지역,2016-11-03,2023-01-05,VERIFIED,,https://www.korea.kr/special/policyCurationView.do?newsId=148868829
11620,,조정대상지역,2016-11-03,2023-01-05,VERIFIED,,https://www.korea.kr/special/policyCurationView.do?newsId=148868829
11650,,조정대상지역,2016-11-03,2023-01-05,VERIFIED,,https://www.korea.kr/special/policyCurationView.do?newsId=148868829
11680,,조정대상지역,2016-11-03,2023-01-05,VERIFIED,,https://www.korea.kr/special/policyCurationView.do?newsId=148868829
11710,,조정대상지역,2016-11-03,2023-01-05,VERIFIED,,https://www.korea.kr/special/policyCurationView.do?newsId=148868829
11740,,조정대상지역,2016-11-03,2023-01-05,VERIFIED,,https://www.korea.kr/special/policyCurationView.do?newsId=148868829
11680,,조정대상지역,2023-01-05,,VERIFIED,,https://xn--989a00af8jnslv3dba.com/wiki/조정대상지역
11650,,조정대상지역,2023-01-05,,VERIFIED,,https://xn--989a00af8jnslv3dba.com/wiki/조정대상지역
11710,,조정대상지역,2023-01-05,,VERIFIED,,https://xn--989a00af8jnslv3dba.com/wiki/조정대상지역
11170,,조정대상지역,2023-01-05,,VERIFIED,,https://xn--989a00af8jnslv3dba.com/wiki/조정대상지역
11110,,조정대상지역,2025-10-16,,VERIFIED,,https://www.molit.go.kr/USR/NEWS/m_71/dtl.jsp?id=95091308
11140,,조정대상지역,2025-10-16,,VERIFIED,,https://www.molit.go.kr/USR/NEWS/m_71/dtl.jsp?id=95091308
11170,,조정대상지역,2025-10-16,,VERIFIED,,https://www.molit.go.kr/USR/NEWS/m_71/dtl.jsp?id=95091308
11200,,조정대상지역,2025-10-16,,VERIFIED,,https://www.molit.go.kr/USR/NEWS/m_71/dtl.jsp?id=95091308
11215,,조정대상지역,2025-10-16,,VERIFIED,,https://www.molit.go.kr/USR/NEWS/m_71/dtl.jsp?id=95091308
11230,,조정대상지역,2025-10-16,,VERIFIED,,https://www.molit.go.kr/USR/NEWS/m_71/dtl.jsp?id=95091308
11260,,조정대상지역,2025-10-16,,VERIFIED,,https://www.molit.go.kr/USR/NEWS/m_71/dtl.jsp?id=95091308
11290,,조정대상지역,2025-10-16,,VERIFIED,,https://www.molit.go.kr/USR/NEWS/m_71/dtl.jsp?id=95091308
11305,,조정대상지역,2025-10-16,,VERIFIED,,https://www.molit.go.kr/USR/NEWS/m_71/dtl.jsp?id=95091308
11320,,조정대상지역,2025-10-16,,VERIFIED,,https://www.molit.go.kr/USR/NEWS/m_71/dtl.jsp?id=95091308
11350,,조정대상지역,2025-10-16,,VERIFIED,,https://www.molit.go.kr/USR/NEWS/m_71/dtl.jsp?id=95091308
11380,,조정대상지역,2025-10-16,,VERIFIED,,https://www.molit.go.kr/USR/NEWS/m_71/dtl.jsp?id=95091308
11410,,조정대상지역,2025-10-16,,VERIFIED,,https://www.molit.go.kr/USR/NEWS/m_71/dtl.jsp?id=95091308
11440,,조정대상지역,2025-10-16,,VERIFIED,,https://www.molit.go.kr/USR/NEWS/m_71/dtl.jsp?id=95091308
11470,,조정대상지역,2025-10-16,,VERIFIED,,https://www.molit.go.kr/USR/NEWS/m_71/dtl.jsp?id=95091308
11500,,조정대상지역,2025-10-16,,VERIFIED,,https://www.molit.go.kr/USR/NEWS/m_71/dtl.jsp?id=95091308
11530,,조정대상지역,2025-10-16,,VERIFIED,,https://www.molit.go.kr/USR/NEWS/m_71/dtl.jsp?id=95091308
11545,,조정대상지역,2025-10-16,,VERIFIED,,https://www.molit.go.kr/USR/NEWS/m_71/dtl.jsp?id=95091308
11560,,조정대상지역,2025-10-16,,VERIFIED,,https://www.molit.go.kr/USR/NEWS/m_71/dtl.jsp?id=95091308
11590,,조정대상지역,2025-10-16,,VERIFIED,,https://www.molit.go.kr/USR/NEWS/m_71/dtl.jsp?id=95091308
11620,,조정대상지역,2025-10-16,,VERIFIED,,https://www.molit.go.kr/USR/NEWS/m_71/dtl.jsp?id=95091308
11650,,조정대상지역,2025-10-16,,VERIFIED,,https://www.molit.go.kr/USR/NEWS/m_71/dtl.jsp?id=95091308
11680,,조정대상지역,2025-10-16,,VERIFIED,,https://www.molit.go.kr/USR/NEWS/m_71/dtl.jsp?id=95091308
11710,,조정대상지역,2025-10-16,,VERIFIED,,https://www.molit.go.kr/USR/NEWS/m_71/dtl.jsp?id=95091308
11740,,조정대상지역,2025-10-16,,VERIFIED,,https://www.molit.go.kr/USR/NEWS/m_71/dtl.jsp?id=95091308
41290,,조정대상지역,2016-11-03,2025-10-16,VERIFIED,,https://www.korea.kr/special/policyCurationView.do?newsId=148868829
41290,,조정대상지역,2025-10-16,,VERIFIED,,https://www.molit.go.kr/USR/NEWS/m_71/dtl.jsp?id=95091308
41131,,조정대상지역,2016-11-03,2023-01-05,VERIFIED,,https://www.korea.kr/special/policyCurationView.do?newsId=148868829
41133,,조정대상지역,2016-11-03,2023-01-05,VERIFIED,,https://www.korea.kr/special/policyCurationView.do?newsId=148868829
41135,,조정대상지역,2016-11-03,2023-01-05,VERIFIED,,https://www.korea.kr/special/policyCurationView.do?newsId=148868829
41131,,조정대상지역,2025-10-16,,VERIFIED,,https://www.molit.go.kr/USR/NEWS/m_71/dtl.jsp?id=95091308
41133,,조정대상지역,2025-10-16,,VERIFIED,,https://www.molit.go.kr/USR/NEWS/m_71/dtl.jsp?id=95091308
41135,,조정대상지역,2025-10-16,,VERIFIED,,https://www.molit.go.kr/USR/NEWS/m_71/dtl.jsp?id=95091308
41450,,조정대상지역,2016-11-03,2023-01-05,VERIFIED,,https://www.korea.kr/special/policyCurationView.do?newsId=148868829
41450,,조정대상지역,2025-10-16,,VERIFIED,,https://www.molit.go.kr/USR/NEWS/m_71/dtl.jsp?id=95091308
41281,,조정대상지역,2016-11-03,2019-11-08,VERIFIED,,https://xn--989a00af8jnslv3dba.com/wiki/조정대상지역
41285,,조정대상지역,2016-11-03,2019-11-08,VERIFIED,,https://xn--989a00af8jnslv3dba.com/wiki/조정대상지역
41287,,조정대상지역,2016-11-03,2019-11-08,VERIFIED,,https://xn--989a00af8jnslv3dba.com/wiki/조정대상지역
41281,삼송동,조정대상지역,2019-11-08,2020-06-19,PROXY,,https://xn--989a00af8jnslv3dba.com/wiki/조정대상지역
41281,원흥동,조정대상지역,2019-11-08,2020-06-19,PROXY,,https://xn--989a00af8jnslv3dba.com/wiki/조정대상지역
41281,지축동,조정대상지역,2019-11-08,2020-06-19,PROXY,,https://xn--989a00af8jnslv3dba.com/wiki/조정대상지역
41281,향동동,조정대상지역,2019-11-08,2020-06-19,PROXY,,https://xn--989a00af8jnslv3dba.com/wiki/조정대상지역
41281,덕은동,조정대상지역,2019-11-08,2020-06-19,PROXY,,https://xn--989a00af8jnslv3dba.com/wiki/조정대상지역
41281,대화동,조정대상지역,2019-11-08,2020-06-19,PROXY,,https://xn--989a00af8jnslv3dba.com/wiki/조정대상지역
41281,장항동,조정대상지역,2019-11-08,2020-06-19,PROXY,,https://xn--989a00af8jnslv3dba.com/wiki/조정대상지역
41285,삼송동,조정대상지역,2019-11-08,2020-06-19,PROXY,,https://xn--989a00af8jnslv3dba.com/wiki/조정대상지역
41285,원흥동,조정대상지역,2019-11-08,2020-06-19,PROXY,,https://xn--989a00af8jnslv3dba.com/wiki/조정대상지역
41285,지축동,조정대상지역,2019-11-08,2020-06-19,PROXY,,https://xn--989a00af8jnslv3dba.com/wiki/조정대상지역
41285,향동동,조정대상지역,2019-11-08,2020-06-19,PROXY,,https://xn--989a00af8jnslv3dba.com/wiki/조정대상지역
41285,덕은동,조정대상지역,2019-11-08,2020-06-19,PROXY,,https://xn--989a00af8jnslv3dba.com/wiki/조정대상지역
41285,대화동,조정대상지역,2019-11-08,2020-06-19,PROXY,,https://xn--989a00af8jnslv3dba.com/wiki/조정대상지역
41285,장항동,조정대상지역,2019-11-08,2020-06-19,PROXY,,https://xn--989a00af8jnslv3dba.com/wiki/조정대상지역
41287,삼송동,조정대상지역,2019-11-08,2020-06-19,PROXY,,https://xn--989a00af8jnslv3dba.com/wiki/조정대상지역
41287,원흥동,조정대상지역,2019-11-08,2020-06-19,PROXY,,https://xn--989a00af8jnslv3dba.com/wiki/조정대상지역
41287,지축동,조정대상지역,2019-11-08,2020-06-19,PROXY,,https://xn--989a00af8jnslv3dba.com/wiki/조정대상지역
41287,향동동,조정대상지역,2019-11-08,2020-06-19,PROXY,,https://xn--989a00af8jnslv3dba.com/wiki/조정대상지역
41287,덕은동,조정대상지역,2019-11-08,2020-06-19,PROXY,,https://xn--989a00af8jnslv3dba.com/wiki/조정대상지역
41287,대화동,조정대상지역,2019-11-08,2020-06-19,PROXY,,https://xn--989a00af8jnslv3dba.com/wiki/조정대상지역
41287,장항동,조정대상지역,2019-11-08,2020-06-19,PROXY,,https://xn--989a00af8jnslv3dba.com/wiki/조정대상지역
41281,,조정대상지역,2020-06-19,2022-11-14,VERIFIED,,https://www.korea.kr/special/policyCurationView.do?newsId=148868829
41285,,조정대상지역,2020-06-19,2022-11-14,VERIFIED,,https://www.korea.kr/special/policyCurationView.do?newsId=148868829
41287,,조정대상지역,2020-06-19,2022-11-14,VERIFIED,,https://www.korea.kr/special/policyCurationView.do?newsId=148868829
41360,,조정대상지역,2016-11-03,2019-11-08,VERIFIED,,https://xn--989a00af8jnslv3dba.com/wiki/조정대상지역
41360,다산동,조정대상지역,2019-11-08,2020-06-19,VERIFIED,,https://xn--989a00af8jnslv3dba.com/wiki/조정대상지역
41360,별내동,조정대상지역,2019-11-08,2020-06-19,VERIFIED,,https://xn--989a00af8jnslv3dba.com/wiki/조정대상지역
41360,,조정대상지역,2020-06-19,2022-11-14,VERIFIED,화도읍|수동면|조안면,https://www.korea.kr/special/policyCurationView.do?newsId=148868829
41591,청계동,조정대상지역,2016-11-03,2020-06-19,PROXY,,https://www.korea.kr/special/policyCurationView.do?newsId=148868829
41591,영천동,조정대상지역,2016-11-03,2020-06-19,PROXY,,https://www.korea.kr/special/policyCurationView.do?newsId=148868829
41591,오산동,조정대상지역,2016-11-03,2020-06-19,PROXY,,https://www.korea.kr/special/policyCurationView.do?newsId=148868829
41591,신동,조정대상지역,2016-11-03,2020-06-19,PROXY,,https://www.korea.kr/special/policyCurationView.do?newsId=148868829
41591,중동,조정대상지역,2016-11-03,2020-06-19,PROXY,,https://www.korea.kr/special/policyCurationView.do?newsId=148868829
41591,목동,조정대상지역,2016-11-03,2020-06-19,PROXY,,https://www.korea.kr/special/policyCurationView.do?newsId=148868829
41591,산척동,조정대상지역,2016-11-03,2020-06-19,PROXY,,https://www.korea.kr/special/policyCurationView.do?newsId=148868829
41591,장지동,조정대상지역,2016-11-03,2020-06-19,PROXY,,https://www.korea.kr/special/policyCurationView.do?newsId=148868829
41591,송동,조정대상지역,2016-11-03,2020-06-19,PROXY,,https://www.korea.kr/special/policyCurationView.do?newsId=148868829
41591,방교동,조정대상지역,2016-11-03,2020-06-19,PROXY,,https://www.korea.kr/special/policyCurationView.do?newsId=148868829
41591,금곡동,조정대상지역,2016-11-03,2020-06-19,PROXY,,https://www.korea.kr/special/policyCurationView.do?newsId=148868829
41593,청계동,조정대상지역,2016-11-03,2020-06-19,PROXY,,https://www.korea.kr/special/policyCurationView.do?newsId=148868829
41593,영천동,조정대상지역,2016-11-03,2020-06-19,PROXY,,https://www.korea.kr/special/policyCurationView.do?newsId=148868829
41593,오산동,조정대상지역,2016-11-03,2020-06-19,PROXY,,https://www.korea.kr/special/policyCurationView.do?newsId=148868829
41593,신동,조정대상지역,2016-11-03,2020-06-19,PROXY,,https://www.korea.kr/special/policyCurationView.do?newsId=148868829
41593,중동,조정대상지역,2016-11-03,2020-06-19,PROXY,,https://www.korea.kr/special/policyCurationView.do?newsId=148868829
41593,목동,조정대상지역,2016-11-03,2020-06-19,PROXY,,https://www.korea.kr/special/policyCurationView.do?newsId=148868829
41593,산척동,조정대상지역,2016-11-03,2020-06-19,PROXY,,https://www.korea.kr/special/policyCurationView.do?newsId=148868829
41593,장지동,조정대상지역,2016-11-03,2020-06-19,PROXY,,https://www.korea.kr/special/policyCurationView.do?newsId=148868829
41593,송동,조정대상지역,2016-11-03,2020-06-19,PROXY,,https://www.korea.kr/special/policyCurationView.do?newsId=148868829
41593,방교동,조정대상지역,2016-11-03,2020-06-19,PROXY,,https://www.korea.kr/special/policyCurationView.do?newsId=148868829
41593,금곡동,조정대상지역,2016-11-03,2020-06-19,PROXY,,https://www.korea.kr/special/policyCurationView.do?newsId=148868829
41595,청계동,조정대상지역,2016-11-03,2020-06-19,PROXY,,https://www.korea.kr/special/policyCurationView.do?newsId=148868829
41595,영천동,조정대상지역,2016-11-03,2020-06-19,PROXY,,https://www.korea.kr/special/policyCurationView.do?newsId=148868829
41595,오산동,조정대상지역,2016-11-03,2020-06-19,PROXY,,https://www.korea.kr/special/policyCurationView.do?newsId=148868829
41595,신동,조정대상지역,2016-11-03,2020-06-19,PROXY,,https://www.korea.kr/special/policyCurationView.do?newsId=148868829
41595,중동,조정대상지역,2016-11-03,2020-06-19,PROXY,,https://www.korea.kr/special/policyCurationView.do?newsId=148868829
41595,목동,조정대상지역,2016-11-03,2020-06-19,PROXY,,https://www.korea.kr/special/policyCurationView.do?newsId=148868829
41595,산척동,조정대상지역,2016-11-03,2020-06-19,PROXY,,https://www.korea.kr/special/policyCurationView.do?newsId=148868829
41595,장지동,조정대상지역,2016-11-03,2020-06-19,PROXY,,https://www.korea.kr/special/policyCurationView.do?newsId=148868829
41595,송동,조정대상지역,2016-11-03,2020-06-19,PROXY,,https://www.korea.kr/special/policyCurationView.do?newsId=148868829
41595,방교동,조정대상지역,2016-11-03,2020-06-19,PROXY,,https://www.korea.kr/special/policyCurationView.do?newsId=148868829
41595,금곡동,조정대상지역,2016-11-03,2020-06-19,PROXY,,https://www.korea.kr/special/policyCurationView.do?newsId=148868829
41597,청계동,조정대상지역,2016-11-03,2020-06-19,PROXY,,https://www.korea.kr/special/policyCurationView.do?newsId=148868829
41597,영천동,조정대상지역,2016-11-03,2020-06-19,PROXY,,https://www.korea.kr/special/policyCurationView.do?newsId=148868829
41597,오산동,조정대상지역,2016-11-03,2020-06-19,PROXY,,https://www.korea.kr/special/policyCurationView.do?newsId=148868829
41597,신동,조정대상지역,2016-11-03,2020-06-19,PROXY,,https://www.korea.kr/special/policyCurationView.do?newsId=148868829
41597,중동,조정대상지역,2016-11-03,2020-06-19,PROXY,,https://www.korea.kr/special/policyCurationView.do?newsId=148868829
41597,목동,조정대상지역,2016-11-03,2020-06-19,PROXY,,https://www.korea.kr/special/policyCurationView.do?newsId=148868829
41597,산척동,조정대상지역,2016-11-03,2020-06-19,PROXY,,https://www.korea.kr/special/policyCurationView.do?newsId=148868829
41597,장지동,조정대상지역,2016-11-03,2020-06-19,PROXY,,https://www.korea.kr/special/policyCurationView.do?newsId=148868829
41597,송동,조정대상지역,2016-11-03,2020-06-19,PROXY,,https://www.korea.kr/special/policyCurationView.do?newsId=148868829
41597,방교동,조정대상지역,2016-11-03,2020-06-19,PROXY,,https://www.korea.kr/special/policyCurationView.do?newsId=148868829
41597,금곡동,조정대상지역,2016-11-03,2020-06-19,PROXY,,https://www.korea.kr/special/policyCurationView.do?newsId=148868829
41590,청계동,조정대상지역,2016-11-03,2020-06-19,PROXY,,https://www.korea.kr/special/policyCurationView.do?newsId=148868829
41590,영천동,조정대상지역,2016-11-03,2020-06-19,PROXY,,https://www.korea.kr/special/policyCurationView.do?newsId=148868829
41590,오산동,조정대상지역,2016-11-03,2020-06-19,PROXY,,https://www.korea.kr/special/policyCurationView.do?newsId=148868829
41590,신동,조정대상지역,2016-11-03,2020-06-19,PROXY,,https://www.korea.kr/special/policyCurationView.do?newsId=148868829
41590,중동,조정대상지역,2016-11-03,2020-06-19,PROXY,,https://www.korea.kr/special/policyCurationView.do?newsId=148868829
41590,목동,조정대상지역,2016-11-03,2020-06-19,PROXY,,https://www.korea.kr/special/policyCurationView.do?newsId=148868829
41590,산척동,조정대상지역,2016-11-03,2020-06-19,PROXY,,https://www.korea.kr/special/policyCurationView.do?newsId=148868829
41590,장지동,조정대상지역,2016-11-03,2020-06-19,PROXY,,https://www.korea.kr/special/policyCurationView.do?newsId=148868829
41590,송동,조정대상지역,2016-11-03,2020-06-19,PROXY,,https://www.korea.kr/special/policyCurationView.do?newsId=148868829
41590,방교동,조정대상지역,2016-11-03,2020-06-19,PROXY,,https://www.korea.kr/special/policyCurationView.do?newsId=148868829
41590,금곡동,조정대상지역,2016-11-03,2020-06-19,PROXY,,https://www.korea.kr/special/policyCurationView.do?newsId=148868829
41591,,조정대상지역,2020-06-19,2022-11-14,VERIFIED,,https://www.korea.kr/special/policyCurationView.do?newsId=148868829
41593,,조정대상지역,2020-06-19,2022-11-14,VERIFIED,,https://www.korea.kr/special/policyCurationView.do?newsId=148868829
41595,,조정대상지역,2020-06-19,2022-11-14,VERIFIED,,https://www.korea.kr/special/policyCurationView.do?newsId=148868829
41597,,조정대상지역,2020-06-19,2022-11-14,VERIFIED,,https://www.korea.kr/special/policyCurationView.do?newsId=148868829
41590,,조정대상지역,2020-06-19,2022-11-14,VERIFIED,,https://www.korea.kr/special/policyCurationView.do?newsId=148868829
41210,,조정대상지역,2017-06-19,2023-01-05,VERIFIED,,https://www.korea.kr/special/policyCurationView.do?newsId=148868829
41210,,조정대상지역,2025-10-16,,VERIFIED,,https://www.molit.go.kr/USR/NEWS/m_71/dtl.jsp?id=95091308
41310,,조정대상지역,2018-08-28,2022-11-14,VERIFIED,,https://www.korea.kr/special/policyCurationView.do?newsId=148868829
41173,,조정대상지역,2018-08-28,2022-11-14,VERIFIED,,https://www.korea.kr/special/policyCurationView.do?newsId=148868829
41173,,조정대상지역,2025-10-16,,VERIFIED,,https://www.molit.go.kr/USR/NEWS/m_71/dtl.jsp?id=95091308
41117,이의동,조정대상지역,2018-08-28,2020-02-21,PROXY,,https://www.korea.kr/special/policyCurationView.do?newsId=148868829
41117,원천동,조정대상지역,2018-08-28,2020-02-21,PROXY,,https://www.korea.kr/special/policyCurationView.do?newsId=148868829
41117,하동,조정대상지역,2018-08-28,2020-02-21,PROXY,,https://www.korea.kr/special/policyCurationView.do?newsId=148868829
41117,매탄동,조정대상지역,2018-08-28,2020-02-21,PROXY,,https://www.korea.kr/special/policyCurationView.do?newsId=148868829
41115,,조정대상지역,2018-12-31,2022-11-14,VERIFIED,,https://www.korea.kr/special/policyCurationView.do?newsId=148868829
41117,,조정대상지역,2020-02-21,2022-11-14,VERIFIED,,https://www.korea.kr/special/policyCurationView.do?newsId=148868829
41113,,조정대상지역,2020-02-21,2022-11-14,VERIFIED,,https://www.korea.kr/special/policyCurationView.do?newsId=148868829
41111,,조정대상지역,2020-02-21,2022-11-14,VERIFIED,,https://www.korea.kr/special/policyCurationView.do?newsId=148868829
41171,,조정대상지역,2020-02-21,2022-11-14,VERIFIED,,https://www.korea.kr/special/policyCurationView.do?newsId=148868829
41430,,조정대상지역,2020-02-21,2022-11-14,VERIFIED,,https://www.korea.kr/special/policyCurationView.do?newsId=148868829
41430,,조정대상지역,2025-10-16,,VERIFIED,,https://www.molit.go.kr/USR/NEWS/m_71/dtl.jsp?id=95091308
41117,,조정대상지역,2025-10-16,,VERIFIED,,https://www.molit.go.kr/USR/NEWS/m_71/dtl.jsp?id=95091308
41111,,조정대상지역,2025-10-16,,VERIFIED,,https://www.molit.go.kr/USR/NEWS/m_71/dtl.jsp?id=95091308
41115,,조정대상지역,2025-10-16,,VERIFIED,,https://www.molit.go.kr/USR/NEWS/m_71/dtl.jsp?id=95091308
41465,,조정대상지역,2018-12-31,2022-11-14,VERIFIED,,https://www.korea.kr/special/policyCurationView.do?newsId=148868829
41465,,조정대상지역,2025-10-16,,VERIFIED,,https://www.molit.go.kr/USR/NEWS/m_71/dtl.jsp?id=95091308
41463,,조정대상지역,2018-12-31,2022-11-14,VERIFIED,,https://www.korea.kr/special/policyCurationView.do?newsId=148868829
41461,,조정대상지역,2020-06-19,2022-11-14,VERIFIED,포곡읍|모현읍|백암면|양지면|원삼면,https://www.korea.kr/special/policyCurationView.do?newsId=148868829
41192,,조정대상지역,2020-06-19,2022-11-14,VERIFIED,,https://www.korea.kr/special/policyCurationView.do?newsId=148868829
41194,,조정대상지역,2020-06-19,2022-11-14,VERIFIED,,https://www.korea.kr/special/policyCurationView.do?newsId=148868829
41196,,조정대상지역,2020-06-19,2022-11-14,VERIFIED,,https://www.korea.kr/special/policyCurationView.do?newsId=148868829
41190,,조정대상지역,2020-06-19,2022-11-14,VERIFIED,,https://www.korea.kr/special/policyCurationView.do?newsId=148868829
41271,,조정대상지역,2020-06-19,2022-11-14,VERIFIED,,https://www.korea.kr/special/policyCurationView.do?newsId=148868829
41273,,조정대상지역,2020-06-19,2022-11-14,VERIFIED,,https://www.korea.kr/special/policyCurationView.do?newsId=148868829
41390,,조정대상지역,2020-06-19,2022-11-14,VERIFIED,,https://www.korea.kr/special/policyCurationView.do?newsId=148868829
41410,,조정대상지역,2020-06-19,2022-11-14,VERIFIED,,https://www.korea.kr/special/policyCurationView.do?newsId=148868829
41370,,조정대상지역,2020-06-19,2022-11-14,VERIFIED,,https://www.korea.kr/special/policyCurationView.do?newsId=148868829
41220,,조정대상지역,2020-06-19,2022-09-26,VERIFIED,,https://xn--989a00af8jnslv3dba.com/wiki/조정대상지역
41610,,조정대상지역,2020-06-19,2022-11-14,VERIFIED,초월읍|곤지암읍|도척면|퇴촌면|남종면|남한산성면,https://www.korea.kr/special/policyCurationView.do?newsId=148868829
41630,,조정대상지역,2020-06-19,2022-09-26,VERIFIED,백석읍|남면|광적면|은현면,https://xn--989a00af8jnslv3dba.com/wiki/조정대상지역
41150,,조정대상지역,2020-06-19,2022-11-14,VERIFIED,,https://www.korea.kr/special/policyCurationView.do?newsId=148868829
41550,,조정대상지역,2020-06-19,2022-09-26,VERIFIED,일죽면|죽산면|삼죽면|미양면|대덕면|양성면|고삼면|보개면|서운면|금광면,https://xn--989a00af8jnslv3dba.com/wiki/조정대상지역
41570,,조정대상지역,2020-11-20,2022-11-14,VERIFIED,통진읍|월곶면|하성면|대곶면,https://xn--989a00af8jnslv3dba.com/wiki/조정대상지역
41480,,조정대상지역,2020-12-18,2022-09-26,VERIFIED,문산읍|파주읍|법원읍|조리읍|월롱면|탄현면|광탄면|파평면|적성면|군내면|장단면|진동면|진서면,https://xn--989a00af8jnslv3dba.com/wiki/조정대상지역
41250,,조정대상지역,2021-08-30,2022-09-26,VERIFIED,광암동|걸산동|안흥동|상봉암동|하봉암동|탑동동,https://xn--989a00af8jnslv3dba.com/wiki/조정대상지역
28110,,조정대상지역,2020-06-19,2022-11-14,VERIFIED,,https://www.korea.kr/special/policyCurationView.do?newsId=148868829
28140,,조정대상지역,2020-06-19,2022-11-14,VERIFIED,,https://www.korea.kr/special/policyCurationView.do?newsId=148868829
28177,,조정대상지역,2020-06-19,2022-11-14,VERIFIED,,https://www.korea.kr/special/policyCurationView.do?newsId=148868829
28185,,조정대상지역,2020-06-19,2022-11-14,VERIFIED,,https://www.korea.kr/special/policyCurationView.do?newsId=148868829
28200,,조정대상지역,2020-06-19,2022-11-14,VERIFIED,,https://www.korea.kr/special/policyCurationView.do?newsId=148868829
28237,,조정대상지역,2020-06-19,2022-11-14,VERIFIED,,https://www.korea.kr/special/policyCurationView.do?newsId=148868829
28245,,조정대상지역,2020-06-19,2022-11-14,VERIFIED,,https://www.korea.kr/special/policyCurationView.do?newsId=148868829
28260,,조정대상지역,2020-06-19,2022-11-14,VERIFIED,,https://www.korea.kr/special/policyCurationView.do?newsId=148868829
28710,,조정대상지역,2020-06-19,2022-11-14,VERIFIED,,https://www.korea.kr/special/policyCurationView.do?newsId=148868829
28720,,조정대상지역,2020-06-19,2022-11-14,VERIFIED,,https://www.korea.kr/special/policyCurationView.do?newsId=148868829
28125,,조정대상지역,2020-06-19,2022-11-14,VERIFIED,,https://www.korea.kr/special/policyCurationView.do?newsId=148868829
28155,,조정대상지역,2020-06-19,2022-11-14,VERIFIED,,https://www.korea.kr/special/policyCurationView.do?newsId=148868829
28275,,조정대상지역,2020-06-19,2022-11-14,VERIFIED,,https://www.korea.kr/special/policyCurationView.do?newsId=148868829
28290,,조정대상지역,2020-06-19,2022-11-14,VERIFIED,,https://www.korea.kr/special/policyCurationView.do?newsId=148868829
28110,,조정대상지역,2020-12-18,2022-11-14,VERIFIED,을왕동|남북동|덕교동|무의동,https://xn--989a00af8jnslv3dba.com/wiki/조정대상지역
11110,,투기과열지구,2017-08-03,2023-01-05,VERIFIED,,https://www.korea.kr/special/policyCurationView.do?newsId=148868829
11140,,투기과열지구,2017-08-03,2023-01-05,VERIFIED,,https://www.korea.kr/special/policyCurationView.do?newsId=148868829
11170,,투기과열지구,2017-08-03,2023-01-05,VERIFIED,,https://www.korea.kr/special/policyCurationView.do?newsId=148868829
11200,,투기과열지구,2017-08-03,2023-01-05,VERIFIED,,https://www.korea.kr/special/policyCurationView.do?newsId=148868829
11215,,투기과열지구,2017-08-03,2023-01-05,VERIFIED,,https://www.korea.kr/special/policyCurationView.do?newsId=148868829
11230,,투기과열지구,2017-08-03,2023-01-05,VERIFIED,,https://www.korea.kr/special/policyCurationView.do?newsId=148868829
11260,,투기과열지구,2017-08-03,2023-01-05,VERIFIED,,https://www.korea.kr/special/policyCurationView.do?newsId=148868829
11290,,투기과열지구,2017-08-03,2023-01-05,VERIFIED,,https://www.korea.kr/special/policyCurationView.do?newsId=148868829
11305,,투기과열지구,2017-08-03,2023-01-05,VERIFIED,,https://www.korea.kr/special/policyCurationView.do?newsId=148868829
11320,,투기과열지구,2017-08-03,2023-01-05,VERIFIED,,https://www.korea.kr/special/policyCurationView.do?newsId=148868829
11350,,투기과열지구,2017-08-03,2023-01-05,VERIFIED,,https://www.korea.kr/special/policyCurationView.do?newsId=148868829
11380,,투기과열지구,2017-08-03,2023-01-05,VERIFIED,,https://www.korea.kr/special/policyCurationView.do?newsId=148868829
11410,,투기과열지구,2017-08-03,2023-01-05,VERIFIED,,https://www.korea.kr/special/policyCurationView.do?newsId=148868829
11440,,투기과열지구,2017-08-03,2023-01-05,VERIFIED,,https://www.korea.kr/special/policyCurationView.do?newsId=148868829
11470,,투기과열지구,2017-08-03,2023-01-05,VERIFIED,,https://www.korea.kr/special/policyCurationView.do?newsId=148868829
11500,,투기과열지구,2017-08-03,2023-01-05,VERIFIED,,https://www.korea.kr/special/policyCurationView.do?newsId=148868829
11530,,투기과열지구,2017-08-03,2023-01-05,VERIFIED,,https://www.korea.kr/special/policyCurationView.do?newsId=148868829
11545,,투기과열지구,2017-08-03,2023-01-05,VERIFIED,,https://www.korea.kr/special/policyCurationView.do?newsId=148868829
11560,,투기과열지구,2017-08-03,2023-01-05,VERIFIED,,https://www.korea.kr/special/policyCurationView.do?newsId=148868829
11590,,투기과열지구,2017-08-03,2023-01-05,VERIFIED,,https://www.korea.kr/special/policyCurationView.do?newsId=148868829
11620,,투기과열지구,2017-08-03,2023-01-05,VERIFIED,,https://www.korea.kr/special/policyCurationView.do?newsId=148868829
11650,,투기과열지구,2017-08-03,2023-01-05,VERIFIED,,https://www.korea.kr/special/policyCurationView.do?newsId=148868829
11680,,투기과열지구,2017-08-03,2023-01-05,VERIFIED,,https://www.korea.kr/special/policyCurationView.do?newsId=148868829
11710,,투기과열지구,2017-08-03,2023-01-05,VERIFIED,,https://www.korea.kr/special/policyCurationView.do?newsId=148868829
11740,,투기과열지구,2017-08-03,2023-01-05,VERIFIED,,https://www.korea.kr/special/policyCurationView.do?newsId=148868829
11680,,투기과열지구,2023-01-05,,VERIFIED,,https://xn--989a00af8jnslv3dba.com/wiki/투기과열지구
11650,,투기과열지구,2023-01-05,,VERIFIED,,https://xn--989a00af8jnslv3dba.com/wiki/투기과열지구
11710,,투기과열지구,2023-01-05,,VERIFIED,,https://xn--989a00af8jnslv3dba.com/wiki/투기과열지구
11170,,투기과열지구,2023-01-05,,VERIFIED,,https://xn--989a00af8jnslv3dba.com/wiki/투기과열지구
11110,,투기과열지구,2025-10-16,,VERIFIED,,https://www.molit.go.kr/USR/NEWS/m_71/dtl.jsp?id=95091308
11140,,투기과열지구,2025-10-16,,VERIFIED,,https://www.molit.go.kr/USR/NEWS/m_71/dtl.jsp?id=95091308
11170,,투기과열지구,2025-10-16,,VERIFIED,,https://www.molit.go.kr/USR/NEWS/m_71/dtl.jsp?id=95091308
11200,,투기과열지구,2025-10-16,,VERIFIED,,https://www.molit.go.kr/USR/NEWS/m_71/dtl.jsp?id=95091308
11215,,투기과열지구,2025-10-16,,VERIFIED,,https://www.molit.go.kr/USR/NEWS/m_71/dtl.jsp?id=95091308
11230,,투기과열지구,2025-10-16,,VERIFIED,,https://www.molit.go.kr/USR/NEWS/m_71/dtl.jsp?id=95091308
11260,,투기과열지구,2025-10-16,,VERIFIED,,https://www.molit.go.kr/USR/NEWS/m_71/dtl.jsp?id=95091308
11290,,투기과열지구,2025-10-16,,VERIFIED,,https://www.molit.go.kr/USR/NEWS/m_71/dtl.jsp?id=95091308
11305,,투기과열지구,2025-10-16,,VERIFIED,,https://www.molit.go.kr/USR/NEWS/m_71/dtl.jsp?id=95091308
11320,,투기과열지구,2025-10-16,,VERIFIED,,https://www.molit.go.kr/USR/NEWS/m_71/dtl.jsp?id=95091308
11350,,투기과열지구,2025-10-16,,VERIFIED,,https://www.molit.go.kr/USR/NEWS/m_71/dtl.jsp?id=95091308
11380,,투기과열지구,2025-10-16,,VERIFIED,,https://www.molit.go.kr/USR/NEWS/m_71/dtl.jsp?id=95091308
11410,,투기과열지구,2025-10-16,,VERIFIED,,https://www.molit.go.kr/USR/NEWS/m_71/dtl.jsp?id=95091308
11440,,투기과열지구,2025-10-16,,VERIFIED,,https://www.molit.go.kr/USR/NEWS/m_71/dtl.jsp?id=95091308
11470,,투기과열지구,2025-10-16,,VERIFIED,,https://www.molit.go.kr/USR/NEWS/m_71/dtl.jsp?id=95091308
11500,,투기과열지구,2025-10-16,,VERIFIED,,https://www.molit.go.kr/USR/NEWS/m_71/dtl.jsp?id=95091308
11530,,투기과열지구,2025-10-16,,VERIFIED,,https://www.molit.go.kr/USR/NEWS/m_71/dtl.jsp?id=95091308
11545,,투기과열지구,2025-10-16,,VERIFIED,,https://www.molit.go.kr/USR/NEWS/m_71/dtl.jsp?id=95091308
11560,,투기과열지구,2025-10-16,,VERIFIED,,https://www.molit.go.kr/USR/NEWS/m_71/dtl.jsp?id=95091308
11590,,투기과열지구,2025-10-16,,VERIFIED,,https://www.molit.go.kr/USR/NEWS/m_71/dtl.jsp?id=95091308
11620,,투기과열지구,2025-10-16,,VERIFIED,,https://www.molit.go.kr/USR/NEWS/m_71/dtl.jsp?id=95091308
11650,,투기과열지구,2025-10-16,,VERIFIED,,https://www.molit.go.kr/USR/NEWS/m_71/dtl.jsp?id=95091308
11680,,투기과열지구,2025-10-16,,VERIFIED,,https://www.molit.go.kr/USR/NEWS/m_71/dtl.jsp?id=95091308
11710,,투기과열지구,2025-10-16,,VERIFIED,,https://www.molit.go.kr/USR/NEWS/m_71/dtl.jsp?id=95091308
11740,,투기과열지구,2025-10-16,,VERIFIED,,https://www.molit.go.kr/USR/NEWS/m_71/dtl.jsp?id=95091308
41290,,투기과열지구,2017-08-03,2023-01-05,VERIFIED,,https://www.korea.kr/special/policyCurationView.do?newsId=148868829
41290,,투기과열지구,2025-10-16,,VERIFIED,,https://www.molit.go.kr/USR/NEWS/m_71/dtl.jsp?id=95091308
41135,,투기과열지구,2017-09-06,2023-01-05,VERIFIED,,https://www.korea.kr/special/policyCurationView.do?newsId=148868829
41131,,투기과열지구,2020-06-19,2023-01-05,VERIFIED,,https://www.korea.kr/special/policyCurationView.do?newsId=148868829
41131,,투기과열지구,2025-10-16,,VERIFIED,,https://www.molit.go.kr/USR/NEWS/m_71/dtl.jsp?id=95091308
41133,,투기과열지구,2025-10-16,,VERIFIED,,https://www.molit.go.kr/USR/NEWS/m_71/dtl.jsp?id=95091308
41135,,투기과열지구,2025-10-16,,VERIFIED,,https://www.molit.go.kr/USR/NEWS/m_71/dtl.jsp?id=95091308
41210,,투기과열지구,2018-08-28,2023-01-05,VERIFIED,,https://www.korea.kr/special/policyCurationView.do?newsId=148868829
41210,,투기과열지구,2025-10-16,,VERIFIED,,https://www.molit.go.kr/USR/NEWS/m_71/dtl.jsp?id=95091308
41450,,투기과열지구,2018-08-28,2023-01-05,VERIFIED,,https://www.korea.kr/special/policyCurationView.do?newsId=148868829
41450,,투기과열지구,2025-10-16,,VERIFIED,,https://www.molit.go.kr/USR/NEWS/m_71/dtl.jsp?id=95091308
41111,,투기과열지구,2020-06-19,2022-11-14,VERIFIED,,https://www.korea.kr/special/policyCurationView.do?newsId=148868829
41113,,투기과열지구,2020-06-19,2022-11-14,VERIFIED,,https://www.korea.kr/special/policyCurationView.do?newsId=148868829
41115,,투기과열지구,2020-06-19,2022-11-14,VERIFIED,,https://www.korea.kr/special/policyCurationView.do?newsId=148868829
41117,,투기과열지구,2020-06-19,2022-11-14,VERIFIED,,https://www.korea.kr/special/policyCurationView.do?newsId=148868829
41117,,투기과열지구,2025-10-16,,VERIFIED,,https://www.molit.go.kr/USR/NEWS/m_71/dtl.jsp?id=95091308
41111,,투기과열지구,2025-10-16,,VERIFIED,,https://www.molit.go.kr/USR/NEWS/m_71/dtl.jsp?id=95091308
41115,,투기과열지구,2025-10-16,,VERIFIED,,https://www.molit.go.kr/USR/NEWS/m_71/dtl.jsp?id=95091308
41171,,투기과열지구,2020-06-19,2022-11-14,VERIFIED,,https://www.korea.kr/special/policyCurationView.do?newsId=148868829
41173,,투기과열지구,2020-06-19,2022-11-14,VERIFIED,,https://www.korea.kr/special/policyCurationView.do?newsId=148868829
41173,,투기과열지구,2025-10-16,,VERIFIED,,https://www.molit.go.kr/USR/NEWS/m_71/dtl.jsp?id=95091308
41273,,투기과열지구,2020-06-19,2022-11-14,VERIFIED,대부동동|대부남동|대부북동|선감동|풍도동,https://xn--989a00af8jnslv3dba.com/wiki/투기과열지구
41310,,투기과열지구,2020-06-19,2022-11-14,VERIFIED,,https://www.korea.kr/special/policyCurationView.do?newsId=148868829
41410,,투기과열지구,2020-06-19,2022-11-14,VERIFIED,,https://www.korea.kr/special/policyCurationView.do?newsId=148868829
41430,,투기과열지구,2020-06-19,2022-11-14,VERIFIED,,https://www.korea.kr/special/policyCurationView.do?newsId=148868829
41430,,투기과열지구,2025-10-16,,VERIFIED,,https://www.molit.go.kr/USR/NEWS/m_71/dtl.jsp?id=95091308
41465,,투기과열지구,2020-06-19,2022-11-14,VERIFIED,,https://www.korea.kr/special/policyCurationView.do?newsId=148868829
41465,,투기과열지구,2025-10-16,,VERIFIED,,https://www.molit.go.kr/USR/NEWS/m_71/dtl.jsp?id=95091308
41463,,투기과열지구,2020-06-19,2022-11-14,VERIFIED,,https://www.korea.kr/special/policyCurationView.do?newsId=148868829
41591,청계동,투기과열지구,2020-06-19,2022-11-14,PROXY,,https://www.korea.kr/special/policyCurationView.do?newsId=148868829
41591,영천동,투기과열지구,2020-06-19,2022-11-14,PROXY,,https://www.korea.kr/special/policyCurationView.do?newsId=148868829
41591,오산동,투기과열지구,2020-06-19,2022-11-14,PROXY,,https://www.korea.kr/special/policyCurationView.do?newsId=148868829
41591,신동,투기과열지구,2020-06-19,2022-11-14,PROXY,,https://www.korea.kr/special/policyCurationView.do?newsId=148868829
41591,중동,투기과열지구,2020-06-19,2022-11-14,PROXY,,https://www.korea.kr/special/policyCurationView.do?newsId=148868829
41591,목동,투기과열지구,2020-06-19,2022-11-14,PROXY,,https://www.korea.kr/special/policyCurationView.do?newsId=148868829
41591,산척동,투기과열지구,2020-06-19,2022-11-14,PROXY,,https://www.korea.kr/special/policyCurationView.do?newsId=148868829
41591,장지동,투기과열지구,2020-06-19,2022-11-14,PROXY,,https://www.korea.kr/special/policyCurationView.do?newsId=148868829
41591,송동,투기과열지구,2020-06-19,2022-11-14,PROXY,,https://www.korea.kr/special/policyCurationView.do?newsId=148868829
41591,방교동,투기과열지구,2020-06-19,2022-11-14,PROXY,,https://www.korea.kr/special/policyCurationView.do?newsId=148868829
41591,금곡동,투기과열지구,2020-06-19,2022-11-14,PROXY,,https://www.korea.kr/special/policyCurationView.do?newsId=148868829
41593,청계동,투기과열지구,2020-06-19,2022-11-14,PROXY,,https://www.korea.kr/special/policyCurationView.do?newsId=148868829
41593,영천동,투기과열지구,2020-06-19,2022-11-14,PROXY,,https://www.korea.kr/special/policyCurationView.do?newsId=148868829
41593,오산동,투기과열지구,2020-06-19,2022-11-14,PROXY,,https://www.korea.kr/special/policyCurationView.do?newsId=148868829
41593,신동,투기과열지구,2020-06-19,2022-11-14,PROXY,,https://www.korea.kr/special/policyCurationView.do?newsId=148868829
41593,중동,투기과열지구,2020-06-19,2022-11-14,PROXY,,https://www.korea.kr/special/policyCurationView.do?newsId=148868829
41593,목동,투기과열지구,2020-06-19,2022-11-14,PROXY,,https://www.korea.kr/special/policyCurationView.do?newsId=148868829
41593,산척동,투기과열지구,2020-06-19,2022-11-14,PROXY,,https://www.korea.kr/special/policyCurationView.do?newsId=148868829
41593,장지동,투기과열지구,2020-06-19,2022-11-14,PROXY,,https://www.korea.kr/special/policyCurationView.do?newsId=148868829
41593,송동,투기과열지구,2020-06-19,2022-11-14,PROXY,,https://www.korea.kr/special/policyCurationView.do?newsId=148868829
41593,방교동,투기과열지구,2020-06-19,2022-11-14,PROXY,,https://www.korea.kr/special/policyCurationView.do?newsId=148868829
41593,금곡동,투기과열지구,2020-06-19,2022-11-14,PROXY,,https://www.korea.kr/special/policyCurationView.do?newsId=148868829
41595,청계동,투기과열지구,2020-06-19,2022-11-14,PROXY,,https://www.korea.kr/special/policyCurationView.do?newsId=148868829
41595,영천동,투기과열지구,2020-06-19,2022-11-14,PROXY,,https://www.korea.kr/special/policyCurationView.do?newsId=148868829
41595,오산동,투기과열지구,2020-06-19,2022-11-14,PROXY,,https://www.korea.kr/special/policyCurationView.do?newsId=148868829
41595,신동,투기과열지구,2020-06-19,2022-11-14,PROXY,,https://www.korea.kr/special/policyCurationView.do?newsId=148868829
41595,중동,투기과열지구,2020-06-19,2022-11-14,PROXY,,https://www.korea.kr/special/policyCurationView.do?newsId=148868829
41595,목동,투기과열지구,2020-06-19,2022-11-14,PROXY,,https://www.korea.kr/special/policyCurationView.do?newsId=148868829
41595,산척동,투기과열지구,2020-06-19,2022-11-14,PROXY,,https://www.korea.kr/special/policyCurationView.do?newsId=148868829
41595,장지동,투기과열지구,2020-06-19,2022-11-14,PROXY,,https://www.korea.kr/special/policyCurationView.do?newsId=148868829
41595,송동,투기과열지구,2020-06-19,2022-11-14,PROXY,,https://www.korea.kr/special/policyCurationView.do?newsId=148868829
41595,방교동,투기과열지구,2020-06-19,2022-11-14,PROXY,,https://www.korea.kr/special/policyCurationView.do?newsId=148868829
41595,금곡동,투기과열지구,2020-06-19,2022-11-14,PROXY,,https://www.korea.kr/special/policyCurationView.do?newsId=148868829
41597,청계동,투기과열지구,2020-06-19,2022-11-14,PROXY,,https://www.korea.kr/special/policyCurationView.do?newsId=148868829
41597,영천동,투기과열지구,2020-06-19,2022-11-14,PROXY,,https://www.korea.kr/special/policyCurationView.do?newsId=148868829
41597,오산동,투기과열지구,2020-06-19,2022-11-14,PROXY,,https://www.korea.kr/special/policyCurationView.do?newsId=148868829
41597,신동,투기과열지구,2020-06-19,2022-11-14,PROXY,,https://www.korea.kr/special/policyCurationView.do?newsId=148868829
41597,중동,투기과열지구,2020-06-19,2022-11-14,PROXY,,https://www.korea.kr/special/policyCurationView.do?newsId=148868829
41597,목동,투기과열지구,2020-06-19,2022-11-14,PROXY,,https://www.korea.kr/special/policyCurationView.do?newsId=148868829
41597,산척동,투기과열지구,2020-06-19,2022-11-14,PROXY,,https://www.korea.kr/special/policyCurationView.do?newsId=148868829
41597,장지동,투기과열지구,2020-06-19,2022-11-14,PROXY,,https://www.korea.kr/special/policyCurationView.do?newsId=148868829
41597,송동,투기과열지구,2020-06-19,2022-11-14,PROXY,,https://www.korea.kr/special/policyCurationView.do?newsId=148868829
41597,방교동,투기과열지구,2020-06-19,2022-11-14,PROXY,,https://www.korea.kr/special/policyCurationView.do?newsId=148868829
41597,금곡동,투기과열지구,2020-06-19,2022-11-14,PROXY,,https://www.korea.kr/special/policyCurationView.do?newsId=148868829
41590,청계동,투기과열지구,2020-06-19,2022-11-14,PROXY,,https://www.korea.kr/special/policyCurationView.do?newsId=148868829
41590,영천동,투기과열지구,2020-06-19,2022-11-14,PROXY,,https://www.korea.kr/special/policyCurationView.do?newsId=148868829
41590,오산동,투기과열지구,2020-06-19,2022-11-14,PROXY,,https://www.korea.kr/special/policyCurationView.do?newsId=148868829
41590,신동,투기과열지구,2020-06-19,2022-11-14,PROXY,,https://www.korea.kr/special/policyCurationView.do?newsId=148868829
41590,중동,투기과열지구,2020-06-19,2022-11-14,PROXY,,https://www.korea.kr/special/policyCurationView.do?newsId=148868829
41590,목동,투기과열지구,2020-06-19,2022-11-14,PROXY,,https://www.korea.kr/special/policyCurationView.do?newsId=148868829
41590,산척동,투기과열지구,2020-06-19,2022-11-14,PROXY,,https://www.korea.kr/special/policyCurationView.do?newsId=148868829
41590,장지동,투기과열지구,2020-06-19,2022-11-14,PROXY,,https://www.korea.kr/special/policyCurationView.do?newsId=148868829
41590,송동,투기과열지구,2020-06-19,2022-11-14,PROXY,,https://www.korea.kr/special/policyCurationView.do?newsId=148868829
41590,방교동,투기과열지구,2020-06-19,2022-11-14,PROXY,,https://www.korea.kr/special/policyCurationView.do?newsId=148868829
41590,금곡동,투기과열지구,2020-06-19,2022-11-14,PROXY,,https://www.korea.kr/special/policyCurationView.do?newsId=148868829
28185,,투기과열지구,2020-06-19,2022-09-26,VERIFIED,,https://xn--989a00af8jnslv3dba.com/wiki/투기과열지구
28200,,투기과열지구,2020-06-19,2022-09-26,VERIFIED,,https://xn--989a00af8jnslv3dba.com/wiki/투기과열지구
28260,,투기과열지구,2020-06-19,2022-09-26,VERIFIED,,https://xn--989a00af8jnslv3dba.com/wiki/투기과열지구
11680,,투기지역,2017-08-03,,VERIFIED,,https://www.korea.kr/special/policyCurationView.do?newsId=148868829
11650,,투기지역,2017-08-03,,VERIFIED,,https://www.korea.kr/special/policyCurationView.do?newsId=148868829
11710,,투기지역,2017-08-03,,VERIFIED,,https://www.korea.kr/special/policyCurationView.do?newsId=148868829
11740,,투기지역,2017-08-03,2023-01-05,VERIFIED,,https://www.korea.kr/special/policyCurationView.do?newsId=148868829
11170,,투기지역,2017-08-03,,VERIFIED,,https://www.korea.kr/special/policyCurationView.do?newsId=148868829
11200,,투기지역,2017-08-03,2023-01-05,VERIFIED,,https://www.korea.kr/special/policyCurationView.do?newsId=148868829
11350,,투기지역,2017-08-03,2023-01-05,VERIFIED,,https://www.korea.kr/special/policyCurationView.do?newsId=148868829
11440,,투기지역,2017-08-03,2023-01-05,VERIFIED,,https://www.korea.kr/special/policyCurationView.do?newsId=148868829
11470,,투기지역,2017-08-03,2023-01-05,VERIFIED,,https://www.korea.kr/special/policyCurationView.do?newsId=148868829
11560,,투기지역,2017-08-03,2023-01-05,VERIFIED,,https://www.korea.kr/special/policyCurationView.do?newsId=148868829
11500,,투기지역,2017-08-03,2023-01-05,VERIFIED,,https://www.korea.kr/special/policyCurationView.do?newsId=148868829
11110,,투기지역,2018-08-28,2023-01-05,VERIFIED,,https://www.korea.kr/special/policyCurationView.do?newsId=148868829
11140,,투기지역,2018-08-28,2023-01-05,VERIFIED,,https://www.korea.kr/special/policyCurationView.do?newsId=148868829
11230,,투기지역,2018-08-28,2023-01-05,VERIFIED,,https://www.korea.kr/special/policyCurationView.do?newsId=148868829
11590,,투기지역,2018-08-28,2023-01-05,VERIFIED,,https://www.korea.kr/special/policyCurationView.do?newsId=148868829
11680,개포동,분양가상한제,2019-11-08,2019-12-17,VERIFIED,,https://www.korea.kr/special/policyCurationView.do?newsId=148868829
11680,대치동,분양가상한제,2019-11-08,2019-12-17,VERIFIED,,https://www.korea.kr/special/policyCurationView.do?newsId=148868829
11680,도곡동,분양가상한제,2019-11-08,2019-12-17,VERIFIED,,https://www.korea.kr/special/policyCurationView.do?newsId=148868829
11680,삼성동,분양가상한제,2019-11-08,2019-12-17,VERIFIED,,https://www.korea.kr/special/policyCurationView.do?newsId=148868829
11680,압구정동,분양가상한제,2019-11-08,2019-12-17,VERIFIED,,https://www.korea.kr/special/policyCurationView.do?newsId=148868829
11680,역삼동,분양가상한제,2019-11-08,2019-12-17,VERIFIED,,https://www.korea.kr/special/policyCurationView.do?newsId=148868829
11680,일원동,분양가상한제,2019-11-08,2019-12-17,VERIFIED,,https://www.korea.kr/special/policyCurationView.do?newsId=148868829
11680,청담동,분양가상한제,2019-11-08,2019-12-17,VERIFIED,,https://www.korea.kr/special/policyCurationView.do?newsId=148868829
11650,잠원동,분양가상한제,2019-11-08,2019-12-17,VERIFIED,,https://www.korea.kr/special/policyCurationView.do?newsId=148868829
11650,반포동,분양가상한제,2019-11-08,2019-12-17,VERIFIED,,https://www.korea.kr/special/policyCurationView.do?newsId=148868829
11650,방배동,분양가상한제,2019-11-08,2019-12-17,VERIFIED,,https://www.korea.kr/special/policyCurationView.do?newsId=148868829
11650,서초동,분양가상한제,2019-11-08,2019-12-17,VERIFIED,,https://www.korea.kr/special/policyCurationView.do?newsId=148868829
11710,잠실동,분양가상한제,2019-11-08,2019-12-17,VERIFIED,,https://www.korea.kr/special/policyCurationView.do?newsId=148868829
11710,가락동,분양가상한제,2019-11-08,2019-12-17,VERIFIED,,https://www.korea.kr/special/policyCurationView.do?newsId=148868829
11710,마천동,분양가상한제,2019-11-08,2019-12-17,VERIFIED,,https://www.korea.kr/special/policyCurationView.do?newsId=148868829
11710,송파동,분양가상한제,2019-11-08,2019-12-17,VERIFIED,,https://www.korea.kr/special/policyCurationView.do?newsId=148868829
11710,신천동,분양가상한제,2019-11-08,2019-12-17,VERIFIED,,https://www.korea.kr/special/policyCurationView.do?newsId=148868829
11710,문정동,분양가상한제,2019-11-08,2019-12-17,VERIFIED,,https://www.korea.kr/special/policyCurationView.do?newsId=148868829
11710,방이동,분양가상한제,2019-11-08,2019-12-17,VERIFIED,,https://www.korea.kr/special/policyCurationView.do?newsId=148868829
11710,오금동,분양가상한제,2019-11-08,2019-12-17,VERIFIED,,https://www.korea.kr/special/policyCurationView.do?newsId=148868829
11740,길동,분양가상한제,2019-11-08,2019-12-17,VERIFIED,,https://www.korea.kr/special/policyCurationView.do?newsId=148868829
11740,둔촌동,분양가상한제,2019-11-08,2019-12-17,VERIFIED,,https://www.korea.kr/special/policyCurationView.do?newsId=148868829
11560,여의도동,분양가상한제,2019-11-08,2019-12-17,VERIFIED,,https://www.korea.kr/special/policyCurationView.do?newsId=148868829
11440,아현동,분양가상한제,2019-11-08,2019-12-17,VERIFIED,,https://www.korea.kr/special/policyCurationView.do?newsId=148868829
11170,한남동,분양가상한제,2019-11-08,2019-12-17,VERIFIED,,https://www.korea.kr/special/policyCurationView.do?newsId=148868829
11170,보광동,분양가상한제,2019-11-08,2019-12-17,VERIFIED,,https://www.korea.kr/special/policyCurationView.do?newsId=148868829
11200,성수동1가,분양가상한제,2019-11-08,2019-12-17,VERIFIED,,https://www.korea.kr/special/policyCurationView.do?newsId=148868829
11680,,분양가상한제,2019-12-17,,VERIFIED,,https://www.korea.kr/special/policyCurationView.do?newsId=148868829
11650,,분양가상한제,2019-12-17,,VERIFIED,,https://www.korea.kr/special/policyCurationView.do?newsId=148868829
11710,,분양가상한제,2019-12-17,,VERIFIED,,https://www.korea.kr/special/policyCurationView.do?newsId=148868829
11170,,분양가상한제,2019-12-17,,VERIFIED,,https://www.korea.kr/special/policyCurationView.do?newsId=148868829
11740,,분양가상한제,2019-12-17,2022-11-14,VERIFIED,,https://www.korea.kr/special/policyCurationView.do?newsId=148868829
11560,,분양가상한제,2019-12-17,2022-11-14,VERIFIED,,https://www.korea.kr/special/policyCurationView.do?newsId=148868829
11440,,분양가상한제,2019-12-17,2022-11-14,VERIFIED,,https://www.korea.kr/special/policyCurationView.do?newsId=148868829
11200,,분양가상한제,2019-12-17,2022-11-14,VERIFIED,,https://www.korea.kr/special/policyCurationView.do?newsId=148868829
11590,,분양가상한제,2019-12-17,2022-11-14,VERIFIED,,https://www.korea.kr/special/policyCurationView.do?newsId=148868829
11470,,분양가상한제,2019-12-17,2022-11-14,VERIFIED,,https://www.korea.kr/special/policyCurationView.do?newsId=148868829
11140,,분양가상한제,2019-12-17,2022-11-14,VERIFIED,,https://www.korea.kr/special/policyCurationView.do?newsId=148868829
11215,,분양가상한제,2019-12-17,2022-11-14,VERIFIED,,https://www.korea.kr/special/policyCurationView.do?newsId=148868829
11410,,분양가상한제,2019-12-17,2022-11-14,VERIFIED,,https://www.korea.kr/special/policyCurationView.do?newsId=148868829
11500,방화동,분양가상한제,2019-12-17,2022-11-14,PROXY,,https://www.korea.kr/special/policyCurationView.do?newsId=148868829
11500,공항동,분양가상한제,2019-12-17,2022-11-14,PROXY,,https://www.korea.kr/special/policyCurationView.do?newsId=148868829
11500,마곡동,분양가상한제,2019-12-17,2022-11-14,PROXY,,https://www.korea.kr/special/policyCurationView.do?newsId=148868829
11500,등촌동,분양가상한제,2019-12-17,2022-11-14,PROXY,,https://www.korea.kr/special/policyCurationView.do?newsId=148868829
11500,화곡동,분양가상한제,2019-12-17,2022-11-14,PROXY,,https://www.korea.kr/special/policyCurationView.do?newsId=148868829
11350,상계동,분양가상한제,2019-12-17,2022-11-14,PROXY,,https://www.korea.kr/special/policyCurationView.do?newsId=148868829
11350,월계동,분양가상한제,2019-12-17,2022-11-14,PROXY,,https://www.korea.kr/special/policyCurationView.do?newsId=148868829
11350,중계동,분양가상한제,2019-12-17,2022-11-14,PROXY,,https://www.korea.kr/special/policyCurationView.do?newsId=148868829
11350,하계동,분양가상한제,2019-12-17,2022-11-14,PROXY,,https://www.korea.kr/special/policyCurationView.do?newsId=148868829
11230,이문동,분양가상한제,2019-12-17,2022-11-14,PROXY,,https://www.korea.kr/special/policyCurationView.do?newsId=148868829
11230,휘경동,분양가상한제,2019-12-17,2022-11-14,PROXY,,https://www.korea.kr/special/policyCurationView.do?newsId=148868829
11230,제기동,분양가상한제,2019-12-17,2022-11-14,PROXY,,https://www.korea.kr/special/policyCurationView.do?newsId=148868829
11230,용두동,분양가상한제,2019-12-17,2022-11-14,PROXY,,https://www.korea.kr/special/policyCurationView.do?newsId=148868829
11230,청량리동,분양가상한제,2019-12-17,2022-11-14,PROXY,,https://www.korea.kr/special/policyCurationView.do?newsId=148868829
11230,답십리동,분양가상한제,2019-12-17,2022-11-14,PROXY,,https://www.korea.kr/special/policyCurationView.do?newsId=148868829
11230,회기동,분양가상한제,2019-12-17,2022-11-14,PROXY,,https://www.korea.kr/special/policyCurationView.do?newsId=148868829
11230,전농동,분양가상한제,2019-12-17,2022-11-14,PROXY,,https://www.korea.kr/special/policyCurationView.do?newsId=148868829
11290,성북동,분양가상한제,2019-12-17,2022-11-14,PROXY,,https://www.korea.kr/special/policyCurationView.do?newsId=148868829
11290,정릉동,분양가상한제,2019-12-17,2022-11-14,PROXY,,https://www.korea.kr/special/policyCurationView.do?newsId=148868829
11290,장위동,분양가상한제,2019-12-17,2022-11-14,PROXY,,https://www.korea.kr/special/policyCurationView.do?newsId=148868829
11290,돈암동,분양가상한제,2019-12-17,2022-11-14,PROXY,,https://www.korea.kr/special/policyCurationView.do?newsId=148868829
11290,길음동,분양가상한제,2019-12-17,2022-11-14,PROXY,,https://www.korea.kr/special/policyCurationView.do?newsId=148868829
11290,동소문동2가,분양가상한제,2019-12-17,2022-11-14,PROXY,,https://www.korea.kr/special/policyCurationView.do?newsId=148868829
11290,동소문동3가,분양가상한제,2019-12-17,2022-11-14,PROXY,,https://www.korea.kr/special/policyCurationView.do?newsId=148868829
11290,보문동1가,분양가상한제,2019-12-17,2022-11-14,PROXY,,https://www.korea.kr/special/policyCurationView.do?newsId=148868829
11290,안암동3가,분양가상한제,2019-12-17,2022-11-14,PROXY,,https://www.korea.kr/special/policyCurationView.do?newsId=148868829
11290,동선동4가,분양가상한제,2019-12-17,2022-11-14,PROXY,,https://www.korea.kr/special/policyCurationView.do?newsId=148868829
11290,삼선동1가,분양가상한제,2019-12-17,2022-11-14,PROXY,,https://www.korea.kr/special/policyCurationView.do?newsId=148868829
11290,삼선동2가,분양가상한제,2019-12-17,2022-11-14,PROXY,,https://www.korea.kr/special/policyCurationView.do?newsId=148868829
11290,삼선동3가,분양가상한제,2019-12-17,2022-11-14,PROXY,,https://www.korea.kr/special/policyCurationView.do?newsId=148868829
11380,불광동,분양가상한제,2019-12-17,2022-11-14,PROXY,,https://www.korea.kr/special/policyCurationView.do?newsId=148868829
11380,갈현동,분양가상한제,2019-12-17,2022-11-14,PROXY,,https://www.korea.kr/special/policyCurationView.do?newsId=148868829
11380,수색동,분양가상한제,2019-12-17,2022-11-14,PROXY,,https://www.korea.kr/special/policyCurationView.do?newsId=148868829
11380,신사동,분양가상한제,2019-12-17,2022-11-14,PROXY,,https://www.korea.kr/special/policyCurationView.do?newsId=148868829
11380,증산동,분양가상한제,2019-12-17,2022-11-14,PROXY,,https://www.korea.kr/special/policyCurationView.do?newsId=148868829
11380,대조동,분양가상한제,2019-12-17,2022-11-14,PROXY,,https://www.korea.kr/special/policyCurationView.do?newsId=148868829
11380,역촌동,분양가상한제,2019-12-17,2022-11-14,PROXY,,https://www.korea.kr/special/policyCurationView.do?newsId=148868829
41210,광명동,분양가상한제,2019-12-17,2022-11-14,PROXY,,https://www.korea.kr/special/policyCurationView.do?newsId=148868829
41210,소하동,분양가상한제,2019-12-17,2022-11-14,PROXY,,https://www.korea.kr/special/policyCurationView.do?newsId=148868829
41210,철산동,분양가상한제,2019-12-17,2022-11-14,PROXY,,https://www.korea.kr/special/policyCurationView.do?newsId=148868829
41210,하안동,분양가상한제,2019-12-17,2022-11-14,PROXY,,https://www.korea.kr/special/policyCurationView.do?newsId=148868829
41450,창우동,분양가상한제,2019-12-17,2022-11-14,PROXY,,https://www.korea.kr/special/policyCurationView.do?newsId=148868829
41450,신장동,분양가상한제,2019-12-17,2022-11-14,PROXY,,https://www.korea.kr/special/policyCurationView.do?newsId=148868829
41450,덕풍동,분양가상한제,2019-12-17,2022-11-14,PROXY,,https://www.korea.kr/special/policyCurationView.do?newsId=148868829
41450,풍산동,분양가상한제,2019-12-17,2022-11-14,PROXY,,https://www.korea.kr/special/policyCurationView.do?newsId=148868829
41290,별양동,분양가상한제,2019-12-17,2022-11-14,PROXY,,https://www.korea.kr/special/policyCurationView.do?newsId=148868829
41290,부림동,분양가상한제,2019-12-17,2022-11-14,PROXY,,https://www.korea.kr/special/policyCurationView.do?newsId=148868829
41290,원문동,분양가상한제,2019-12-17,2022-11-14,PROXY,,https://www.korea.kr/special/policyCurationView.do?newsId=148868829
41290,주암동,분양가상한제,2019-12-17,2022-11-14,PROXY,,https://www.korea.kr/special/policyCurationView.do?newsId=148868829
41290,중앙동,분양가상한제,2019-12-17,2022-11-14,PROXY,,https://www.korea.kr/special/policyCurationView.do?newsId=148868829
