emd_key,lawd_cd,emd,life_zone,tier,price_level_log_m2,n_level,n_complex
28177|숭의동,28177,숭의동,Z28177-숭의동,5,15.577193065782456,8,5
28177|용현동,28177,용현동,Z28177-학익동,7,15.194174530218474,39,26
28177|학익동,28177,학익동,Z28177-학익동,7,15.008405277117056,39,29
28177|도화동,28177,도화동,Z28177-주안동,6,15.506942922433645,22,15
28177|주안동,28177,주안동,Z28177-주안동,6,15.478883206463454,24,27
28177|관교동,28177,관교동,Z28185-동춘동,7,15.246266694617935,2,7
28185|옥련동,28185,옥련동,Z28177-학익동,7,15.183786413581487,30,19
28185|선학동,28185,선학동,Z28185-동춘동,7,15.122468176847644,5,12
28185|연수동,28185,연수동,Z28185-동춘동,7,15.18380742448615,14,27
28185|청학동,28185,청학동,Z28185-동춘동,6,15.280624869557156,4,9
28185|동춘동,28185,동춘동,Z28185-동춘동,6,15.482768041287201,29,28
28185|송도동,28185,송도동,Z28185-송도동,4,16.054984669250217,70,72
28200|구월동,28200,구월동,Z28177-주안동,5,15.620693047524469,29,24
28200|간석동,28200,간석동,Z28177-주안동,6,15.392676531468386,23,23
28200|만수동,28200,만수동,Z28200-만수동,7,15.186863339085965,25,43
28200|장수동,28200,장수동,P28200,,,0,2
28200|서창동,28200,서창동,Z28200-논현동,6,15.410006890400176,17,21
28200|남촌동,28200,남촌동,Z28185-동춘동,7,15.09842656463033,7,4
28200|도림동,28200,도림동,Z28200-논현동,7,15.205718436498174,4,4
28200|논현동,28200,논현동,Z28200-논현동,6,15.376158306228943,9,40
28237|부평동,28237,부평동,Z28237-부평동,5,15.71339465919015,34,24
28237|십정동,28237,십정동,Z28177-주안동,6,15.384679039156367,14,12
28237|산곡동,28237,산곡동,Z28237-산곡동,6,15.284591112703453,45,34
28237|청천동,28237,청천동,Z28237-산곡동,7,14.977561683643007,20,15
28237|삼산동,28237,삼산동,Z28237-부평동,5,15.590652389029467,22,23
28237|갈산동,28237,갈산동,Z28237-부평동,6,15.295385083038344,10,18
28237|부개동,28237,부개동,Z28237-부평동,6,15.543108082975044,27,24
28237|일신동,28237,일신동,P28237,,,0,2
28237|구산동,28237,구산동,Z28237-구산동,6,15.525180764366805,2,1
28245|효성동,28245,효성동,Z28245-작전동,7,15.105005535728372,37,28
28245|계산동,28245,계산동,Z28245-작전동,7,15.091517811253865,30,30
28245|작전동,28245,작전동,Z28245-작전동,7,15.154628917554675,39,36
28245|서운동,28245,서운동,Z28245-서운동,5,15.821363742986621,3,3
28245|용종동,28245,용종동,Z28245-용종동,5,15.774843727351728,5,6
28245|병방동,28245,병방동,Z28245-작전동,6,15.3935277664015,5,6
28245|방축동,28245,방축동,Z28245-방축동,5,15.788775408386238,2,3
28245|박촌동,28245,박촌동,Z28245-작전동,6,15.531979919737607,6,7
28245|동양동,28245,동양동,Z28245-동양동,6,15.422293126929755,2,6
28245|귤현동,28245,귤현동,Z28245-동양동,6,15.541562760620096,4,4
28245|이화동,28245,이화동,Z28245-이화동,,15.291417077773852,1,1
28245|오류동,28245,오류동,Z28245-오류동,7,15.107263716733184,2,1
28710|강화읍,28710,강화읍,Z28710-강화읍,7,14.895732560815166,4,3
28710|선원면,28710,선원면,Z28710-선원면,7,15.197516074105812,5,3
28720|영흥면,28720,영흥면,P28720,,,0,1
28125|만석동,28125,만석동,Z28125-만석동,7,15.108611142186218,5,2
28125|화수동,28125,화수동,Z28125-화수동,7,15.13698351286893,4,3
28125|송현동,28125,송현동,Z28125-송림동,8,14.837820951412226,8,9
28125|송림동,28125,송림동,Z28125-송림동,7,15.166697716669857,16,12
28125|항동7가,28125,항동7가,P28125,,,0,4
28125|신생동,28125,신생동,Z28177-학익동,7,14.987214101721424,2,1
28125|답동,28125,답동,P28125,,,0,1
28125|신흥동1가,28125,신흥동1가,Z28177-학익동,7,15.162926474248879,2,3
28125|신흥동2가,28125,신흥동2가,P28125,,,0,2
28125|신흥동3가,28125,신흥동3가,Z28177-학익동,7,15.01513643397766,2,3
28125|도원동,28125,도원동,Z28125-도원동,8,14.666362278965313,2,1
28125|북성동2가,28125,북성동2가,P28125,,,0,1
28125|송월동1가,28125,송월동1가,Z28125-송월동1가,8,14.604300487348874,2,1
28155|중산동,28155,중산동,Z28155-중산동,6,15.493941341885327,13,19
28155|운남동,28155,운남동,Z28155-운남동,6,15.483344856373247,7,9
28155|운서동,28155,운서동,Z28155-운서동,7,15.14619972170658,10,25
28275|검암동,28275,검암동,Z28275-검암동,6,15.462364294628767,8,11
28275|경서동,28275,경서동,Z28275-검암동,7,15.197558628202714,7,5
28275|공촌동,28275,공촌동,Z28275-검암동,7,14.977532594472951,2,2
28275|연희동,28275,연희동,Z28275-검암동,7,15.059733764911508,7,6
28275|심곡동,28275,심곡동,P28275,,,0,6
28275|가정동,28275,가정동,Z28275-가정동,5,15.805298732578585,26,24
28275|신현동,28275,신현동,Z28275-가정동,5,15.75030473107968,11,6
28275|석남동,28275,석남동,Z28237-산곡동,7,15.218975467440258,16,10
28275|가좌동,28275,가좌동,Z28237-산곡동,7,15.131600660410916,23,14
28275|청라동,28275,청라동,Z28275-청라동,4,15.904618071098538,17,47
28290|백석동,28290,백석동,Z28290-백석동,4,15.908236211793666,6,2
28290|마전동,28290,마전동,Z28290-마전동,7,15.061650033674354,42,32
28290|당하동,28290,당하동,Z28290-당하동,5,15.590848295884795,30,29
28290|원당동,28290,원당동,Z28290-원당동,4,15.956951850143692,16,16
28290|금곡동,28290,금곡동,Z28290-마전동,7,15.184150477672848,4,3
28290|오류동,28290,오류동,Z28290-마전동,7,15.24262691360442,3,5
28290|왕길동,28290,왕길동,Z28290-마전동,7,15.096806454223715,10,11
28290|불로동,28290,불로동,Z28290-마전동,7,15.044964799773897,24,16
11110|내수동,11110,내수동,P11110,,,0,4
11110|신문로2가,11110,신문로2가,P11110,,,0,1
11110|수송동,11110,수송동,P11110,,,0,1
11110|익선동,11110,익선동,P11110,,,0,1
11110|낙원동,11110,낙원동,P11110,,,0,1
11110|인의동,11110,인의동,Z11110-인의동,,16.235878686614704,1,1
11110|효제동,11110,효제동,P11110,,,0,1
11110|명륜2가,11110,명륜2가,Z11110-명륜2가,3,16.480702778631496,2,3
11110|창신동,11110,창신동,Z11140-황학동,3,16.206346339049684,7,4
11110|숭인동,11110,숭인동,Z11140-황학동,3,16.37862673434415,7,4
11110|평동,11110,평동,Z11440-공덕동,1,17.166875565878552,3,1
11110|홍파동,11110,홍파동,Z11110-홍파동,1,17.319362093686514,3,1
11110|교북동,11110,교북동,P11110,,,0,1
11110|행촌동,11110,행촌동,P11110,,,0,1
11110|구기동,11110,구기동,P11110,,,0,2
11110|평창동,11110,평창동,Z11110-평창동,4,16.187370928552753,2,5
11110|무악동,11110,무악동,Z11440-창전동,2,16.57342744108826,5,4
11140|회현동1가,11140,회현동1가,P11140,,,0,2
11140|회현동2가,11140,회현동2가,P11140,,,0,1
11140|충무로4가,11140,충무로4가,Z11140-충무로4가,,16.507560417720043,1,2
11140|충무로5가,11140,충무로5가,P11140,,,0,1
11140|인현동2가,11140,인현동2가,P11140,,,0,2
11140|묵정동,11140,묵정동,Z11140-묵정동,,15.960053227319447,1,2
11140|오장동,11140,오장동,P11140,,,0,1
11140|입정동,11140,입정동,Z11140-입정동,1,17.032920576474414,2,2
11140|신당동,11140,신당동,Z11200-행당동,2,16.62444699432939,11,16
11140|흥인동,11140,흥인동,P11140,,,0,1
11140|황학동,11140,황학동,Z11140-황학동,3,16.34191901203055,2,4
11140|정동,11140,정동,P11140,,,0,1
11140|순화동,11140,순화동,Z11140-순화동,2,16.728232572070453,2,2
11140|중림동,11140,중림동,Z11440-공덕동,2,16.711159372961284,3,4
11140|만리동1가,11140,만리동1가,P11140,,,0,1
11140|만리동2가,11140,만리동2가,Z11440-공덕동,1,16.958995536865864,5,2
11170|후암동,11170,후암동,P11170,,,0,1
11170|동자동,11170,동자동,P11170,,,0,1
11170|원효로1가,11170,원효로1가,Z11440-공덕동,2,16.815697181867645,3,2
11170|신창동,11170,신창동,Z11170-신창동,2,16.55374908788025,2,1
11170|산천동,11170,산천동,Z11440-공덕동,2,16.7029016877223,3,3
11170|청암동,11170,청암동,P11170,,,0,2
11170|원효로4가,11170,원효로4가,Z11590-상도동,2,16.597346929125717,5,3
11170|효창동,11170,효창동,Z11440-공덕동,2,16.90395812105609,8,5
11170|도원동,11170,도원동,Z11440-공덕동,2,16.77271567968984,2,2
11170|용문동,11170,용문동,P11170,,,0,1
11170|문배동,11170,문배동,Z11440-공덕동,2,16.676007859732934,6,5
11170|신계동,11170,신계동,Z11440-공덕동,1,17.09220599651679,2,1
11170|한강로1가,11170,한강로1가,P11170,,,0,2
11170|한강로2가,11170,한강로2가,Z11170-한강로2가,,16.863428584688837,1,5
11170|용산동5가,11170,용산동5가,P11170,,,0,1
11170|한강로3가,11170,한강로3가,Z11440-공덕동,1,16.944109177016415,2,7
11170|이촌동,11170,이촌동,Z11170-이촌동,1,17.227507369777666,16,20
11170|이태원동,11170,이태원동,Z11170-이태원동,1,17.00101286368778,2,2
11170|한남동,11170,한남동,Z11170-한남동,1,16.95462141436361,5,8
11170|동빙고동,11170,동빙고동,P11170,,,0,1
11170|서빙고동,11170,서빙고동,P11170,,,0,3
11170|보광동,11170,보광동,Z11170-보광동,,17.630734180036626,1,2
11200|상왕십리동,11200,상왕십리동,P11200,,,0,2
11200|하왕십리동,11200,하왕십리동,Z11200-행당동,2,16.619474234068644,14,15
11200|홍익동,11200,홍익동,Z11200-홍익동,,16.209067429164048,1,1
11200|도선동,11200,도선동,Z11140-황학동,3,16.329190426483,2,1
11200|마장동,11200,마장동,Z11200-행당동,2,16.570348293801665,6,8
11200|사근동,11200,사근동,Z11200-행당동,2,16.546069451941662,4,2
11200|행당동,11200,행당동,Z11200-행당동,2,16.773330785496015,21,17
11200|응봉동,11200,응봉동,Z11200-행당동,2,16.78549033541585,7,6
11200|금호동1가,11200,금호동1가,Z11200-행당동,2,16.743100431436947,6,5
11200|금호동2가,11200,금호동2가,Z11200-행당동,1,16.984398174329016,4,4
11200|금호동3가,11200,금호동3가,Z11200-행당동,2,16.75887774874801,4,4
11200|금호동4가,11200,금호동4가,Z11200-행당동,1,16.956424841362765,11,10
11200|옥수동,11200,옥수동,Z11200-행당동,2,16.85206482603852,13,15
11200|성수동1가,11200,성수동1가,Z11200-성수동1가,1,17.103153240079568,9,17
11200|성수동2가,11200,성수동2가,Z11200-성수동2가,2,16.727308380033115,13,14
11200|송정동,11200,송정동,Z11260-면목동,3,16.442081049531986,3,2
11200|용답동,11200,용답동,Z11200-용답동,3,16.41122894500871,2,2
11215|중곡동,11215,중곡동,Z11260-면목동,4,16.12649921011651,2,4
11215|구의동,11215,구의동,Z11215-자양동,2,16.736585602540444,16,15
11215|광장동,11215,광장동,Z11215-자양동,1,16.948228199488458,20,20
11215|자양동,11215,자양동,Z11215-자양동,2,16.71151486533317,58,42
11215|화양동,11215,화양동,Z11260-면목동,3,16.471403349763726,2,5
11215|군자동,11215,군자동,Z11260-면목동,3,16.270312343778148,2,3
11230|신설동,11230,신설동,P11230,,,0,1
11230|용두동,11230,용두동,Z11230-답십리동,2,16.63819695420217,20,12
11230|제기동,11230,제기동,Z11290-정릉동,3,16.253254754081816,8,6
11230|전농동,11230,전농동,Z11230-답십리동,3,16.406836484758344,17,13
11230|답십리동,11230,답십리동,Z11230-답십리동,3,16.28905344910196,43,30
11230|장안동,11230,장안동,Z11260-면목동,4,16.10189202948093,20,19
11230|청량리동,11230,청량리동,Z11230-답십리동,4,16.16779770338229,6,6
11230|회기동,11230,회기동,Z11230-답십리동,3,16.442467434874036,2,3
11230|휘경동,11230,휘경동,Z11230-답십리동,3,16.260065912228708,21,17
11230|이문동,11230,이문동,Z11230-답십리동,4,16.170743749762735,14,16
11260|면목동,11260,면목동,Z11260-면목동,4,16.09644724808166,52,35
11260|상봉동,11260,상봉동,Z11350-공릉동,4,16.113322372205662,9,15
11260|중화동,11260,중화동,Z11350-공릉동,4,16.06303587377529,3,7
11260|묵동,11260,묵동,Z11350-공릉동,3,16.305822038645207,6,22
11260|망우동,11260,망우동,Z11350-공릉동,5,15.846416747531428,12,19
11260|신내동,11260,신내동,Z11350-공릉동,5,15.86174033172744,30,30
11290|돈암동,11290,돈암동,Z11290-정릉동,4,16.169150821758603,17,18
11290|동소문동4가,11290,동소문동4가,Z11290-정릉동,4,16.09317062711758,2,2
11290|동소문동5가,11290,동소문동5가,Z11290-동소문동5가,,16.235878686614704,1,1
11290|동소문동7가,11290,동소문동7가,Z11290-정릉동,3,16.422702015495716,2,1
11290|삼선동2가,11290,삼선동2가,Z11140-황학동,3,16.2812417406844,4,2
11290|삼선동3가,11290,삼선동3가,Z11290-삼선동3가,2,16.603376566927917,2,2
11290|삼선동4가,11290,삼선동4가,P11290,,,0,1
11290|안암동1가,11290,안암동1가,P11290,,,0,1
11290|안암동3가,11290,안암동3가,Z11290-안암동3가,,16.28566935111772,1,3
11290|보문동4가,11290,보문동4가,P11290,,,0,1
11290|보문동6가,11290,보문동6가,Z11200-행당동,3,16.493844286738007,3,2
11290|보문동1가,11290,보문동1가,Z11290-보문동1가,2,16.686886187916677,2,1
11290|보문동3가,11290,보문동3가,Z11290-보문동3가,,16.285927821112832,1,2
11290|정릉동,11290,정릉동,Z11290-정릉동,4,16.015825684662275,34,28
11290|길음동,11290,길음동,Z11290-길음동,2,16.744894474389206,4,22
11290|종암동,11290,종암동,Z11290-정릉동,3,16.26957933926658,13,14
11290|하월곡동,11290,하월곡동,Z11290-정릉동,3,16.19945205319229,12,17
11290|상월곡동,11290,상월곡동,Z11290-정릉동,4,16.095392617865723,2,3
11290|장위동,11290,장위동,Z11290-정릉동,3,16.39669643447345,15,11
11290|석관동,11290,석관동,Z11290-정릉동,4,16.16128491401963,10,7
11305|미아동,11305,미아동,Z11290-정릉동,4,16.14911818218268,32,26
11305|번동,11305,번동,Z11305-번동,5,15.796711603309198,8,18
11305|수유동,11305,수유동,Z11305-번동,4,15.977738293263398,5,7
11305|우이동,11305,우이동,Z11305-번동,4,15.902137347848546,2,2
11320|쌍문동,11320,쌍문동,Z11350-상계동,5,15.721076032648078,36,30
11320|방학동,11320,방학동,Z11350-상계동,5,15.638522570696434,40,31
11320|창동,11320,창동,Z11350-상계동,4,16.085474732789052,13,38
11320|도봉동,11320,도봉동,Z11350-상계동,5,15.737323155440526,15,20
11350|월계동,11350,월계동,Z11350-공릉동,4,15.99659809789752,45,37
11350|공릉동,11350,공릉동,Z11350-공릉동,4,16.004766965651317,41,42
11350|하계동,11350,하계동,Z11350-공릉동,4,16.10912698097556,13,18
11350|상계동,11350,상계동,Z11350-상계동,4,15.934076299663797,60,78
11350|중계동,11350,중계동,Z11350-상계동,4,16.084314151562857,38,49
11380|수색동,11380,수색동,Z11410-홍제동,2,16.57816780155339,16,10
11380|녹번동,11380,녹번동,Z11410-홍제동,4,16.151432071225912,5,5
11380|불광동,11380,불광동,Z11380-불광동,3,16.28304646952394,14,21
11380|갈현동,11380,갈현동,Z11380-불광동,5,15.858270533009504,13,10
11380|구산동,11380,구산동,Z11380-불광동,4,15.956976301814969,9,8
11380|대조동,11380,대조동,Z11380-불광동,4,16.043298540319192,2,2
11380|응암동,11380,응암동,Z11410-홍제동,3,16.23057363438501,33,21
11380|역촌동,11380,역촌동,Z11380-불광동,3,16.23057363438501,5,3
11380|신사동,11380,신사동,Z11380-불광동,5,15.803058695057173,23,16
11380|증산동,11380,증산동,Z11440-상암동,4,16.153250786335974,6,9
11380|진관동,11380,진관동,Z11380-진관동,3,16.287136513846598,4,44
11410|충정로2가,11410,충정로2가,Z11410-충정로2가,,16.043987678804598,1,1
11410|충정로3가,11410,충정로3가,P11410,,,0,3
11410|합동,11410,합동,P11410,,,0,1
11410|냉천동,11410,냉천동,Z11440-창전동,2,16.543123579702524,4,2
11410|천연동,11410,천연동,Z11440-창전동,3,16.47746965186622,3,1
11410|영천동,11410,영천동,Z11440-창전동,3,16.387180230811616,2,2
11410|현저동,11410,현저동,Z11410-현저동,,16.19944129041227,1,3
11410|북아현동,11410,북아현동,Z11440-공덕동,2,16.796250046932123,5,5
11410|홍제동,11410,홍제동,Z11410-홍제동,4,16.187088522445272,29,24
11410|대현동,11410,대현동,Z11440-창전동,3,16.48147694084154,2,1
11410|연희동,11410,연희동,Z11410-홍제동,3,16.252685804931083,7,6
11410|홍은동,11410,홍은동,Z11410-홍제동,4,16.12861337817127,28,19
11410|북가좌동,11410,북가좌동,Z11410-홍제동,3,16.238116028789726,12,10
11410|남가좌동,11410,남가좌동,Z11410-홍제동,2,16.547541747542382,20,14
11440|아현동,11440,아현동,Z11440-공덕동,1,17.099935322069385,10,9
11440|공덕동,11440,공덕동,Z11440-공덕동,2,16.69080874238584,10,14
11440|신공덕동,11440,신공덕동,Z11440-공덕동,2,16.85206482603852,13,12
11440|도화동,11440,도화동,Z11440-공덕동,2,16.65821506086757,12,8
11440|용강동,11440,용강동,Z11440-용강동,1,17.19467309724344,4,5
11440|토정동,11440,토정동,Z11560-당산동4가,2,16.911914263442917,2,1
11440|마포동,11440,마포동,Z11440-마포동,3,16.507256638443,4,2
11440|대흥동,11440,대흥동,Z11440-공덕동,1,17.12288988585193,4,7
11440|염리동,11440,염리동,Z11440-공덕동,1,17.038385180246628,6,6
11440|노고산동,11440,노고산동,P11440,,,0,2
11440|신수동,11440,신수동,Z11440-창전동,2,16.56047860813422,12,9
11440|현석동,11440,현석동,Z11560-당산동4가,1,16.98290525092217,4,3
11440|창전동,11440,창전동,Z11440-창전동,2,16.603603466740022,9,10
11440|상수동,11440,상수동,Z11440-공덕동,2,16.919723474512335,3,3
11440|하중동,11440,하중동,Z11440-하중동,,16.959637179492947,1,1
11440|신정동,11440,신정동,Z11440-공덕동,2,16.74190220082422,2,1
11440|서교동,11440,서교동,P11440,,,0,4
11440|합정동,11440,합정동,Z11440-합정동,2,16.921814724146827,2,2
11440|망원동,11440,망원동,Z11440-상암동,3,16.49352665296284,12,9
11440|연남동,11440,연남동,P11440,,,0,2
11440|성산동,11440,성산동,Z11410-홍제동,3,16.270970006425973,5,8
11440|중동,11440,중동,Z11410-홍제동,3,16.253708209786666,7,7
11440|상암동,11440,상암동,Z11440-상암동,3,16.468991214540637,15,14
11470|신정동,11470,신정동,Z11470-신정동,3,16.31592139428824,37,58
11470|목동,11470,목동,Z11470-목동,3,16.51074661895896,24,50
11470|신월동,11470,신월동,Z11470-신월동,4,15.90837511997625,55,40
11500|염창동,11500,염창동,Z11470-목동,3,16.328280409217655,54,42
11500|등촌동,11500,등촌동,Z11470-목동,3,16.245250826443566,27,39
11500|화곡동,11500,화곡동,Z11470-목동,3,16.275521639860173,18,25
11500|가양동,11500,가양동,Z11470-목동,3,16.310627056583428,14,22
11500|마곡동,11500,마곡동,Z11500-마곡동,2,16.679228755766676,32,22
11500|내발산동,11500,내발산동,Z11470-목동,3,16.37862673434415,15,14
11500|공항동,11500,공항동,Z11500-공항동,4,16.089765634175574,2,3
11500|방화동,11500,방화동,Z11500-방화동,4,16.13365198737305,41,40
11530|신도림동,11530,신도림동,Z11560-신길동,3,16.333287416354924,18,20
11530|구로동,11530,구로동,Z11530-구로동,4,15.987959847334935,59,54
11530|고척동,11530,고척동,Z11530-구로동,4,15.936451830550864,45,26
11530|개봉동,11530,개봉동,Z11530-구로동,4,15.906707062875554,35,26
11530|오류동,11530,오류동,Z11530-구로동,5,15.834913046440825,20,19
11530|궁동,11530,궁동,P11530,,,0,2
11530|온수동,11530,온수동,Z11530-항동,4,16.154117535118424,2,1
11530|천왕동,11530,천왕동,Z11530-항동,4,16.04987009959439,10,12
11530|항동,11530,항동,Z11530-항동,4,16.129930108605322,11,13
11545|가산동,11545,가산동,Z11545-가산동,5,15.792126725027174,2,4
11545|독산동,11545,독산동,Z41210-소하동,4,15.952581212480746,31,23
11545|시흥동,11545,시흥동,Z41210-소하동,5,15.853944075916733,17,25
11560|영등포동,11560,영등포동,Z11560-신길동,3,16.48195791908195,6,3
11560|영등포동1가,11560,영등포동1가,P11560,,,0,1
11560|영등포동2가,11560,영등포동2가,Z11560-영등포동2가,,16.911931433815347,1,1
11560|영등포동5가,11560,영등포동5가,P11560,,,0,1
11560|영등포동7가,11560,영등포동7가,Z11560-신길동,3,16.52919457678474,7,3
11560|영등포동8가,11560,영등포동8가,Z11560-당산동4가,2,16.710002943530267,5,2
11560|여의도동,11560,여의도동,Z11560-여의도동,1,17.387058495064863,6,24
11560|당산동1가,11560,당산동1가,Z11560-당산동1가,3,16.464237128622415,2,3
11560|당산동2가,11560,당산동2가,Z11560-당산동2가,,15.694612037347477,1,3
11560|당산동3가,11560,당산동3가,Z11560-신길동,2,16.542420777674565,4,9
11560|당산동4가,11560,당산동4가,Z11560-당산동4가,2,16.677784988935105,10,8
11560|당산동5가,11560,당산동5가,Z11560-당산동4가,1,16.950447330383334,6,7
11560|당산동,11560,당산동,Z11560-신길동,2,16.622430169477127,2,2
11560|도림동,11560,도림동,Z11560-신길동,3,16.27466471164986,7,4
11560|문래동2가,11560,문래동2가,P11560,,,0,1
11560|문래동3가,11560,문래동3가,Z11560-신길동,3,16.423834061126914,11,8
11560|문래동4가,11560,문래동4가,P11560,,,0,2
11560|문래동5가,11560,문래동5가,Z11560-신길동,3,16.25373630401471,5,5
11560|문래동6가,11560,문래동6가,Z11470-신정동,3,16.416712207268432,6,9
11560|양평동1가,11560,양평동1가,P11560,,,0,3
11560|양평동2가,11560,양평동2가,Z11470-신정동,3,16.201068279118367,2,4
11560|양평동3가,11560,양평동3가,Z11560-신길동,3,16.34812023547356,7,10
11560|양평동4가,11560,양평동4가,Z11470-신정동,3,16.39002936644196,3,3
11560|양평동5가,11560,양평동5가,Z11560-당산동4가,2,16.55292501320645,2,2
11560|양평동6가,11560,양평동6가,P11560,,,0,2
11560|신길동,11560,신길동,Z11560-신길동,3,16.510766384275655,44,32
11560|대림동,11560,대림동,Z11560-신길동,3,16.251627043582843,23,22
11590|노량진동,11590,노량진동,Z11590-상도동,2,16.554069313674663,8,8
11590|상도동,11590,상도동,Z11590-상도동,2,16.741284242911355,31,30
11590|본동,11590,본동,Z11590-상도동,2,16.61268853896249,11,10
11590|흑석동,11590,흑석동,Z11590-상도동,1,16.949445234316592,18,11
11590|동작동,11590,동작동,Z11590-상도동,2,16.82307728916527,5,5
11590|사당동,11590,사당동,Z11620-봉천동,3,16.506615201536555,36,29
11590|대방동,11590,대방동,Z11560-신길동,3,16.511584568019767,11,14
11590|신대방동,11590,신대방동,Z11560-신길동,3,16.34123920227253,25,23
11620|봉천동,11620,봉천동,Z11620-봉천동,3,16.26739195232078,33,39
11620|신림동,11620,신림동,Z11620-신림동,4,15.962531543333915,41,40
11620|남현동,11620,남현동,Z11620-남현동,3,16.32321408515589,4,4
11650|방배동,11650,방배동,Z11650-서초동,1,17.11729330285338,25,35
11650|양재동,11650,양재동,Z11650-서초동,2,16.813733590688216,4,5
11650|우면동,11650,우면동,Z11650-서초동,2,16.85379982685368,16,18
11650|잠원동,11650,잠원동,Z11650-잠원동,1,17.456101074637118,34,39
11650|반포동,11650,반포동,Z11650-잠원동,1,17.697815605721072,32,23
11650|서초동,11650,서초동,Z11650-서초동,1,17.017291949473176,43,60
11650|내곡동,11650,내곡동,Z11650-내곡동,2,16.85340153643982,4,2
11650|신원동,11650,신원동,Z11650-신원동,1,16.994691798707315,8,5
11680|역삼동,11680,역삼동,Z11680-역삼동,1,17.430801655420723,29,28
11680|개포동,11680,개포동,Z11680-역삼동,1,17.589358199573446,23,19
11680|청담동,11680,청담동,Z11680-역삼동,1,17.36656589563418,10,17
11680|삼성동,11680,삼성동,Z11680-역삼동,1,17.377638306439067,19,26
11680|대치동,11680,대치동,Z11680-역삼동,1,17.55504210024786,14,23
11680|신사동,11680,신사동,Z11680-신사동,2,16.834280499585283,3,3
11680|논현동,11680,논현동,Z11680-논현동,2,16.74557372801041,7,16
11680|압구정동,11680,압구정동,Z11680-압구정동,,17.879558433162188,1,9
11680|세곡동,11680,세곡동,Z11680-세곡동,2,16.824665851850405,9,8
11680|자곡동,11680,자곡동,Z11680-자곡동,2,16.84991736389708,8,9
11680|율현동,11680,율현동,Z11680-율현동,2,16.750394364029503,2,1
11680|일원동,11680,일원동,Z11680-역삼동,1,17.39611609743283,9,15
11680|수서동,11680,수서동,Z11680-수서동,1,17.047125765041407,6,11
11680|도곡동,11680,도곡동,Z11680-역삼동,1,17.146864366259166,21,28
11710|잠실동,11710,잠실동,Z11680-역삼동,1,17.4222294408101,10,13
11710|신천동,11710,신천동,Z11710-신천동,,16.985596218663044,1,11
11710|풍납동,11710,풍납동,Z11215-자양동,2,16.55231017235247,15,18
11710|송파동,11710,송파동,Z11710-가락동,2,16.678744335030117,14,12
11710|석촌동,11710,석촌동,Z11710-가락동,2,16.900720156262892,2,2
11710|삼전동,11710,삼전동,P11710,,,0,1
11710|가락동,11710,가락동,Z11710-가락동,2,16.821778139294146,24,22
11710|문정동,11710,문정동,Z11710-가락동,2,16.715720764860727,7,14
11710|장지동,11710,장지동,Z11710-장지동,2,16.716883065881458,14,22
11710|방이동,11710,방이동,Z11710-가락동,2,16.556897179334076,7,9
11710|오금동,11710,오금동,Z11710-가락동,2,16.602574330393526,18,15
11710|거여동,11710,거여동,Z11710-가락동,3,16.441946049249008,13,22
11710|마천동,11710,마천동,Z11710-마천동,3,16.286412774841253,10,10
11740|명일동,11740,명일동,Z11740-길동,2,16.706563894750293,14,15
11740|고덕동,11740,고덕동,Z11740-길동,1,16.949828994804413,11,7
11740|상일동,11740,상일동,Z11740-길동,2,16.852605220539647,19,14
11740|길동,11740,길동,Z11740-길동,2,16.84275281225402,6,15
11740|둔촌동,11740,둔촌동,Z11740-길동,3,16.455842585011535,23,15
11740|암사동,11740,암사동,Z11740-길동,2,16.61060229923894,20,10
11740|성내동,11740,성내동,Z11740-길동,3,16.486146323216225,11,14
11740|천호동,11740,천호동,Z11740-천호동,3,16.299921052941798,31,29
11740|강일동,11740,강일동,Z11740-강일동,3,16.454752780677104,20,19
41111|파장동,41111,파장동,Z41111-파장동,6,15.307159780220783,8,6
41111|정자동,41111,정자동,Z41111-정자동,5,15.666960506016967,35,40
41111|이목동,41111,이목동,Z41111-정자동,4,15.944088359635382,2,2
41111|율전동,41111,율전동,Z41111-정자동,6,15.537065768519081,17,14
41111|천천동,41111,천천동,Z41111-정자동,5,15.766251634289253,9,10
41111|영화동,41111,영화동,Z41111-영화동,6,15.301792771007328,4,3
41111|송죽동,41111,송죽동,Z41111-정자동,6,15.479372452286063,7,5
41111|조원동,41111,조원동,Z41111-정자동,6,15.544611207516711,10,7
41111|연무동,41111,연무동,Z41111-연무동,6,15.350840498244652,7,4
41113|세류동,41113,세류동,Z41113-세류동,6,15.421967842260237,9,12
41113|평동,41113,평동,P41113,,,0,1
41113|고색동,41113,고색동,Z41113-금곡동,6,15.3779135216934,11,8
41113|오목천동,41113,오목천동,Z41113-금곡동,6,15.510970657736229,19,10
41113|서둔동,41113,서둔동,Z41113-서둔동,5,15.794045934335664,5,8
41113|구운동,41113,구운동,Z41111-정자동,6,15.544612974154463,15,8
41113|탑동,41113,탑동,Z41113-금곡동,6,15.298196764759231,3,3
41113|금곡동,41113,금곡동,Z41113-금곡동,6,15.430313924290028,18,17
41113|호매실동,41113,호매실동,Z41113-금곡동,6,15.500933033003873,18,17
41113|곡반정동,41113,곡반정동,Z41113-권선동,4,15.94678704873407,10,6
41113|권선동,41113,권선동,Z41113-권선동,5,15.729437661166537,37,39
41113|입북동,41113,입북동,Z41113-당수동,5,15.58925152168965,5,4
41113|당수동,41113,당수동,Z41113-당수동,6,15.406882336909455,6,8
41115|교동,41115,교동,P41115,,,0,1
41115|매교동,41115,매교동,Z41115-매교동,3,16.191963329928186,8,4
41115|매산로2가,41115,매산로2가,Z41113-서둔동,4,15.911107752070283,2,1
41115|매산로3가,41115,매산로3가,Z41115-매산로3가,,15.360409949260804,1,1
41115|고등동,41115,고등동,P41115,,,0,3
41115|화서동,41115,화서동,Z41111-정자동,5,15.850060575890335,13,20
41115|지동,41115,지동,P41115,,,0,2
41115|우만동,41115,우만동,Z41113-권선동,6,15.556217809399586,12,17
41115|인계동,41115,인계동,Z41113-권선동,5,15.67626289867928,19,18
41117|매탄동,41117,매탄동,Z41113-권선동,5,15.632031477073129,28,25
41117|원천동,41117,원천동,Z41113-권선동,5,15.858270533009504,13,14
41117|이의동,41117,이의동,Z41117-이의동,3,16.31719992576356,14,24
41117|하동,41117,하동,Z41117-이의동,4,16.134039301355457,11,10
41117|영통동,41117,영통동,Z41113-권선동,5,15.796761365082244,10,31
41117|신동,41117,신동,Z41117-망포동,4,16.012913569906104,2,2
41117|망포동,41117,망포동,Z41117-망포동,4,16.091473211347363,35,29
41131|신흥동,41131,신흥동,Z41131-신흥동,3,16.480518677466264,22,13
41131|태평동,41131,태평동,Z41131-신흥동,4,16.032431756677447,8,8
41131|수진동,41131,수진동,Z41131-신흥동,4,16.102436400724713,4,4
41131|단대동,41131,단대동,Z41131-신흥동,4,16.086028125312584,8,7
41131|양지동,41131,양지동,Z41131-양지동,,15.853944075916733,1,3
41131|창곡동,41131,창곡동,Z11710-장지동,2,16.87923599898977,4,14
41131|신촌동,41131,신촌동,P41131,,,0,1
41131|고등동,41131,고등동,Z41131-고등동,3,16.436549382076855,3,6
41131|시흥동,41131,시흥동,P41131,,,0,1
41133|성남동,41133,성남동,Z41133-성남동,5,15.825758773747538,4,6
41133|금광동,41133,금광동,Z41131-신흥동,3,16.313562373117556,18,12
41133|은행동,41133,은행동,Z41131-신흥동,4,16.090778193860846,4,3
41133|상대원동,41133,상대원동,Z41133-상대원동,6,15.521486397441022,5,6
41133|여수동,41133,여수동,P41133,,,0,3
41133|도촌동,41133,도촌동,Z41131-신흥동,4,16.073359949543075,4,9
41133|하대원동,41133,하대원동,Z41131-신흥동,4,15.989653327841268,9,5
41133|중앙동,41133,중앙동,Z41131-신흥동,3,16.463121176854862,10,7
41135|분당동,41135,분당동,Z41135-야탑동,2,16.739546877251897,10,9
41135|수내동,41135,수내동,Z41135-수내동,,16.913025525828207,1,10
41135|정자동,41135,정자동,Z41135-정자동,1,16.938231357012143,2,29
41135|서현동,41135,서현동,Z41135-야탑동,2,16.762314936516383,14,12
41135|이매동,41135,이매동,Z41135-야탑동,2,16.711159372961284,23,18
41135|야탑동,41135,야탑동,Z41135-야탑동,3,16.444939822868015,18,34
41135|판교동,41135,판교동,P41135,,,0,12
41135|삼평동,41135,삼평동,Z41135-야탑동,2,16.932024370170904,7,12
41135|백현동,41135,백현동,Z41135-정자동,1,17.06486939955755,3,12
41135|금곡동,41135,금곡동,Z41135-정자동,2,16.67054294941513,9,13
41135|구미동,41135,구미동,Z41135-정자동,2,16.648326366733997,5,24
41135|운중동,41135,운중동,Z41135-운중동,2,16.731569830289665,2,15
41135|대장동,41135,대장동,Z41135-대장동,3,16.452226713795486,3,11
41150|의정부동,41150,의정부동,Z41150-호원동,5,15.75201373450712,16,33
41150|호원동,41150,호원동,Z41150-호원동,6,15.348360241115202,69,50
41150|장암동,41150,장암동,Z41150-호원동,6,15.486133159437514,11,10
41150|신곡동,41150,신곡동,Z41150-신곡동,7,15.213639376731168,39,42
41150|용현동,41150,용현동,Z41150-신곡동,7,15.180377204759356,22,13
41150|민락동,41150,민락동,Z41150-신곡동,6,15.350840498244652,15,21
41150|낙양동,41150,낙양동,Z41150-신곡동,6,15.507734664017661,7,13
41150|금오동,41150,금오동,Z41150-신곡동,7,15.204034574411434,19,13
41150|가능동,41150,가능동,Z41150-가능동,6,15.426549203528676,22,12
41150|녹양동,41150,녹양동,Z41150-가능동,7,15.08502935178773,12,12
41150|고산동,41150,고산동,Z41150-고산동,,15.507075054835399,1,6
41150|산곡동,41150,산곡동,Z41150-산곡동,5,15.765274276335578,5,8
41171|안양동,41171,안양동,Z41171-안양동,5,15.602713007734181,56,50
41171|석수동,41171,석수동,Z41171-안양동,4,15.976367491129619,29,20
41171|박달동,41171,박달동,Z41171-안양동,5,15.662239603226672,18,17
41173|비산동,41173,비산동,Z41173-호계동,4,16.10310286637218,41,28
41173|관양동,41173,관양동,Z41173-호계동,4,16.126087334172084,14,17
41173|평촌동,41173,평촌동,Z41173-호계동,3,16.24322292334275,24,27
41173|호계동,41173,호계동,Z41173-호계동,4,16.02023986095456,59,56
41192|원미동,41192,원미동,Z41194-송내동,5,15.65821015187817,5,4
41192|심곡동,41192,심곡동,Z41192-심곡동,,15.376158306228943,1,4
41192|춘의동,41192,춘의동,Z41192-춘의동,5,15.706591565545484,6,5
41192|도당동,41192,도당동,Z41192-도당동,5,15.581517531089915,3,5
41192|약대동,41192,약대동,Z41192-약대동,5,15.754130273756909,5,5
41192|역곡동,41192,역곡동,Z41194-송내동,5,15.737662973650872,18,14
41192|중동,41192,중동,Z41192-중동,4,15.887973099198746,40,47
41192|상동,41192,상동,Z41192-중동,5,15.811017648158959,17,47
41194|소사본동,41194,소사본동,Z41194-송내동,5,15.715982577891854,16,19
41194|심곡본동,41194,심곡본동,Z41194-송내동,5,15.716003227328795,3,5
41194|범박동,41194,범박동,Z11530-항동,5,15.706330460561606,12,7
41194|괴안동,41194,괴안동,Z41194-송내동,6,15.5159202486041,15,19
41194|송내동,41194,송내동,Z41194-송내동,5,15.60131698055087,24,21
41194|옥길동,41194,옥길동,Z11530-항동,4,15.989991680069162,9,10
41196|오정동,41196,오정동,Z41196-오정동,6,15.561019009541573,9,6
41196|여월동,41196,여월동,Z41196-여월동,4,15.95839640736462,6,8
41196|작동,41196,작동,Z41196-작동,6,15.477390467161968,2,2
41196|원종동,41196,원종동,Z41196-원종동,5,15.636363248970579,14,18
41196|고강동,41196,고강동,Z41196-고강동,7,15.17793921767357,4,8
41210|광명동,41210,광명동,Z11530-구로동,4,15.901398709141732,30,18
41210|철산동,41210,철산동,Z41210-소하동,3,16.24514493136532,27,19
41210|하안동,41210,하안동,Z41210-소하동,4,16.053576306573234,16,16
41210|소하동,41210,소하동,Z41210-소하동,5,15.836348314026353,23,26
41210|일직동,41210,일직동,Z41210-일직동,2,16.558381425296893,8,4
41220|서정동,41220,서정동,Z41220-이충동,7,15.00066330296344,5,17
41220|장당동,41220,장당동,Z41220-이충동,7,14.969030279635987,10,9
41220|칠괴동,41220,칠괴동,P41220,,,0,1
41220|칠원동,41220,칠원동,Z41220-칠원동,7,14.891041039173158,3,6
41220|가재동,41220,가재동,Z41220-가재동,,14.812173613512313,1,1
41220|장안동,41220,장안동,Z41220-장안동,,15.102543490988596,1,2
41220|이충동,41220,이충동,Z41220-이충동,7,14.97191436191499,8,18
41220|지산동,41220,지산동,Z41220-이충동,8,14.7462026296562,2,13
41220|독곡동,41220,독곡동,Z41220-독곡동,,14.74860840815481,1,6
41220|신장동,41220,신장동,Z41220-신장동,,15.124486671300195,1,4
41220|평택동,41220,평택동,Z41220-평택동,,15.363579524022082,1,6
41220|통복동,41220,통복동,Z41220-비전동,8,14.831431130787271,3,4
41220|군문동,41220,군문동,Z41220-군문동,,15.142900215664849,1,2
41220|합정동,41220,합정동,Z41220-비전동,7,15.08745876718099,5,7
41220|비전동,41220,비전동,Z41220-비전동,8,14.846576804430857,31,39
41220|동삭동,41220,동삭동,Z41220-동삭동,6,15.492131796039823,41,16
41220|세교동,41220,세교동,Z41220-비전동,7,15.182637251963248,10,11
41220|지제동,41220,지제동,Z41220-지제동,,16.043987678804598,1,1
41220|소사동,41220,소사동,Z41220-동삭동,6,15.326282781278262,6,3
41220|용이동,41220,용이동,Z41220-동삭동,6,15.455612690142678,26,15
41220|죽백동,41220,죽백동,Z41220-동삭동,6,15.28164339734954,4,9
41220|고덕동,41220,고덕동,Z41220-고덕동,5,15.794353380987445,12,30
41220|팽성읍,41220,팽성읍,Z41220-팽성읍,8,14.753003497489033,3,9
41220|안중읍,41220,안중읍,Z41220-안중읍,7,15.208903385332448,14,20
41220|포승읍,41220,포승읍,Z41220-포승읍,8,14.651262427354418,13,21
41220|청북읍,41220,청북읍,Z41220-청북읍,7,14.938621867120709,7,13
41220|진위면,41220,진위면,Z41220-진위면,8,14.653240695278654,2,4
41220|고덕면,41220,고덕면,Z41220-고덕면,7,14.88165924584618,6,3
41220|현덕면,41220,현덕면,Z41220-현덕면,7,15.141185441752832,2,2
41250|송내동,41250,송내동,Z41250-송내동,8,14.817805423146703,4,5
41250|지행동,41250,지행동,Z41250-지행동,8,14.793456209114922,12,14
41250|생연동,41250,생연동,Z41250-생연동,8,14.375126345899696,29,22
41250|동두천동,41250,동두천동,Z41250-동두천동,,14.57765061001117,1,2
41250|상패동,41250,상패동,P41250,,,0,1
41271|이동,41271,이동,P41271,,,0,2
41271|사동,41271,사동,Z41271-사동,5,15.633929357188462,16,22
41271|본오동,41271,본오동,Z41271-사동,6,15.360109558744108,6,7
41271|성포동,41271,성포동,Z41271-성포동,6,15.506162124528329,14,8
41271|월피동,41271,월피동,Z41271-성포동,6,15.349635557406463,6,7
41271|팔곡일동,41271,팔곡일동,P41271,,,0,1
41271|건건동,41271,건건동,Z41271-건건동,5,15.638522570696434,3,3
41271|사사동,41271,사사동,P41271,,,0,1
41271|장상동,41271,장상동,Z41271-장상동,,15.0287622141858,1,1
41273|고잔동,41273,고잔동,Z41273-고잔동,4,15.910717008382047,25,27
41273|와동,41273,와동,Z41273-와동,6,15.504991178071911,3,2
41273|신길동,41273,신길동,Z41273-신길동,6,15.468804757429318,10,13
41273|초지동,41273,초지동,Z41273-고잔동,5,15.686163491544033,6,13
41273|원곡동,41273,원곡동,Z41273-고잔동,5,15.676827710894239,17,6
41273|선부동,41273,선부동,Z41273-고잔동,5,15.759718578949057,21,21
41281|주교동,41281,주교동,Z41281-주교동,6,15.275017224894048,2,6
41281|신원동,41281,신원동,Z41281-원흥동,4,15.892766402584513,2,9
41281|원흥동,41281,원흥동,Z41281-원흥동,4,16.0095736208372,8,12
41281|도내동,41281,도내동,Z41281-원흥동,4,16.048137062351408,7,5
41281|성사동,41281,성사동,Z41281-성사동,5,15.864093277246145,2,12
41281|지축동,41281,지축동,Z11380-진관동,4,16.180716832218557,10,12
41281|오금동,41281,오금동,P41281,,,0,10
41281|삼송동,41281,삼송동,Z41281-원흥동,4,16.170532847787655,4,5
41281|동산동,41281,동산동,Z41281-동산동,,16.035296170686138,1,3
41281|고양동,41281,고양동,Z41281-고양동,7,14.987552969914674,8,14
41281|관산동,41281,관산동,Z41281-관산동,6,15.250365938688558,6,6
41281|토당동,41281,토당동,Z41281-행신동,5,15.66227665670454,7,12
41281|화정동,41281,화정동,Z41281-화정동,6,15.48538082149527,4,21
41281|행신동,41281,행신동,Z41281-행신동,5,15.694157388555832,13,48
41281|덕은동,41281,덕은동,Z41281-덕은동,3,16.332835643114336,8,9
41281|향동동,41281,향동동,Z11440-상암동,4,16.13665882599424,10,10
41285|식사동,41285,식사동,Z41285-식사동,4,15.893411359474449,4,10
41285|중산동,41285,중산동,Z41287-일산동,6,15.333285018097495,14,21
41285|정발산동,41285,정발산동,P41285,,,0,11
41285|장항동,41285,장항동,Z41285-백석동,3,16.484141858491988,4,11
41285|마두동,41285,마두동,P41285,,,0,16
41285|백석동,41285,백석동,Z41285-백석동,3,16.25763841468335,2,17
41285|풍동,41285,풍동,Z41287-일산동,6,15.493941341885327,3,17
41285|사리현동,41285,사리현동,Z41285-사리현동,7,15.02686870391769,2,3
41285|성석동,41285,성석동,Z41285-성석동,7,15.02016715927192,2,1
41287|일산동,41287,일산동,Z41287-일산동,6,15.25812279025859,24,48
41287|주엽동,41287,주엽동,Z41287-일산동,5,15.606557319922423,32,39
41287|탄현동,41287,탄현동,Z41480-동패동,5,15.59822019167241,5,21
41287|대화동,41287,대화동,Z41287-대화동,4,15.997717503461566,2,23
41287|덕이동,41287,덕이동,Z41480-동패동,7,15.216581611286365,6,13
41287|가좌동,41287,가좌동,Z41287-가좌동,,15.637870467641045,1,6
41290|갈현동,41290,갈현동,Z41290-갈현동,2,16.867220546771424,6,11
41290|중앙동,41290,중앙동,Z41290-중앙동,1,17.15205162743529,4,3
41290|원문동,41290,원문동,Z41290-중앙동,1,17.153338846699064,4,2
41290|별양동,41290,별양동,Z41290-중앙동,1,17.14863918167797,6,2
41290|부림동,41290,부림동,Z41290-중앙동,1,17.16566163360639,2,1
41310|갈매동,41310,갈매동,Z41310-갈매동,4,16.01760251922361,12,10
41310|인창동,41310,인창동,Z41360-다산동,4,15.943386757866344,28,33
41310|교문동,41310,교문동,Z41360-다산동,4,15.952581212480746,9,15
41310|수택동,41310,수택동,Z41360-다산동,4,16.006121979408775,27,20
41310|토평동,41310,토평동,Z41360-다산동,4,16.029339793916364,6,9
41360|호평동,41360,호평동,Z41360-호평동,6,15.491731821766162,22,26
41360|평내동,41360,평내동,Z41360-호평동,6,15.391662492764908,17,17
41360|금곡동,41360,금곡동,Z41360-금곡동,6,15.270797790571116,7,8
41360|별내동,41360,별내동,Z41360-별내동,4,15.909723416964423,15,39
41360|다산동,41360,다산동,Z41360-다산동,4,16.079572755713336,44,52
41360|와부읍,41360,와부읍,Z41360-와부읍,5,15.701412834295704,16,25
41360|진접읍,41360,진접읍,Z41360-진접읍,7,15.24578543112613,30,39
41360|화도읍,41360,화도읍,Z41360-화도읍,6,15.349576909819744,56,48
41360|진건읍,41360,진건읍,Z41360-진건읍,7,14.97707112094662,15,12
41360|오남읍,41360,오남읍,Z41360-오남읍,7,14.9991869485196,28,32
41360|퇴계원읍,41360,퇴계원읍,Z41360-퇴계원읍,6,15.480518321553186,15,13
41360|별내면,41360,별내면,Z41360-별내면,7,15.145144885518674,11,10
41370|오산동,41370,오산동,Z41370-수청동,6,15.493863082507861,2,6
41370|부산동,41370,부산동,Z41370-수청동,5,15.578856623354858,6,5
41370|원동,41370,원동,Z41370-원동,6,15.262106875083177,18,21
41370|궐동,41370,궐동,Z41370-원동,7,15.235141339351756,7,9
41370|청학동,41370,청학동,P41370,,,0,2
41370|금암동,41370,금암동,Z41595-병점동,6,15.320742538472857,6,10
41370|수청동,41370,수청동,Z41370-수청동,6,15.435066600563959,9,8
41370|은계동,41370,은계동,Z41370-은계동,7,15.146235067929354,3,3
41370|내삼미동,41370,내삼미동,Z41597-반송동,5,15.66602548958606,3,4
41370|외삼미동,41370,외삼미동,Z41597-반송동,5,15.773423203653216,2,1
41370|양산동,41370,양산동,Z41595-병점동,6,15.437958707134388,3,3
41370|세교동,41370,세교동,Z41595-병점동,6,15.551700176037519,3,3
41370|지곶동,41370,지곶동,Z41370-지곶동,6,15.295270647089842,3,1
41370|서동,41370,서동,Z41370-서동,5,15.672867309678143,5,4
41370|탑동,41370,탑동,Z41370-탑동,5,15.594444857892858,2,2
41370|누읍동,41370,누읍동,Z41370-원동,7,14.971618368050368,2,4
41370|가수동,41370,가수동,Z41370-가수동,6,15.53423909090481,5,5
41370|고현동,41370,고현동,Z41370-고현동,6,15.352993973780945,2,2
41370|청호동,41370,청호동,Z41370-원동,7,15.088476233777161,3,4
41370|갈곶동,41370,갈곶동,Z41370-원동,7,15.126093097348468,7,8
41390|대야동,41390,대야동,Z41390-은행동,6,15.498178205098387,20,19
41390|신천동,41390,신천동,Z41390-은행동,6,15.439719787718687,11,9
41390|포동,41390,포동,P41390,,,0,2
41390|미산동,41390,미산동,Z41390-미산동,7,15.02159753034497,2,3
41390|은행동,41390,은행동,Z41390-은행동,5,15.725553313015503,26,24
41390|매화동,41390,매화동,Z41390-하중동,7,15.17605242298175,3,4
41390|도창동,41390,도창동,P41390,,,0,1
41390|능곡동,41390,능곡동,Z41390-능곡동,5,15.82801341080867,6,18
41390|하중동,41390,하중동,Z41390-하중동,7,14.951340962208892,2,5
41390|하상동,41390,하상동,Z41390-하중동,7,15.140940873087512,4,3
41390|광석동,41390,광석동,Z41390-광석동,5,15.808116192036874,2,1
41390|산현동,41390,산현동,Z41390-조남동,5,15.705850855864776,3,4
41390|조남동,41390,조남동,Z41390-조남동,5,15.751571452302255,8,16
41390|논곡동,41390,논곡동,Z41390-논곡동,6,15.317702940044777,7,3
41390|목감동,41390,목감동,Z41390-목감동,,15.521486397441022,1,3
41390|거모동,41390,거모동,Z41390-거모동,7,14.988906150713545,12,10
41390|군자동,41390,군자동,Z41390-군자동,4,15.963944971131061,3,3
41390|장현동,41390,장현동,Z41390-능곡동,5,15.618506100459255,11,12
41390|장곡동,41390,장곡동,Z41390-능곡동,6,15.364164092235981,6,17
41390|월곶동,41390,월곶동,Z28200-논현동,6,15.341551556410387,10,12
41390|정왕동,41390,정왕동,Z41390-정왕동,6,15.385357841642083,16,61
41390|죽율동,41390,죽율동,Z41273-신길동,6,15.438364027667017,4,2
41390|배곧동,41390,배곧동,Z41390-배곧동,5,15.757159942158733,13,16
41410|당동,41410,당동,Z41410-당동,5,15.703661872867395,9,19
41410|당정동,41410,당정동,Z41410-당정동,,15.591269685845887,1,7
41410|부곡동,41410,부곡동,Z41410-당동,5,15.695594355697587,3,9
41410|산본동,41410,산본동,Z41410-산본동,4,15.99941935932472,13,37
41410|금정동,41410,금정동,Z41410-당동,5,15.674699198482712,8,14
41410|대야미동,41410,대야미동,Z41410-당동,6,15.379949248175066,4,5
41410|도마교동,41410,도마교동,Z41410-당동,5,15.830413578506539,7,6
41430|고천동,41430,고천동,P41430,,,0,2
41430|삼동,41430,삼동,Z41410-당동,5,15.606091615145564,6,14
41430|왕곡동,41430,왕곡동,Z41430-오전동,6,15.553281196074249,2,5
41430|오전동,41430,오전동,Z41430-오전동,5,15.662883176615136,16,22
41430|학의동,41430,학의동,Z41430-학의동,4,16.087033640471766,8,8
41430|내손동,41430,내손동,Z41173-호계동,4,15.956788697881391,8,14
41430|청계동,41430,청계동,Z41430-학의동,4,16.09123741067145,4,5
41430|포일동,41430,포일동,Z41173-호계동,4,16.16210926964569,16,13
41430|초평동,41430,초평동,P41430,,,0,1
41450|창우동,41450,창우동,Z41450-덕풍동,4,15.979523367383823,4,4
41450|신장동,41450,신장동,Z41450-덕풍동,4,15.98063847914743,12,16
41450|덕풍동,41450,덕풍동,Z41450-덕풍동,4,15.93984537949391,26,29
41450|망월동,41450,망월동,Z11740-강일동,3,16.360456121784114,24,18
41450|풍산동,41450,풍산동,Z11740-강일동,3,16.331669751256378,11,13
41450|선동,41450,선동,Z11740-강일동,3,16.321863510853284,7,8
41450|감일동,41450,감일동,Z41450-감일동,3,16.40076123901038,2,6
41450|감이동,41450,감이동,Z11710-가락동,3,16.47615613820089,14,13
41450|학암동,41450,학암동,Z11710-장지동,2,16.605473352393687,2,12
41461|김량장동,41461,김량장동,Z41461-김량장동,4,15.99807797750052,5,11
41461|역북동,41461,역북동,Z41461-김량장동,5,15.757640662189669,16,11
41461|삼가동,41461,삼가동,Z41461-삼가동,6,15.27771823341569,5,8
41461|남동,41461,남동,Z41461-남동,,15.032787327916573,1,1
41461|유방동,41461,유방동,Z41461-포곡읍,7,14.971751959469021,7,5
41461|고림동,41461,고림동,Z41461-고림동,5,15.695020107474186,16,14
41461|마평동,41461,마평동,Z41461-마평동,7,14.912790448079827,6,5
41461|포곡읍,41461,포곡읍,Z41461-포곡읍,7,15.133384449582094,6,7
41461|모현읍,41461,모현읍,Z41461-모현읍,5,15.705850855864776,7,6
41461|이동읍,41461,이동읍,Z41461-이동읍,7,15.053086142746638,12,7
41461|남사읍,41461,남사읍,Z41461-남사읍,6,15.461512189673158,10,6
41461|양지읍,41461,양지읍,Z41461-양지읍,6,15.259262335777944,2,3
41463|신갈동,41463,신갈동,Z41463-신갈동,4,15.876023675782939,20,22
41463|구갈동,41463,구갈동,Z41463-신갈동,4,16.03833661707013,14,21
41463|상갈동,41463,상갈동,Z41463-상갈동,,15.836047396224794,1,5
41463|하갈동,41463,하갈동,Z41463-하갈동,,15.322889377349602,1,1
41463|보라동,41463,보라동,Z41463-보라동,6,15.46329249799498,6,11
41463|지곡동,41463,지곡동,P41463,,,0,1
41463|공세동,41463,공세동,Z41463-보라동,7,15.124636564566973,6,8
41463|고매동,41463,고매동,Z41463-보라동,7,14.981711781987496,6,5
41463|농서동,41463,농서동,P41463,,,0,1
41463|서천동,41463,서천동,Z41117-망포동,4,15.966790882432512,6,10
41463|영덕동,41463,영덕동,Z41463-영덕동,5,15.780706327274624,17,23
41463|언남동,41463,언남동,Z41463-신갈동,5,15.856183509819818,8,11
41463|마북동,41463,마북동,Z41465-죽전동,4,15.884480799776815,17,23
41463|청덕동,41463,청덕동,Z41463-중동,6,15.436782928045377,7,10
41463|동백동,41463,동백동,Z41463-중동,5,15.573984049558863,13,20
41463|중동,41463,중동,Z41463-중동,5,15.67587694728999,8,22
41463|상하동,41463,상하동,Z41463-상하동,6,15.288801495472486,4,11
41463|보정동,41463,보정동,Z41465-죽전동,4,15.940050650931626,9,20
41465|풍덕천동,41465,풍덕천동,Z41465-죽전동,3,16.194284789315866,19,36
41465|죽전동,41465,죽전동,Z41465-죽전동,4,15.987954101826487,34,55
41465|동천동,41465,동천동,Z41465-죽전동,3,16.230212949079025,21,25
41465|신봉동,41465,신봉동,Z41465-성복동,4,16.06836710678246,14,22
41465|성복동,41465,성복동,Z41465-성복동,4,16.06930548678889,11,24
41465|상현동,41465,상현동,Z41465-죽전동,4,16.11928541909391,31,46
41480|금촌동,41480,금촌동,Z41480-금촌동,7,14.864487730997388,3,30
41480|아동동,41480,아동동,P41480,,,0,8
41480|야동동,41480,야동동,P41480,,,0,1
41480|검산동,41480,검산동,P41480,,,0,2
41480|야당동,41480,야당동,Z41480-동패동,6,15.352743512550543,2,9
41480|다율동,41480,다율동,Z41480-다율동,5,15.587229276308882,3,14
41480|동패동,41480,동패동,Z41480-동패동,6,15.39754949621026,5,32
41480|당하동,41480,당하동,P41480,,,0,1
41480|문발동,41480,문발동,P41480,,,0,4
41480|목동동,41480,목동동,Z41480-동패동,6,15.466912669497408,19,19
41480|신촌동,41480,신촌동,P41480,,,0,1
41480|와동동,41480,와동동,Z41480-동패동,6,15.473067167195133,12,17
41480|금릉동,41480,금릉동,P41480,,,0,2
41480|문산읍,41480,문산읍,Z41480-문산읍,8,14.740204848996619,22,29
41480|파주읍,41480,파주읍,Z41480-파주읍,,14.602343222601542,1,3
41480|법원읍,41480,법원읍,Z41480-법원읍,8,14.48180731326132,2,3
41480|조리읍,41480,조리읍,Z41480-조리읍,6,15.270945310416277,2,12
41480|탄현면,41480,탄현면,P41480,,,0,2
41480|광탄면,41480,광탄면,Z41480-광탄면,,14.652551918184288,1,1
41500|창전동,41500,창전동,Z41500-창전동,8,14.510344080763538,2,4
41500|관고동,41500,관고동,Z41500-증포동,7,14.86645980379885,6,4
41500|중리동,41500,중리동,Z41500-중리동,,15.164665372134708,1,1
41500|증일동,41500,증일동,Z41500-증일동,,15.172357717757864,1,4
41500|안흥동,41500,안흥동,Z41500-증포동,8,14.848272309576487,4,5
41500|갈산동,41500,갈산동,Z41500-증포동,7,14.890025295053324,9,9
41500|증포동,41500,증포동,Z41500-증포동,7,15.171586435734456,14,18
41500|송정동,41500,송정동,Z41500-증포동,7,14.945375390136489,13,9
41500|사음동,41500,사음동,Z41500-사음동,7,14.878949415265726,2,1
41500|고담동,41500,고담동,Z41500-고담동,,14.605049584199286,1,1
41500|장호원읍,41500,장호원읍,Z41500-장호원읍,8,14.534085852798823,10,7
41500|부발읍,41500,부발읍,Z41500-부발읍,8,14.779312722219132,10,20
41500|신둔면,41500,신둔면,Z41500-증포동,7,14.979160583441502,6,4
41500|백사면,41500,백사면,Z41500-백사면,8,14.621639952352144,4,2
41500|호법면,41500,호법면,P41500,,,0,1
41500|마장면,41500,마장면,Z41500-마장면,6,15.348360241115202,3,6
41500|대월면,41500,대월면,Z41500-부발읍,7,14.883910731822578,10,6
41550|봉산동,41550,봉산동,Z41550-당왕동,8,14.375389820142953,2,1
41550|숭인동,41550,숭인동,Z41550-당왕동,8,14.52208075885636,3,1
41550|낙원동,41550,낙원동,P41550,,,0,1
41550|금산동,41550,금산동,Z41550-당왕동,8,14.519765024049562,4,3
41550|석정동,41550,석정동,Z41550-석정동,6,15.36436607742002,3,4
41550|아양동,41550,아양동,P41550,,,0,8
41550|금석동,41550,금석동,P41550,,,0,1
41550|옥산동,41550,옥산동,Z41550-옥산동,,15.331422412387552,1,3
41550|당왕동,41550,당왕동,Z41550-당왕동,8,14.71741255238633,11,7
41550|가사동,41550,가사동,Z41550-가사동,7,15.213785181901628,2,1
41550|신소현동,41550,신소현동,Z41550-당왕동,8,14.79404206839073,2,2
41550|중리동,41550,중리동,Z41550-중리동,,14.428118876040207,1,2
41550|공도읍,41550,공도읍,Z41550-공도읍,7,15.067196426567763,30,35
41550|보개면,41550,보개면,P41550,,,0,1
41550|금광면,41550,금광면,P41550,,,0,1
41550|미양면,41550,미양면,Z41550-미양면,8,14.396480269273965,2,2
41550|대덕면,41550,대덕면,Z41550-당왕동,8,14.747804458863317,6,3
41550|원곡면,41550,원곡면,Z41550-원곡면,7,14.986893339212141,2,1
41550|일죽면,41550,일죽면,P41550,,,0,1
41550|죽산면,41550,죽산면,P41550,,,0,1
41570|북변동,41570,북변동,Z41570-풍무동,6,15.2662812189151,8,12
41570|걸포동,41570,걸포동,Z41570-걸포동,4,15.876933594141432,11,7
41570|운양동,41570,운양동,Z41570-장기동,5,15.674263107253207,8,22
41570|장기동,41570,장기동,Z41570-장기동,5,15.578078221091525,7,30
41570|감정동,41570,감정동,Z41570-풍무동,7,15.22096541682324,7,12
41570|사우동,41570,사우동,Z41570-풍무동,6,15.28021657110333,13,10
41570|풍무동,41570,풍무동,Z41570-풍무동,6,15.330805154029026,20,20
41570|마산동,41570,마산동,Z41570-구래동,6,15.44789740338392,11,12
41570|구래동,41570,구래동,Z41570-구래동,6,15.546428367936084,15,19
41570|통진읍,41570,통진읍,Z41570-통진읍,6,15.379173688635234,8,15
41570|고촌읍,41570,고촌읍,Z41570-고촌읍,5,15.766086675187978,17,21
41570|양촌읍,41570,양촌읍,Z41570-구래동,6,15.36521164383123,10,18
41591|새솔동,41591,새솔동,Z41271-사동,5,15.621552466477972,5,12
41591|우정읍,41591,우정읍,Z41591-우정읍,6,15.332684493660393,3,5
41591|향남읍,41591,향남읍,Z41591-향남읍,6,15.270797790571116,11,37
41591|남양읍,41591,남양읍,Z41591-남양읍,6,15.441755588714756,29,29
41591|송산면,41591,송산면,P41591,,,0,2
41591|팔탄면,41591,팔탄면,P41591,,,0,1
41591|장안면,41591,장안면,Z41591-장안면,,14.70430814925823,1,1
41593|기안동,41593,기안동,Z41593-봉담읍,7,14.905653425814412,6,7
41593|봉담읍,41593,봉담읍,Z41593-봉담읍,7,15.236866096189868,48,49
41593|매송면,41593,매송면,P41593,,,0,1
41593|비봉면,41593,비봉면,Z41593-비봉면,6,15.464688799047888,5,8
41593|정남면,41593,정남면,Z41593-정남면,8,14.793615822619758,2,2
41595|진안동,41595,진안동,Z41595-병점동,6,15.317821168449893,4,7
41595|병점동,41595,병점동,Z41595-병점동,6,15.455086986684499,22,28
41595|능동,41595,능동,Z41597-반송동,5,15.720394802375143,4,4
41595|기산동,41595,기산동,Z41595-기산동,6,15.536777580080717,4,5
41595|반월동,41595,반월동,Z41117-망포동,5,15.838318758013653,19,14
41595|반정동,41595,반정동,Z41595-반정동,4,16.069840716132234,6,2
41595|송산동,41595,송산동,Z41595-안녕동,7,14.9730844047028,5,4
41595|안녕동,41595,안녕동,Z41595-안녕동,7,15.117225647063147,7,8
41597|능동,41597,능동,Z41597-반송동,5,15.778227825335968,9,17
41597|반송동,41597,반송동,Z41597-반송동,4,15.907704831194764,14,31
41597|석우동,41597,석우동,P41597,,,0,4
41597|청계동,41597,청계동,Z41597-영천동,3,16.207463824432192,22,19
41597|영천동,41597,영천동,Z41597-영천동,4,15.90837511997625,17,23
41597|신동,41597,신동,Z41597-신동,,15.820192024435,1,11
41597|목동,41597,목동,Z41597-여울동,4,15.888597492367577,11,10
41597|산척동,41597,산척동,Z41597-여울동,4,15.962900804962725,6,16
41597|장지동,41597,장지동,Z41597-여울동,4,15.961712757967033,16,20
41597|송동,41597,송동,Z41597-여울동,4,16.13218511583362,3,3
41597|여울동,41597,여울동,Z41597-여울동,3,16.40723008684983,14,25
41610|경안동,41610,경안동,Z41610-탄벌동,7,15.088476233777161,3,4
41610|쌍령동,41610,쌍령동,Z41610-초월읍,6,15.313138605880749,8,7
41610|송정동,41610,송정동,Z41610-송정동,5,15.711555168498778,2,8
41610|회덕동,41610,회덕동,Z41610-탄벌동,7,15.239765681323387,5,2
41610|탄벌동,41610,탄벌동,Z41610-탄벌동,6,15.39043096551566,11,11
41610|목현동,41610,목현동,Z41610-목현동,,14.910146698252744,1,1
41610|삼동,41610,삼동,Z41610-삼동,4,15.963944971131061,3,2
41610|태전동,41610,태전동,Z41610-태전동,5,15.618614168575524,15,20
41610|장지동,41610,장지동,Z41610-장지동,6,15.50658170949784,2,3
41610|역동,41610,역동,Z41610-태전동,4,15.940358165829302,9,6
41610|고산동,41610,고산동,Z41610-고산동,4,15.921385356712266,7,5
41610|신현동,41610,신현동,Z41610-신현동,5,15.766509776527059,13,11
41610|능평동,41610,능평동,Z41610-능평동,,15.270797790571116,1,5
41610|문형동,41610,문형동,Z41610-문형동,8,14.822773068044155,3,3
41610|추자동,41610,추자동,Z41610-추자동,6,15.377143035053724,2,1
41610|매산동,41610,매산동,Z41610-매산동,,14.8184157626752,1,1
41610|양벌동,41610,양벌동,Z41610-양벌동,7,15.228974824436092,9,9
41610|초월읍,41610,초월읍,Z41610-초월읍,6,15.536707391451378,15,18
41610|곤지암읍,41610,곤지암읍,Z41610-곤지암읍,7,15.125290206899878,5,6
41610|도척면,41610,도척면,Z41610-도척면,,14.626440774180603,1,1
41630|산북동,41630,산북동,Z41630-산북동,,14.547334576698086,1,1
41630|광사동,41630,광사동,Z41630-삼숭동,7,15.107284665562815,4,7
41630|만송동,41630,만송동,Z41630-만송동,,15.304407397563532,1,6
41630|삼숭동,41630,삼숭동,Z41630-삼숭동,8,14.832259472602672,22,12
41630|고읍동,41630,고읍동,Z41630-삼숭동,7,15.150952685801236,6,7
41630|덕정동,41630,덕정동,Z41630-덕정동,7,15.16493810225937,8,9
41630|옥정동,41630,옥정동,Z41630-옥정동,6,15.45467750535095,24,40
41630|고암동,41630,고암동,P41630,,,0,7
41630|덕계동,41630,덕계동,Z41630-덕계동,7,14.9374577503981,18,23
41630|회정동,41630,회정동,Z41630-회정동,7,15.111268219588036,6,4
41630|백석읍,41630,백석읍,Z41630-백석읍,8,14.632074591898858,13,18
41630|광적면,41630,광적면,Z41630-광적면,8,14.714706856479129,7,4
41630|장흥면,41630,장흥면,Z41630-장흥면,7,15.215085194174314,2,6
41650|신읍동,41650,신읍동,Z41650-신읍동,8,14.453087887369408,15,12
41650|어룡동,41650,어룡동,Z41650-어룡동,7,15.209606677731694,4,2
41650|선단동,41650,선단동,Z41650-선단동,,14.631717831281447,1,1
41650|소흘읍,41650,소흘읍,Z41650-소흘읍,8,14.63355229783966,16,16
41650|군내면,41650,군내면,Z41650-군내면,7,15.186428639377917,8,5
41650|신북면,41650,신북면,Z41650-신북면,8,13.745306299291025,3,5
41650|일동면,41650,일동면,Z41650-일동면,8,14.783229982558282,2,1
41670|홍문동,41670,홍문동,Z41670-홍문동,8,14.585397874437447,6,4
41670|하동,41670,하동,P41670,,,0,1
41670|교동,41670,교동,Z41670-교동,6,15.45775285714973,12,9
41670|월송동,41670,월송동,Z41670-홍문동,8,14.639581567741661,3,3
41670|점봉동,41670,점봉동,Z41670-점봉동,8,14.343963382051005,2,3
41670|멱곡동,41670,멱곡동,Z41670-멱곡동,8,14.657847073334768,2,1
41670|연양동,41670,연양동,Z41670-연양동,,14.605049584199286,1,1
41670|천송동,41670,천송동,Z41670-천송동,6,15.436503079670487,3,3
41670|오학동,41670,오학동,Z41670-오학동,7,14.955886039683943,4,4
41670|현암동,41670,현암동,Z41670-오학동,7,15.00509462483811,3,4
41670|가남읍,41670,가남읍,Z41670-가남읍,8,14.230946133438714,2,4
41800|연천읍,41800,연천읍,P41800,,,0,3
41800|전곡읍,41800,전곡읍,P41800,,,0,9
41800|청산면,41800,청산면,P41800,,,0,1
41820|가평읍,41820,가평읍,P41820,,,0,12
41820|설악면,41820,설악면,P41820,,,0,2
41820|청평면,41820,청평면,P41820,,,0,6
41830|양평읍,41830,양평읍,P41830,,,0,20
41830|강상면,41830,강상면,P41830,,,0,4
41830|양서면,41830,양서면,P41830,,,0,1
41830|용문면,41830,용문면,P41830,,,0,2
