complex_id,complex_name,lawd_cd,gu,project,biz_type,stage,jibun,meters
4014,개포주공7단지,11680,강남구,"개포주공6,7단지아파트 재건축정비사업조합",재건축,사업시행인가,개포동 185,126.4
4016,개포주공5단지,11680,강남구,개포주공5단지아파트 재건축정비사업 조합,재건축,관리처분인가,개포동 187,64.2
4010,개포경남아파트,11680,강남구,개포 경남·우성3차·현대1차 통합 재건축정비사업,재건축,추진위원회승인,개포동 649,34.2
4006,개포2차 현대아파트,11680,강남구,개포현대2차아파트 재건축정비사업,재건축,추진위원회승인,개포동 654,89.2
4001,개포래미안포레스트,11680,강남구,"개포현대2차아파트 200동,220동 소규모재건축사업조합",소규모재건축,조합설립인가,개포동 655,114.6
3999,개포6차우성아파트,11680,강남구,개포우성6차아파트 재건축정비사업조합,재건축,조합설립인가,개포동 658-1,42.2
3997,디에이치퍼스티어아이파크,11680,강남구,개포1동주공아파트 주택재건축정비사업조합,재건축,착공,개포동 660-4,60.9
4114,논현동현,11680,강남구,논현동현아파트 재건축정비사업,재건축,추진위원회승인,논현동 105,130.1
4086,대치우성1차아파트,11680,강남구,대치우성1차아파트 재건축정비사업조합,재건축,사업시행인가,대치동 63,84.0
4085,대치쌍용2차,11680,강남구,대치쌍용2차아파트 주택재건축정비사업조합,재건축,사업시행인가,대치동 65,41.1
4087,쌍용대치1차,11680,강남구,대치쌍용1차아파트 주택재건축정비사업조합,재건축,사업시행인가,대치동 66,92.6
4088,은마,11680,강남구,은마아파트 재건축정비사업조합,재건축,사업시행인가,대치동 316,211.3
4089,대치선경,11680,강남구,대치선경아파트 재건축정비사업,재건축,추진위원회승인,대치동 506,159.0
4066,디에이치 대치 에델루이아파트,11680,강남구,대치동 구마을 제3지구 재건축정비사업조합,재건축,준공인가,대치동 964,35.3
4068,대치르엘,11680,강남구,대치제2지구 재건축정비사업조합,재건축,이전고시,대치동 977,146.8
4186,도곡개포한신아파트,11680,강남구,도곡개포한신아파트 주택재건축정비사업조합,재건축,관리처분인가,도곡동 464,125.8
4184,개포4차우성,11680,강남구,개포우성4차아파트 주택재건축정비사업조합,재건축,조합설립인가,도곡동 465,110.2
4179,역삼삼익,11680,강남구,도곡삼익아파트 재건축정비사업 조합설립추진위원회,재건축,추진위원회승인,도곡동 869,55.3
4182,도곡우성아파트,11680,강남구,도곡우성아파트 재건축정비사업 조합,재건축,조합설립인가,도곡동 934-10,23.7
4038,아크로삼성,11680,강남구,홍실아파트 주택재건축정비사업조합,재건축,준공인가,삼성동 79,145.6
4119,"압구정 현대(10,13,14차)",11680,강남구,압구정아파트지구 특별계획구역③ 재건축정비사업 조합,재건축,조합설립인가,압구정동 369-1,130.5
4116,압구정미성1차,11680,강남구,압구정아파트지구 특별계획구역① 재건축사업,재건축,추진위원회승인,압구정동 414,86.6
4120,압구정현대8차,11680,강남구,압구정아파트지구 특별계획구역4,재건축,조합설립인가,압구정동 481,87.2
3980,역삼래미안펜타빌,11680,강남구,개나리4차아파트주택재건축정비사업 조합,재건축,이전고시,역삼동 712,55.6
3996,역삼래미안,11680,강남구,"역삼동(758,은하수,760) 주택재건축정비사업조합",재건축,분양,역삼동 758,131.3
4157,개포7차우성,11680,강남구,개포우성7차아파트 재건축정비사업조합,재건축,조합설립인가,일원동 615,83.4
4147,디에이치포레센트아파트,11680,강남구,일원개포한신아파트 재건축정비사업조합,재건축,관리처분인가,일원동 615-1,142.9
4158,한솔마을,11680,강남구,한솔아파트 재건축정비사업,재건축,추진위원회승인,일원동 731,135.3
4159,상록수아파트,11680,강남구,상록수아파트 재건축정비사업,재건축,추진위원회승인,일원동 734,113.8
4151,수서가람,11680,강남구,가람아파트 재건축정비사업,재건축,추진위원회승인,일원동 735,119.9
4018,청담르엘,11680,강남구,청담삼익아파트 재건축정비사업 조합,재건축,준공인가,청담동 134-18,40.6
4028,청담삼성진흥,11680,강남구,청담현대1차아파트 소규모재건축정비사업,소규모재건축,조합설립인가,청담동 75-1,77.3
4400,고덕아남,11740,강동구,고덕대우아파트 소규모재건축사업,소규모재건축,조합설립인가,고덕동 470,90.9
4422,강동헤리티지자이,11740,강동구,"길동신동아1,2차아파트 주택재건축정비사업조합",재건축,준공인가,길동 160,98.3
4430,길동우성1차,11740,강동구,길동한전우성아파트 소규모주택정비사업조합,소규모재건축,조합설립인가,길동 332,51.1
4383,명일삼익그린11차,11740,강동구,삼익그린11차아파트 소규모재건축사업 조합,소규모재건축,조합설립인가,명일동 38,71.4
4388,명일동우성,11740,강동구,명일우성아파트 재건축정비사업,재건축,정비계획 수립,명일동 42,144.5
4385,명일신동아,11740,강동구,명일동 신동아아파트 재건축정비사업,재건축,추진위원회승인,명일동 44,103.0
4389,명일한양,11740,강동구,명일 한양아파트 재건축정비사업,재건축,추진위원회승인,명일동 54,92.3
4386,고덕현대아파트,11740,강동구,고덕현대아파트 재건축정비사업,재건축,추진위원회승인,명일동 56,122.6
4390,고덕주공9단지,11740,강동구,고덕주공9단지아파트 재건축정비사업,재건축,추진위원회승인,명일동 257,145.6
4381,"명일삼익가든1,2차",11740,강동구,삼익맨숀아파트 재건축정비사업조합,재건축,조합설립인가,명일동 270,108.8
4408,상일우성타운,11740,강동구,상일동 빌라단지 통합 재건축,재건축,추진위원회승인,상일동 174,111.1
4470,성내현대,11740,강동구,성내 현대아파트 재건축 정비사업,재건축,안전진단,성내동 30-2,48.4
4473,성내1차e-편한세상,11740,강동구,목화연립 주택재건축정비사업조합,재건축,사업시행인가,성내동 209,123.0
4454,프라이어팰리스,11740,강동구,강동2단지아파트 재건축정비사업조합,재건축,이전고시,암사동 413,147.7
4494,천호우성,11740,강동구,천호우성아파트 주택재건축정비사업 조합,재건축,관리처분인가,천호동 19-1,86.5
4476,이편한세상 강동 프레스티지원,11740,강동구,천호3 주택재건축정비사업조합,재건축,분양,천호동 423-76,90.9
1994,번동주공5단지,11305,강북구,번동 3구역 가로주택 정비사업 조합,가로주택정비,사업시행인가,번동 430-27,293.7
2989,등촌태진아름,11500,강서구,등촌1구역주택재건축정비사업조합,재건축,착공,등촌동 366-24,73.5
2959,코오롱하늘채아파트,11500,강서구,태원연립주택재건축정비사업조합,재건축,이전고시,등촌동 651,105.9
3089,마곡푸르지오,11500,강서구,신안빌라주택재건축정비사업조합설립추진위원회,재건축,정비구역지정,마곡동 327-53,143.1
3089,마곡푸르지오,11500,강서구,신안빌라주택재건축정비사업,재건축,사업시행인가,마곡동 327-53,143.1
3079,해태아파트,11500,강서구,방화6재정비촉진구역 주택재건축정비사업조합,재건축,분양,방화동 608-97,147.3
2934,염창우성1차,11500,강서구,염창동 우성1차·2차·삼천리아파트 통합재건축정비사업,재건축,추진위원회승인,염창동 70-11,11.4
2939,염창무학,11500,강서구,염창무학아파트 리모델링주택조합,리모델링,지구단위계획수립/건축심의/교통심의,염창동 255,21.0
2925,염창롯데캐슬,11500,강서구,우성주택 소규모재건축정비사업조합,소규모재건축,조합설립인가,염창동 276-1,71.3
2914,염창현대아이파크아파트,11500,강서구,덕수연립주택재건축정비사업조합,재건축,조합해산,염창동 283,122.2
3764,남현우림루미아트,11620,관악구,경성연립 주택재건축정비사업 조합,재건축,준공인가,남현동 1079-13,80.8
3754,신림건영1차,11620,관악구,미성동 건영아파트  재건축정비사업 조합,재건축,조합설립인가,신림동 746-43,22.1
3727,힐스테이트뉴포레,11620,관악구,강남아파트 재건축정비사업 조합,재건축,이전고시,신림동 1644,43.9
3759,신림미성,11620,관악구,미성아파트 재건축정비사업 조합,재건축,사업시행인가,신림동 1656,58.7
1467,워커힐아파트,11215,광진구,워커힐아파트1단지 재건축정비사업 조합설립추진위원회,재건축,추진위원회승인,광장동 145-8,102.6
1520,자양우성2차,11215,광진구,자양제7구역 주택재건축정비사업 조합,재건축,조합설립인가,자양동 464-40,123.3
1523,자양한양,11215,광진구,자양한양아파트 재건축정비사업,재건축,추진위원회승인,자양동 695,209.4
1441,중곡SK,11215,광진구,중곡동 대원빌라 소규모재건축,소규모재건축,조합설립인가,중곡동 18-16,114.9
1439,중곡아파트2단지,11215,광진구,중곡아파트 주택재건축정비사업조합,재건축,조합설립인가,중곡동 190-26,21.4
3246,개봉한진,11530,구로구,길훈아파트 주택재건축정비사업조합,재건축,착공,개봉동 312-38,142.7
3212,고척한효,11530,구로구,고척동 한효아파트 재건축 정비구역,재건축,정비구역지정,고척동 52-332,66.4
3213,산업인,11530,구로구,고척동 산업인아파트 재건축정비사업조합,재건축,사업시행인가,고척동 57-9,33.5
3219,삼익아파트2단지,11530,구로구,한성아파트 소규모재건축정비사업,소규모재건축,조합설립인가,고척동 227-1,86.4
3175,구로우성,11530,구로구,구로우성아파트 재건축정비사업,재건축,조합설립인가,구로동 23,26.1
3184,구로보광,11530,구로구,구로동440번지일대(보광아파트)재건축정비사업조합,재건축,관리처분인가,구로동 440,55.6
3274,궁동우신빌라,11530,구로구,우신빌라 재건축정비사업,재건축,조합설립인가,궁동 213-27,135.8
3272,서울가든빌라,11530,구로구,서울가든빌라 주택재건축정비사업,재건축,조합설립인가,오류동 97-4,108.1
3278,천왕연지마을1단지 아파트,11530,구로구,오류동 현대연립 주택재건축정비사업조합,재건축,관리처분인가,오류동 156-15,122.4
3349,남서울 무지개,11545,금천구,무지개아파트 일대 재건축 정비사업 조합,재건축,사업시행인가,시흥동 109,64.8
3353,시흥현대빌라,11545,금천구,현대빌라 재건축정비사업,재건축,추진위원회승인,시흥동 982,68.1
3331,시흥 중앙하이츠빌라,11545,금천구,석수빌라 소규모 재건축 사업 조합,소규모재건축,사업시행인가,시흥동 1004,54.9
2180,공릉태릉우성,11350,노원구,공릉1(태릉현대) 주택재건축정비사업조합,재건축,조합해산,공릉동 230,51.4
2287,상계보람,11350,노원구,상계보람아파트 재건축정비사업,재건축,추진위원회승인,상계동 639,152.7
2258,상계주공9단지,11350,노원구,상계주공8단지 주택재건축정비사업 조합,재건축,조합해산,상계동 677,148.0
2254,상계주공6단지,11350,노원구,상계주공6단지아파트 재건축정비사업,재건축,추진위원회승인,상계동 720,103.0
2252,상계주공5단지,11350,노원구,상계주공5단지 재건축정비사업,재건축,사업시행인가,상계동 721,22.3
2143,월계삼호4차,11350,노원구,월계삼호4차아파트 재건축사업,재건축,추진위원회승인,월계동 12,97.7
2145,월계시영고층,11350,노원구,월계시영고층아파트 재건축사업,재건축,추진위원회승인,월계동 13,190.0
2149,월계동신,11350,노원구,월계동신아파트주택재건축정비사업조합,재건축,관리처분인가,월계동 436,113.7
2149,월계동신,11350,노원구,월계동주택재건축정비사업조합,재건축,착공,월계동 487-17,116.2
2347,중계그린,11350,노원구,중계그린아파트 재건축사업,재건축,추진위원회승인,중계동 502-1,63.2
2224,하계한신동성,11350,노원구,하계한신동성아파트 재건축사업,재건축,정비계획 수립,하계동 256-5,106.7
2122,유원도봉아파트,11320,도봉구,삼환도봉아파트 재건축사업,재건축,조합설립인가,도봉동 87,78.7
2040,송학휴스테이아파트,11320,도봉구,성삼연립 주택재건축정비사업조합,재건축,이전고시,방학동 636,19.4
2020,쌍문한양1차,11320,도봉구,쌍문한양1차아파트 재건축사업,재건축,조합설립인가,쌍문동 388-33,184.5
2099,창동주공18단지,11320,도봉구,창동주공18단지아파트 재건축사업,재건축,추진위원회승인,창동 30,145.7
2093,창동상아1차,11320,도봉구,창동상아1차아파트 재건축사업,재건축,조합설립인가,창동 299,59.2
2102,창동주공1단지,11320,도봉구,창동 신건영빌리지 일대 가로주택정비사업조합,가로주택정비,조합설립인가,창동 715-25,110.4
1615,장안현대,11230,동대문구,장안동 현대아파트 재건축정비사업조합,재건축,관리처분인가,장안동 95-1,107.5
1616,장안현대힐스테이트,11230,동대문구,장안시영2단지2차 주택재건축정비사업 조합 청산법인,재건축,조합청산,장안동 329-2,119.4
1551,제기현대,11230,동대문구,제기1주택재건축정비구역(지정개발자방식),재건축,착공,제기동 892-68,99.4
1627,청량리미주,11230,동대문구,청량리미주아파트 주택재건축정비사업,재건축,조합설립인가,청량리동 235-1,61.1
3600,신동아갯마을아파트,11590,동작구,동작1 주택재건축 조합,재건축,착공,동작동 102,66.4
3577,극동강변아파트,11590,동작구,극동강변소규모재건축정비사업조합,소규모재건축,조합설립인가,본동 148-2,24.3
3617,사당휴먼시아,11590,동작구,사당5주택재건축정비사업조합,재건축,사업시행인가,사당동 303,80.4
3551,상도동 롯데캐슬 비엔,11590,동작구,상도동 약수터지역주택조합 추진위원회,지역주택,,상도동 210-110,203.7
2634,공덕현대,11440,마포구,공덕현대아파트 소규모재건축정비사업 조합,소규모재건축,사업시행인가,공덕동 370-9,55.2
2652,마포도화우성아파트,11440,마포구,도화우성아파트 재건축정비사업,재건축,정비계획 수립,도화동 82,86.1
2735,성산시영아파트,11440,마포구,성산시영아파트 재건축정비사업조합,재건축,조합설립인가,성산동 446,67.3
2599,월드컵현대,11410,서대문구,북가좌제6구역 주택재건축정비사업조합,재건축,조합설립인가,북가좌동 372-1,142.9
2563,홍제한양,11410,서대문구,서강빌라 소규모재건축정비사업,소규모재건축,조합해산,홍제동 90-6,35.2
2558,인왕산현대,11410,서대문구,홍제3구역주택재건축정비사업조합,재건축,관리처분인가,홍제동 104-41,125.0
3873,래미안원베일리,11650,서초구,반포경남아파트 주택재건축 정비사업,재건축,추진위원회승인,반포동 1-8,129.4
3872,래미안 원펜타스,11650,서초구,신반포15차아파트 주택재건축정비사업조합,재건축,조합청산,반포동 12,55.4
3882,반포삼호가든맨션5차,11650,서초구,삼호가든5차아파트 재건축정비사업조합,재건축,조합설립인가,반포동 30-1,52.0
3885,반포미도2차,11650,서초구,반포미도1차아파트 재건축정비사업조합,재건축,조합설립인가,반포동 60-4,77.1
3885,반포미도2차,11650,서초구,반포미도2차아파트 재건축정비사업 조합설립추진위원회,재건축,조합설립인가,반포동 60-5,93.0
3875,궁전아파트,11650,서초구,신반포궁전아파트 주택재건축정비사업조합,재건축,조합설립인가,반포동 65-1,24.1
3870,반포래미안트리니원,11650,서초구,반포아파트(제3주구) 주택재건축정비사업 조합,재건축,착공,반포동 1053,75.1
3790,방배신삼호,11650,서초구,방배신삼호아파트 재건축정비사업조합,재건축,조합설립인가,방배동 725,89.3
3792,삼호,11650,서초구,방배삼호아파트 주택재건축정비사업 조합설립추진위원회,재건축,추진위원회승인,방배동 758-4,29.2
3767,래미안 원페를라,11650,서초구,방배6구역 주택재건축 정비사업 조합,재건축,이전고시,방배동 818-14,3.8
3776,방배서리풀그랑블아파트,11650,서초구,방배7구역 주택재건축정비사업조합,재건축,사업시행인가,방배동 891-3,137.2
3778,방배아트자이,11650,서초구,서초중앙하이츠2구역 주택재건축정비사업조합,재건축,사업시행인가,방배동 1000-3,108.6
3778,방배아트자이,11650,서초구,서초중앙하이츠1구역 주택재건축정비사업조합,재건축,사업시행인가,방배동 1000-4,124.6
3798,방배임광3차,11650,서초구,임광3차아파트 재건축정비사업 조합설립추진위원회,재건축,추진위원회승인,방배동 1010-1,15.4
3778,방배아트자이,11650,서초구,방배삼익아파트 주택재건축정비사업조합,재건축,분양,방배동 1018-1,93.7
3785,방배대우효령,11650,서초구,방배대우효령아파트 주택재건축정비사업 조합설립추진위원회,재건축,추진위원회승인,방배동 1038,63.4
3943,서초진흥,11650,서초구,서초진흥아파트 주택재건축정비사업조합,재건축,조합설립인가,서초동 1315,72.5
3921,래미안서초에스티지에스아파트,11650,서초구,우성2차아파트 주택재건축정비사업조합,재건축,조합해산,서초동 1331,113.5
3911,서초그랑자이,11650,서초구,서초무지개아파트 재건축정비사업 조합,재건축,조합청산,서초동 1335,143.2
3825,우면한라,11650,서초구,우면한라아파트 재건축정비사업 조합설립추진위원회,재건축,추진위원회승인,우면동 67,54.6
3829,오티에르신반포,11650,서초구,신반포18차 337동 주택재건축정비사업조합,재건축,준공인가,잠원동 49-17,44.4
3865,신반포한신5지구(12차),11650,서초구,신반포12차아파트 재건축정비사업조합,재건축,관리처분인가,잠원동 50-5,48.3
3836,신반포르엘,11650,서초구,신반포18차24차 주택재건축정비사업조합,재건축,조합청산,잠원동 52,47.0
3860,강변아파트,11650,서초구,신반포16차아파트 주택재건축정비사업조합,재건축,관리처분인가,잠원동 55-10,86.2
3861,"신반포 한신 25,26,27차 아파트",11650,서초구,신반포27차아파트 주택재건축정비사업조합,재건축,관리처분인가,잠원동 56-2,15.1
3855,잠원신화,11650,서초구,잠원동 대림아파트 주택재건축 정비사업 조합,재건축,조합청산,잠원동 57,68.6
3830,오티에르반포,11650,서초구,신반포21차아파트 주택재건축정비사업조합,재건축,준공인가,잠원동 59-10,28.0
3831,메이플자이,11650,서초구,신반포4지구 재건축정비사업조합,재건축,준공인가,잠원동 60-3,114.6
3839,신반포20차아파트,11650,서초구,신반포20차아파트 주택재건축정비사업조합,재건축,조합설립인가,잠원동 60-78,67.6
3861,"신반포 한신 25,26,27차 아파트",11650,서초구,신반포25차아파트주택재건축정비사업조합설립추진위원회,재건축,추진위원회승인,잠원동 61-1,100.4
3858,신반포한신19차,11650,서초구,신반포19차 25차(아) 재건축정비사업조합,재건축,조합설립인가,잠원동 61-2,29.5
3863,신반포7차,11650,서초구,신반포7차아파트주택재건축정비사업조합,재건축,조합설립인가,잠원동 65-32,95.1
3834,블루힐하우스,11650,서초구,신반포22차아파트 주택재건축정비사업조합,재건축,착공,잠원동 65-33,87.6
3843,신반포자이아파트,11650,서초구,반포한양아파트 주택재건축정비사업조합,재건축,조합청산,잠원동 66,87.3
3866,신반포4차,11650,서초구,신반포4차아파트 재건축정비사업조합,재건축,조합설립인가,잠원동 70,279.4
1332,마장세림,11200,성동구,마장세림아파트 주택재건축사업,재건축,조합설립인가,마장동 784,93.0
1411,서울숲대림아파트,11200,성동구,장미아파트 주택재건축정비사업 조합설립추진위원회,재건축,추진위원회승인,성수동1가 656-421,140.6
1411,서울숲대림아파트,11200,성동구,장미아파트주택재건축정비사업,재건축,착공,성수동1가 656-421,140.6
1400,서울숲 아이파크 리버포레2차,11200,성동구,성수제1구역주택재건축정비사업조합,재건축,조합설립인가,성수동1가 656-1267,146.1
1388,한남하이츠,11200,성동구,한남하이츠아파트 주택재건축정비사업조합,재건축,사업시행인가,옥수동 220-1,103.0
1357,응봉대림1차,11200,성동구,응봉1 주택재건축정비사업 조합,재건축,관리처분인가,응봉동 193-162,149.3
1835,안암대광,11290,성북구,안암제1구역 주택재건축정비사업조합,재건축,조합설립인가,안암동3가 136-1,28.2
1854,정릉2차대주피오레,11290,성북구,정릉7 주택재건축정비사업 조합,재건축,사업시행인가,정릉동 506-159,50.7
1918,하월곡동신,11290,성북구,동신아파트소규모재건축정비사업,소규모재건축,분양,하월곡동 70-4,119.0
4270,가락현대6차,11710,송파구,가락현대6차아파트 가로주택정비사업,가로주택정비,조합설립인가,가락동 55,20.7
4272,가락우성1차,11710,송파구,가락우성1차아파트 재건축정비사업 조합,재건축,조합설립인가,가락동 96-1,70.2
4276,가락미륭아파트,11710,송파구,가락미륭아파트 재건축정비사업조합,재건축,관리처분인가,가락동 138,51.0
4277,가락쌍용1차,11710,송파구,가락쌍용1차아파트 리모델링주택조합,리모델링,조합설립인가,가락동 140,60.7
4264,가락현대5차,11710,송파구,가락현대5차아파트 소규모재건축정비사업조합,소규모재건축,준공인가,가락동 161-3,82.7
4279,삼환가락,11710,송파구,삼환가락아파트 재건축정비사업 조합,재건축,관리처분인가,가락동 176,131.4
4268,가락극동,11710,송파구,가락극동아파트 재건축사업 조합,재건축,사업시행인가,가락동 192,85.4
4361,거여5단지,11710,송파구,거여5단지아파트 리모델링주택조합,리모델링,,거여동 294,56.9
4291,가락1차현대아파트,11710,송파구,가락1차현대아파트 재건축정비사업 조합,재건축,사업시행인가,문정동 3,75.0
4292,문정건영,11710,송파구,문정건영아파트 리모델링주택조합,리모델링,지구단위계획수립/건축심의/교통심의,문정동 72-3,82.5
4294,문정시영,11710,송파구,문정시영아파트 리모델링 주택조합,리모델링,,문정동 145,65.8
4324,방이대림가락,11710,송파구,대림가락아파트 재건축정비사업조합,재건축,조합설립인가,방이동 217,116.2
4327,잠실한양3차,11710,송파구,한양3차아파트 재건축정비사업조합,재건축,관리처분인가,방이동 225,75.5
4255,송파한양2차,11710,송파구,송파동 100번지 일대 조합설립추진위원회,재건축,추진위원회승인,송파동 100,74.2
4252,한양아파트,11710,송파구,한양1차아파트 재건축정비사업,재건축,추진위원회승인,송파동 119,149.4
4255,송파한양2차,11710,송파구,송파한양2차아파트 재건축정비사업 조합,재건축,조합설립인가,송파동 151,164.1
4254,송파미성,11710,송파구,송파미성아파트 재건축정비사업조합,재건축,조합설립인가,송파동 161,144.0
4256,가락삼익맨숀,11710,송파구,가락삼익맨숀아파트 재건축정비사업 조합,재건축,관리처분인가,송파동 166,111.6
4249,래미안송파파인탑,11710,송파구,반도아파트 주택재건축정비사업 조합,재건축,조합해산,송파동 167,52.6
4214,잠실르엘,11710,송파구,잠실미성·크로바아파트 주택재건축정비사업조합,재건축,준공인가,신천동 17-6,90.1
4338,가락우창,11710,송파구,가락우창아파트 재건축정비사업,재건축,추진위원회승인,오금동 164,98.0
4343,상아2차아파트,11710,송파구,가락상아1차아파트 재건축사업 조합,재건축,관리처분인가,오금동 166,115.6
4212,잠실5단지아파트,11710,송파구,잠실5단지아파트 주택재건축정비사업조합,재건축,사업시행인가,잠실동 27,81.1
4211,잠실우성4차,11710,송파구,잠실우성4차 주택재건축정비사업조합,재건축,관리처분인가,잠실동 320,70.8
4242,풍납미성,11710,송파구,풍납미성아파트 재건축정비사업,재건축,추진위원회승인,풍납동 219,88.5
4232,강변현대아파트,11710,송파구,강변현대아파트 리모델링사업조합,리모델링,조합원 모집신고,풍납동 299-1,15.5
4233,풍납극동,11710,송파구,풍납극동아파트 재건축정비사업,재건축,추진위원회승인,풍납동 391,74.8
2846,"목동대원칸타빌2,3단지",11470,양천구,목원연립 주택재건축정비사업 조합,재건축,이전고시,목동 803-2,99.7
2854,목동2단지,11470,양천구,목동2단지아파트 재건축정비사업,재건축,조합설립인가,목동 902,183.4
2832,목동3단지,11470,양천구,목동3단지아파트 재건축정비사업,재건축,추진위원회승인,목동 903,183.4
2849,목동4단지,11470,양천구,목동4단지아파트 재건축정비사업,재건축,조합설립인가,목동 904,118.6
2850,목동5단지,11470,양천구,목동5단지아파트 재건축정비사업,재건축,조합설립인가,목동 912,183.0
2839,목동7단지,11470,양천구,목동7단지아파트 재건축정비사업조합,재건축,조합설립인가,목동 925,132.5
2868,방주기픈샘1차아파트,11470,양천구,신월2구역 주택재건축정비사업 조합설립추진위원회,재건축,추진위원회승인,신월동 487-4,122.4
2908,신월시영아파트,11470,양천구,신월시영아파트 재건축정비사업,재건축,조합설립인가,신월동 987-1,21.8
2797,목동10단지,11470,양천구,목동10단지아파트 재건축정비사업,재건축,조합설립인가,신정동 311,103.3
2771,목동9단지,11470,양천구,목동9단지아파트 재건축정비사업,재건축,조합설립인가,신정동 312,179.7
2785,목동8단지,11470,양천구,목동8단지아파트 재건축정비사업조합,재건축,조합설립인가,신정동 314,87.4
2792,목동11단지,11470,양천구,목동11단지아파트 재건축정비사업,재건축,조합설립인가,신정동 325,150.5
2793,목동12단지,11470,양천구,목동12단지아파트 재건축정비사업,재건축,조합설립인가,신정동 326,222.5
2786,목동13단지,11470,양천구,목동13단지아파트 재건축정비사업,재건축,조합설립인가,신정동 327,152.8
2758,신정대성유니드1차아파트,11470,양천구,신정4재정비촉진구역 재건축정비사업조합,재건축,관리처분인가,신정동 1200-1,73.8
2778,신정e-편한세상,11470,양천구,신정수정아파트 재건축정비사업,재건축,관리처분인가,신정동 733-31,95.0
3405,당산한양,11560,영등포구,당산한양아파트 재건축정비사업,재건축,안전진단,당산동3가 2-6,81.1
3407,당산삼익,11560,영등포구,당산삼익 가로주택정비사업,가로주택정비,추진위원회승인,당산동3가 394,29.8
3412,당산현대3차,11560,영등포구,당산현대3차아파트 재건축정비사업,재건축,안전진단,당산동4가 88,104.2
3407,당산삼익,11560,영등포구,당산현대2차아파트 소규모재건축정비사업조합,소규모재건축,관리처분인가,당산동4가 92,131.5
3420,당산유원제일2차,11560,영등포구,78. 유원제일2차아파트 재건축정비사업,재건축,정비계획 수립,당산동5가 7-2,58.4
3420,당산유원제일2차,11560,영등포구,유원제일2차아파트 재건축정비사업조합,재건축,사업시행인가,당산동5가 7-2,58.4
3528,대림우성,11560,영등포구,대림우성아파트 재건축정비사업,재건축,안전진단,대림동 696,122.1
3429,문래남성,11560,영등포구,남성아파트 주택재건축정비사업조합,재건축,사업시행인가,문래동2가 35,50.3
3435,문래국화,11560,영등포구,문래국화아파트 주택재건축정비사업,재건축,추진위원회승인,문래동3가 76-1,47.7
3435,문래국화,11560,영등포구,문래국화아파트 재건축정비사업,재건축,조합설립인가,문래동3가 76-1,47.7
3436,문래공원한신,11560,영등포구,문래공원한신아파트 재건축정비사업,재건축,안전진단,문래동3가 77-2,47.5
3444,문래두산위브,11560,영등포구,문래진주아파트 주택재건축정비사업조합,재건축,관리처분인가,문래동5가 22,74.9
3490,신미아파트,11560,영등포구,신길13재정비촉진구역,재건축,사업시행인가,신길동 340-1,50.9
3497,신길건영,11560,영등포구,신길건영아파트 재건축정비사업,재건축,추진위원회승인,신길동 364,193.5
3498,신길1차우성아파트,11560,영등포구,신길우성1차아파트 재건축정비사업,재건축,추진위원회승인,신길동 365,125.8
3491,래미안에스티움,11560,영등포구,신길10재정비촉진구역 주택재건축정비사업 사업시행자(한국토지신탁),재건축,관리처분인가,신길동 3590,127.2
3509,신길우성3차아파트,11560,영등포구,신길우성3차아파트 재건축정비사업,재건축,안전진단,신길동 4656,35.7
3503,신길삼성,11560,영등포구,삼성아파트 주택재건축정비사업조합,재건축,조합설립인가,신길동 4759,49.8
3458,양평신동아아파트,11560,영등포구,신동아아파트 주택재건축정비사업조합,재건축,조합설립인가,양평동1가 20,45.8
3470,양평현대2차,11560,영등포구,양평현대2차아파트 재건축정비사업,재건축,안전진단,양평동3가 79-4,47.8
3370,여의도초원,11560,영등포구,초원아파트 재건축정비사업,재건축,안전진단,여의도동 11-1,9.0
3371,서울아파트관리사무소,11560,영등포구,서울아파트 재건축정비사업,재건축,안전진단,여의도동 21-1,34.7
3375,여의도공작,11560,영등포구,여의도 공작아파트 재건축정비사업,재건축,조합설립인가,여의도동 21-2,41.0
3377,여의도광장,11560,영등포구,여의도 광장아파트 28주택재건축정비사업,재건축,조합설립인가,여의도동 28,101.5
3381,여의도목화,11560,영등포구,여의도 목화아파트 주택재건축정비사업조합,재건축,조합설립인가,여의도동 30,24.7
3381,여의도목화,11560,영등포구,삼부아파트 주택재건축정비사업조합설립추진위원회,재건축,추진위원회승인,여의도동 30-2,147.1
3374,여의도수정,11560,영등포구,여의도 수정아파트 주택재건축정비사업,재건축,정비구역지정,여의도동 32,32.6
3383,여의도미성,11560,영등포구,미성아파트 주택재건축정비사업 조합설립추진위원회,재건축,추진위원회승인,여의도동 37,52.6
3377,여의도광장,11560,영등포구,광장아파트 38-1 재건축정비사업조합,재건축,조합설립인가,여의도동 38-1,79.2
3372,여의도장미,11560,영등포구,장미아파트 재건축정비사업,재건축,조합설립인가,여의도동 40,37.0
3384,여의도화랑,11560,영등포구,여의도화랑아파트 소규모재건축사업,소규모재건축,조합설립인가,여의도동 40-4,38.4
3376,여의도대교,11560,영등포구,여의도 대교아파트 재건축정비사업,재건축,관리처분인가,여의도동 41,69.2
3386,여의도한양,11560,영등포구,여의도 한양아파트 재건축정비사업,재건축,사업시행인가,여의도동 42,93.1
3389,여의도시범아파트,11560,영등포구,75. 여의도 시범아파트주택재건축정비사업 조합설립추진위원회,재건축,추진위원회승인,여의도동 50,126.5
3389,여의도시범아파트,11560,영등포구,여의도시범아파트주택재건축정비사업(신탁방식-한국자산신탁),재건축,조합설립인가,여의도동 50,126.5
3388,여의도삼익,11560,영등포구,여의도 삼익아파트 재건축정비사업,재건축,조합설립인가,여의도동 51,43.9
3390,여의도은하,11560,영등포구,여의도 은하아파트 재건축정비사업,재건축,조합설립인가,여의도동 52,58.1
3391,여의도진주,11560,영등포구,여의도 진주아파트 재건축정비사업,재건축,조합설립인가,여의도동 54,136.5
1233,풍전아파트,11170,용산구,풍전아파트소규모재건축정비사업조합,소규모재건축,조합설립인가,원효로4가 109-4,12.6
1234,원효산호,11170,용산구,산호아파트 주택재건축 정비사업조합,재건축,관리처분인가,원효로4가 118-16,57.9
1286,현대한강,11170,용산구,강변강서아파트 주택재건축 정비사업조합,재건축,조합설립인가,이촌동 193-3,116.7
1268,동원베네스트 아파트,11170,용산구,이촌동제1구역 주택재건축정비사업 조합설립추진위원회,재건축,추진위원회승인,이촌동 203-75,130.1
1285,점보,11170,용산구,점보아파트 리모델링주택조합,리모델링,,이촌동 300-10,3.3
1272,이촌왕궁,11170,용산구,왕궁아파트 주택재건축 정비사업조합,재건축,조합설립인가,이촌동 300-11,66.1
1273,한강삼익,11170,용산구,한강맨션아파트 주택재건축 조합,재건축,관리처분인가,이촌동 300-23,107.2
1273,한강삼익,11170,용산구,한강삼익아파트 주택재건축정비사업 조합,재건축,사업시행인가,이촌동 300-301,54.1
1289,청화아파트,11170,용산구,청화아파트주택재건축정비사업조합설립추진위원회,재건축,추진위원회승인,이태원동 22-2,116.2
1264,용산시티파크1단지,11170,용산구,한양철우아파트 주택재건축 정비사업조합,재건축,조합설립인가,한강로3가 65-500,144.5
1291,한성아파트,11170,용산구,한남동 한성아파트 가로주택정비사업,가로주택정비,조합설립인가,한남동 29-4,22.6
2381,불광삼익아파트,11380,은평구,불광1주택재건축정비사업(신탁방식),재건축,사업시행인가,불광동 19-3,63.4
2395,미성아파트(불광동),11380,은평구,불광미성아파트 주택재건축정비사업,재건축,추진위원회승인,불광동 248,96.2
2445,새절역 두산위브트레지움,11380,은평구,신사1 주택재건축정비사업 조합,재건축,착공,신사동 170-12,90.4
2456,라이프 씨티아파트,11380,은평구,성락타운아파트소규모재건축사업,소규모재건축,조합설립인가,신사동 261-20,144.3
2441,센트레빌아스테리움시그니처아파트,11380,은평구,역촌1구역 주택재건축정비사업조합,재건축,분양,역촌동 189,137.2
1162,금강하이츠빌라,11110,종로구,금강하이츠빌라 주택재건축사업,재건축,안전진단,평창동 64-3,40.7
1755,경남아파트,11260,중랑구,망우1구역 공공재건축정비사업조합,재건축,조합설립인가,망우동 178-1,78.5
1742,장미,11260,중랑구,장미아파트 소규모재건축정비사업조합,소규모재건축,조합설립인가,묵동 188-1,41.6
1796,중앙하이츠,11260,중랑구,신일빌라 소규모재건축정비사업조합,재건축,철거,신내동 482-1,77.0
1730,중화한신아파트,11260,중랑구,중화우성타운 재건축정비사업,재건축,조합설립인가,중화동 195-2,121.1
