project_name,kind,station_name,lawd_cd,lat,lon,status,status_date,expected_open_ym,opened_ym,source_name,source_url,last_verified,note
서울 도시철도 9호선,지하철,개화,11500,37.578591,126.797833,개통,2009-07-24,,200907,국토교통부·서울시·경기도·인천시 개통 보도자료 및 노선 문서,https://www.molit.go.kr,2026-09-04,2009-07-24 개통 · 개통일 개별 확인
서울 도시철도 9호선,지하철,공항시장,11500,37.563726,126.810678,개통,2009-07-24,,200907,국토교통부·서울시·경기도·인천시 개통 보도자료 및 노선 문서,https://www.molit.go.kr,2026-09-04,2009-07-24 개통 · 개통일 개별 확인
서울 도시철도 9호선,지하철,신방화,11500,37.5675,126.816667,개통,2009-07-24,,200907,국토교통부·서울시·경기도·인천시 개통 보도자료 및 노선 문서,https://www.molit.go.kr,2026-09-04,2009-07-24 개통 · 개통일 개별 확인
서울 도시철도 9호선,지하철,양천향교,11500,37.568333,126.841389,개통,2009-07-24,,200907,국토교통부·서울시·경기도·인천시 개통 보도자료 및 노선 문서,https://www.molit.go.kr,2026-09-04,2009-07-24 개통 · 개통일 개별 확인
서울 도시철도 9호선,지하철,가양,11500,37.561111,126.855078,개통,2009-07-24,,200907,국토교통부·서울시·경기도·인천시 개통 보도자료 및 노선 문서,https://www.molit.go.kr,2026-09-04,2009-07-24 개통 · 개통일 개별 확인
서울 도시철도 9호선,지하철,증미,11500,37.55785,126.861067,개통,2009-07-24,,200907,국토교통부·서울시·경기도·인천시 개통 보도자료 및 노선 문서,https://www.molit.go.kr,2026-09-04,2009-07-24 개통 · 개통일 개별 확인
서울 도시철도 9호선,지하철,등촌,11500,37.551111,126.864722,개통,2009-07-24,,200907,국토교통부·서울시·경기도·인천시 개통 보도자료 및 노선 문서,https://www.molit.go.kr,2026-09-04,2009-07-24 개통 · 개통일 개별 확인
서울 도시철도 9호선,지하철,염창,11500,37.546944,126.874722,개통,2009-07-24,,200907,국토교통부·서울시·경기도·인천시 개통 보도자료 및 노선 문서,https://www.molit.go.kr,2026-09-04,2009-07-24 개통 · 개통일 개별 확인
서울 도시철도 9호선,지하철,신목동,11470,37.544167,126.883056,개통,2009-07-24,,200907,국토교통부·서울시·경기도·인천시 개통 보도자료 및 노선 문서,https://www.molit.go.kr,2026-09-04,2009-07-24 개통 · 개통일 개별 확인
서울 도시철도 9호선,지하철,선유도,11560,37.537778,126.893889,개통,2009-07-24,,200907,국토교통부·서울시·경기도·인천시 개통 보도자료 및 노선 문서,https://www.molit.go.kr,2026-09-04,2009-07-24 개통 · 개통일 개별 확인
서울 도시철도 9호선,지하철,국회의사당,11560,37.528105,126.917874,개통,2009-07-24,,200907,국토교통부·서울시·경기도·인천시 개통 보도자료 및 노선 문서,https://www.molit.go.kr,2026-09-04,2009-07-24 개통 · 개통일 개별 확인
서울 도시철도 9호선,지하철,샛강,11560,37.5173,126.9284,개통,2009-07-24,,200907,국토교통부·서울시·경기도·인천시 개통 보도자료 및 노선 문서,https://www.molit.go.kr,2026-09-04,2009-07-24 개통 · 개통일 개별 확인
서울 도시철도 9호선,지하철,노들,11590,37.512726,126.953096,개통,2009-07-24,,200907,국토교통부·서울시·경기도·인천시 개통 보도자료 및 노선 문서,https://www.molit.go.kr,2026-09-04,2009-07-24 개통 · 개통일 개별 확인
서울 도시철도 9호선,지하철,흑석(중앙대입구),11590,37.508889,126.963611,개통,2009-07-24,,200907,국토교통부·서울시·경기도·인천시 개통 보도자료 및 노선 문서,https://www.molit.go.kr,2026-09-04,2009-07-24 개통 · 개통일 개별 확인
서울 도시철도 9호선,지하철,구반포,11650,37.501389,126.987222,개통,2009-07-24,,200907,국토교통부·서울시·경기도·인천시 개통 보도자료 및 노선 문서,https://www.molit.go.kr,2026-09-04,2009-07-24 개통 · 개통일 개별 확인
서울 도시철도 9호선,지하철,신반포,11650,37.5035033,126.996044,개통,2009-07-24,,200907,국토교통부·서울시·경기도·인천시 개통 보도자료 및 노선 문서,https://www.molit.go.kr,2026-09-04,2009-07-24 개통 · 개통일 개별 확인
서울 도시철도 9호선,지하철,사평,11650,37.504161,127.015219,개통,2009-07-24,,200907,국토교통부·서울시·경기도·인천시 개통 보도자료 및 노선 문서,https://www.molit.go.kr,2026-09-04,2009-07-24 개통 · 개통일 개별 확인
서울 도시철도 9호선,지하철,신논현,11650,37.504444,127.024417,개통,2009-07-24,,200907,국토교통부·서울시·경기도·인천시 개통 보도자료 및 노선 문서,https://www.molit.go.kr,2026-09-04,2009-07-24 개통 · 개통일 개별 확인
수도권  도시철도 9호선,지하철,언주,11680,37.507287,127.033868,개통,2015-03-28,,201503,국토교통부·서울시·경기도·인천시 개통 보도자료 및 노선 문서,https://www.molit.go.kr,2026-09-04,2015-03-28 개통 · 개통일 개별 확인
수도권  도시철도 9호선,지하철,삼성중앙,11680,37.513011,127.053282,개통,2015-03-28,,201503,국토교통부·서울시·경기도·인천시 개통 보도자료 및 노선 문서,https://www.molit.go.kr,2026-09-04,2015-03-28 개통 · 개통일 개별 확인
수도권  도시철도 9호선,지하철,봉은사,11680,37.514219,127.060245,개통,2015-03-28,,201503,국토교통부·서울시·경기도·인천시 개통 보도자료 및 노선 문서,https://www.molit.go.kr,2026-09-04,2015-03-28 개통 · 개통일 개별 확인
수도권  도시철도 9호선,지하철,삼전,11710,37.504531,127.087211,개통,2018-12-01,,201812,국토교통부·서울시·경기도·인천시 개통 보도자료 및 노선 문서,https://www.molit.go.kr,2026-09-04,2018-12-01 개통 · 개통일 개별 확인
수도권  도시철도 9호선,지하철,석촌고분,11710,37.502439,127.096611,개통,2018-12-01,,201812,국토교통부·서울시·경기도·인천시 개통 보도자료 및 노선 문서,https://www.molit.go.kr,2026-09-04,2018-12-01 개통 · 개통일 개별 확인
수도권  도시철도 9호선,지하철,송파나루,11710,37.51055,127.112451,개통,2018-12-01,,201812,국토교통부·서울시·경기도·인천시 개통 보도자료 및 노선 문서,https://www.molit.go.kr,2026-09-04,2018-12-01 개통 · 개통일 개별 확인
수도권  도시철도 9호선,지하철,한성백제,11710,37.516369,127.116211,개통,2018-12-01,,201812,국토교통부·서울시·경기도·인천시 개통 보도자료 및 노선 문서,https://www.molit.go.kr,2026-09-04,2018-12-01 개통 · 개통일 개별 확인
수도권  도시철도 9호선,지하철,둔촌오륜,11740,37.519339,127.138619,개통,2018-12-01,,201812,국토교통부·서울시·경기도·인천시 개통 보도자료 및 노선 문서,https://www.molit.go.kr,2026-09-04,2018-12-01 개통 · 개통일 개별 확인
수도권  도시철도 9호선,지하철,중앙보훈병원,11740,37.528807,127.148488,개통,2018-12-01,,201812,국토교통부·서울시·경기도·인천시 개통 보도자료 및 노선 문서,https://www.molit.go.kr,2026-09-04,2018-12-01 개통 · 개통일 개별 확인
신분당선,지하철,양재시민의숲(매헌),11650,37.4709639,127.0384203,개통,2011-10-28,,201110,국토교통부·서울시·경기도·인천시 개통 보도자료 및 노선 문서,https://www.molit.go.kr,2026-09-04,2011-10-28 개통 · 개통일 개별 확인
신분당선,지하철,청계산입구,11650,37.4487148,127.0543396,개통,2011-10-28,,201110,국토교통부·서울시·경기도·인천시 개통 보도자료 및 노선 문서,https://www.molit.go.kr,2026-09-04,2011-10-28 개통 · 개통일 개별 확인
신분당선,지하철,판교,41135,37.3957148,127.1112107,개통,2011-10-28,,201110,국토교통부·서울시·경기도·인천시 개통 보도자료 및 노선 문서,https://www.molit.go.kr,2026-09-04,2011-10-28 개통 · 개통일 개별 확인
신분당선,지하철,동천,41135,37.3386841,127.1027937,개통,2016-01-30,,201601,국토교통부·서울시·경기도·인천시 개통 보도자료 및 노선 문서,https://www.molit.go.kr,2026-09-04,2016-01-30 개통 · 개통일 개별 확인
신분당선,지하철,수지구청,,37.323009,127.0955813,개통,2016-01-30,,201601,국토교통부·서울시·경기도·인천시 개통 보도자료 및 노선 문서,https://www.molit.go.kr,2026-09-04,2016-01-30 개통 · 개통일 개별 확인
신분당선,지하철,성복,,37.3140425,127.0807578,개통,2016-01-30,,201601,국토교통부·서울시·경기도·인천시 개통 보도자료 및 노선 문서,https://www.molit.go.kr,2026-09-04,2016-01-30 개통 · 개통일 개별 확인
신분당선,지하철,상현,41117,37.2986853,127.0695799,개통,2016-01-30,,201601,국토교통부·서울시·경기도·인천시 개통 보도자료 및 노선 문서,https://www.molit.go.kr,2026-09-04,2016-01-30 개통 · 개통일 개별 확인
신분당선,지하철,광교중앙(아주대),41117,37.2877375,127.052625,개통,2016-01-30,,201601,국토교통부·서울시·경기도·인천시 개통 보도자료 및 노선 문서,https://www.molit.go.kr,2026-09-04,2016-01-30 개통 · 개통일 개별 확인
신분당선,지하철,광교(경기대),41117,37.3017347,127.0448561,개통,2016-01-30,,201601,국토교통부·서울시·경기도·인천시 개통 보도자료 및 노선 문서,https://www.molit.go.kr,2026-09-04,2016-01-30 개통 · 개통일 개별 확인
경춘선,지하철,갈매역,41310,37.634135,127.114803,개통,2010-12-21,,201012,국토교통부·서울시·경기도·인천시 개통 보도자료 및 노선 문서,https://www.molit.go.kr,2026-09-04,2010-12-21 개통 · 개통일 개별 확인
경춘선,지하철,별내역,41360,37.642221,127.127208,개통,2010-12-21,,201012,국토교통부·서울시·경기도·인천시 개통 보도자료 및 노선 문서,https://www.molit.go.kr,2026-09-04,2010-12-21 개통 · 개통일 개별 확인
경춘선,지하철,퇴계원역,41360,37.648316,127.143858,개통,2010-12-21,,201012,국토교통부·서울시·경기도·인천시 개통 보도자료 및 노선 문서,https://www.molit.go.kr,2026-09-04,2010-12-21 개통 · 개통일 개별 확인
경춘선,지하철,사릉역,,37.651145,127.176839,개통,2010-12-21,,201012,국토교통부·서울시·경기도·인천시 개통 보도자료 및 노선 문서,https://www.molit.go.kr,2026-09-04,2010-12-21 개통 · 개통일 개별 확인
경춘선,지하철,금곡역,41360,37.637414,127.207931,개통,2010-12-21,,201012,국토교통부·서울시·경기도·인천시 개통 보도자료 및 노선 문서,https://www.molit.go.kr,2026-09-04,2010-12-21 개통 · 개통일 개별 확인
경춘선,지하철,평내호평역,41360,37.653229,127.244452,개통,2010-12-21,,201012,국토교통부·서울시·경기도·인천시 개통 보도자료 및 노선 문서,https://www.molit.go.kr,2026-09-04,2010-12-21 개통 · 개통일 개별 확인
경춘선,지하철,천마산역,,37.658995,127.285731,개통,2010-12-21,,201012,국토교통부·서울시·경기도·인천시 개통 보도자료 및 노선 문서,https://www.molit.go.kr,2026-09-04,2010-12-21 개통 · 개통일 개별 확인
경춘선,지하철,마석역,,37.652328,127.311713,개통,2010-12-21,,201012,국토교통부·서울시·경기도·인천시 개통 보도자료 및 노선 문서,https://www.molit.go.kr,2026-09-04,2010-12-21 개통 · 개통일 개별 확인
경춘선,지하철,대성리역,,37.683909,127.379165,개통,2010-12-21,,201012,국토교통부·서울시·경기도·인천시 개통 보도자료 및 노선 문서,https://www.molit.go.kr,2026-09-04,2010-12-21 개통 · 개통일 개별 확인
경춘선,지하철,청평역,,37.735484,127.426541,개통,2010-12-21,,201012,국토교통부·서울시·경기도·인천시 개통 보도자료 및 노선 문서,https://www.molit.go.kr,2026-09-04,2010-12-21 개통 · 개통일 개별 확인
경춘선,지하철,상천역,,37.770305,127.4542,개통,2010-12-21,,201012,국토교통부·서울시·경기도·인천시 개통 보도자료 및 노선 문서,https://www.molit.go.kr,2026-09-04,2010-12-21 개통 · 개통일 개별 확인
경춘선,지하철,가평역,,37.814515,127.510693,개통,2010-12-21,,201012,국토교통부·서울시·경기도·인천시 개통 보도자료 및 노선 문서,https://www.molit.go.kr,2026-09-04,2010-12-21 개통 · 개통일 개별 확인
경강선,지하철,삼동역,,37.408731,127.203447,개통,2016-09-24,,201609,국토교통부·서울시·경기도·인천시 개통 보도자료 및 노선 문서,https://www.molit.go.kr,2026-09-04,2016-09-24 개통 · 개통일 개별 확인
경강선,지하철,경기광주역,,37.398974,127.253201,개통,2016-09-24,,201609,국토교통부·서울시·경기도·인천시 개통 보도자료 및 노선 문서,https://www.molit.go.kr,2026-09-04,2016-09-24 개통 · 개통일 개별 확인
경강선,지하철,초월역,,37.373389,127.299996,개통,2016-09-24,,201609,국토교통부·서울시·경기도·인천시 개통 보도자료 및 노선 문서,https://www.molit.go.kr,2026-09-04,2016-09-24 개통 · 개통일 개별 확인
경강선,지하철,곤지암역,,37.350525,127.346186,개통,2016-09-24,,201609,국토교통부·서울시·경기도·인천시 개통 보도자료 및 노선 문서,https://www.molit.go.kr,2026-09-04,2016-09-24 개통 · 개통일 개별 확인
경강선,지하철,신둔도예촌역,,37.315499,127.405251,개통,2016-09-24,,201609,국토교통부·서울시·경기도·인천시 개통 보도자료 및 노선 문서,https://www.molit.go.kr,2026-09-04,2016-09-24 개통 · 개통일 개별 확인
경강선,지하철,이천역,,37.264222,127.442135,개통,2016-09-24,,201609,국토교통부·서울시·경기도·인천시 개통 보도자료 및 노선 문서,https://www.molit.go.kr,2026-09-04,2016-09-24 개통 · 개통일 개별 확인
경강선,지하철,부발역,,37.260411,127.490303,개통,2016-09-24,,201609,국토교통부·서울시·경기도·인천시 개통 보도자료 및 노선 문서,https://www.molit.go.kr,2026-09-04,2016-09-24 개통 · 개통일 개별 확인
경강선,지하철,세종대왕릉역,,37.293636,127.570764,개통,2016-09-24,,201609,국토교통부·서울시·경기도·인천시 개통 보도자료 및 노선 문서,https://www.molit.go.kr,2026-09-04,2016-09-24 개통 · 개통일 개별 확인
경강선,지하철,여주역,,37.282881,127.628571,개통,2016-09-24,,201609,국토교통부·서울시·경기도·인천시 개통 보도자료 및 노선 문서,https://www.molit.go.kr,2026-09-04,2016-09-24 개통 · 개통일 개별 확인
김포도시철도,지하철,양촌역,,37.641639,126.614694,개통,2019-09-28,,201909,국토교통부·서울시·경기도·인천시 개통 보도자료 및 노선 문서,https://www.molit.go.kr,2026-09-04,2019-09-28 개통 · 개통일 개별 확인
김포도시철도,지하철,구래역,,37.645354,126.6285,개통,2019-09-28,,201909,국토교통부·서울시·경기도·인천시 개통 보도자료 및 노선 문서,https://www.molit.go.kr,2026-09-04,2019-09-28 개통 · 개통일 개별 확인
김포도시철도,지하철,마산역,,37.640606,126.643944,개통,2019-09-28,,201909,국토교통부·서울시·경기도·인천시 개통 보도자료 및 노선 문서,https://www.molit.go.kr,2026-09-04,2019-09-28 개통 · 개통일 개별 확인
김포도시철도,지하철,장기역,,37.644028,126.669,개통,2019-09-28,,201909,국토교통부·서울시·경기도·인천시 개통 보도자료 및 노선 문서,https://www.molit.go.kr,2026-09-04,2019-09-28 개통 · 개통일 개별 확인
김포도시철도,지하철,운양역,,37.653861,126.683833,개통,2019-09-28,,201909,국토교통부·서울시·경기도·인천시 개통 보도자료 및 노선 문서,https://www.molit.go.kr,2026-09-04,2019-09-28 개통 · 개통일 개별 확인
김포도시철도,지하철,걸포북변역,28290,37.631639,126.70575,개통,2019-09-28,,201909,국토교통부·서울시·경기도·인천시 개통 보도자료 및 노선 문서,https://www.molit.go.kr,2026-09-04,2019-09-28 개통 · 개통일 개별 확인
김포도시철도,지하철,사우역,28290,37.620361,126.719722,개통,2019-09-28,,201909,국토교통부·서울시·경기도·인천시 개통 보도자료 및 노선 문서,https://www.molit.go.kr,2026-09-04,2019-09-28 개통 · 개통일 개별 확인
김포도시철도,지하철,풍무역,,37.612333,126.732583,개통,2019-09-28,,201909,국토교통부·서울시·경기도·인천시 개통 보도자료 및 노선 문서,https://www.molit.go.kr,2026-09-04,2019-09-28 개통 · 개통일 개별 확인
김포도시철도,지하철,고촌역,,37.60125,126.770361,개통,2019-09-28,,201909,국토교통부·서울시·경기도·인천시 개통 보도자료 및 노선 문서,https://www.molit.go.kr,2026-09-04,2019-09-28 개통 · 개통일 개별 확인
도시철도 7호선,지하철,까치울,41196,37.506236,126.81095,개통,2012-10-27,,201210,국토교통부·서울시·경기도·인천시 개통 보도자료 및 노선 문서,https://www.molit.go.kr,2026-09-04,2012-10-27 개통 · 개통일 개별 확인
도시철도 7호선,지하철,부천종합운동장,41192,37.505381,126.79735,개통,2012-10-27,,201210,국토교통부·서울시·경기도·인천시 개통 보도자료 및 노선 문서,https://www.molit.go.kr,2026-09-04,2012-10-27 개통 · 개통일 개별 확인
도시철도 7호선,지하철,춘의,41192,37.50365,126.787069,개통,2012-10-27,,201210,국토교통부·서울시·경기도·인천시 개통 보도자료 및 노선 문서,https://www.molit.go.kr,2026-09-04,2012-10-27 개통 · 개통일 개별 확인
도시철도 7호선,지하철,신중동,41192,37.503081,126.776161,개통,2012-10-27,,201210,국토교통부·서울시·경기도·인천시 개통 보도자료 및 노선 문서,https://www.molit.go.kr,2026-09-04,2012-10-27 개통 · 개통일 개별 확인
도시철도 7호선,지하철,부천시청,41192,37.504611,126.763561,개통,2012-10-27,,201210,국토교통부·서울시·경기도·인천시 개통 보도자료 및 노선 문서,https://www.molit.go.kr,2026-09-04,2012-10-27 개통 · 개통일 개별 확인
도시철도 7호선,지하철,상동,41192,37.505769,126.753081,개통,2012-10-27,,201210,국토교통부·서울시·경기도·인천시 개통 보도자료 및 노선 문서,https://www.molit.go.kr,2026-09-04,2012-10-27 개통 · 개통일 개별 확인
도시철도 7호선,지하철,삼산체육관,28237,37.506431,126.742081,개통,2012-10-27,,201210,국토교통부·서울시·경기도·인천시 개통 보도자료 및 노선 문서,https://www.molit.go.kr,2026-09-04,2012-10-27 개통 · 개통일 개별 확인
도시철도 7호선,지하철,굴포천,28237,37.50695,126.731481,개통,2012-10-27,,201210,국토교통부·서울시·경기도·인천시 개통 보도자료 및 노선 문서,https://www.molit.go.kr,2026-09-04,2012-10-27 개통 · 개통일 개별 확인
도시철도 7호선,지하철,산곡,28237,37.508547,126.70351,개통,2021-05-22,,202105,국토교통부·서울시·경기도·인천시 개통 보도자료 및 노선 문서,https://www.molit.go.kr,2026-09-04,2021-05-22 개통 · 개통일 개별 확인
서해선,지하철,소새울역,41194,37.4685046,126.797228,개통,2018-06-16,,201806,국토교통부·서울시·경기도·인천시 개통 보도자료 및 노선 문서,https://www.molit.go.kr,2026-09-04,2018-06-16 개통 · 개통일 개별 확인
서해선,지하철,시흥대야역,41194,37.4504787,126.793142,개통,2018-06-16,,201806,국토교통부·서울시·경기도·인천시 개통 보도자료 및 노선 문서,https://www.molit.go.kr,2026-09-04,2018-06-16 개통 · 개통일 개별 확인
서해선,지하철,신천역,,37.4391147,126.786835,개통,2018-06-16,,201806,국토교통부·서울시·경기도·인천시 개통 보도자료 및 노선 문서,https://www.molit.go.kr,2026-09-04,2018-06-16 개통 · 개통일 개별 확인
서해선,지하철,신현역,,37.4091399,126.78788,개통,2018-06-16,,201806,국토교통부·서울시·경기도·인천시 개통 보도자료 및 노선 문서,https://www.molit.go.kr,2026-09-04,2018-06-16 개통 · 개통일 개별 확인
서해선,지하철,시흥시청역,,37.3814109,126.805946,개통,2018-06-16,,201806,국토교통부·서울시·경기도·인천시 개통 보도자료 및 노선 문서,https://www.molit.go.kr,2026-09-04,2018-06-16 개통 · 개통일 개별 확인
서해선,지하철,시흥능곡역,,37.3699903,126.808594,개통,2018-06-16,,201806,국토교통부·서울시·경기도·인천시 개통 보도자료 및 노선 문서,https://www.molit.go.kr,2026-09-04,2018-06-16 개통 · 개통일 개별 확인
서해선,지하철,달미역,41273,37.3490003,126.809318,개통,2018-06-16,,201806,국토교통부·서울시·경기도·인천시 개통 보도자료 및 노선 문서,https://www.molit.go.kr,2026-09-04,2018-06-16 개통 · 개통일 개별 확인
서해선,지하철,선부역,41273,37.33459,126.81,개통,2018-06-16,,201806,국토교통부·서울시·경기도·인천시 개통 보도자료 및 노선 문서,https://www.molit.go.kr,2026-09-04,2018-06-16 개통 · 개통일 개별 확인
서해선,지하철,시우역,41273,37.3130967,126.795503,개통,2018-06-16,,201806,국토교통부·서울시·경기도·인천시 개통 보도자료 및 노선 문서,https://www.molit.go.kr,2026-09-04,2018-06-16 개통 · 개통일 개별 확인
서해선,지하철,원시역,41273,37.302654,126.7867897,개통,2018-06-16,,201806,국토교통부·서울시·경기도·인천시 개통 보도자료 및 노선 문서,https://www.molit.go.kr,2026-09-04,2018-06-16 개통 · 개통일 개별 확인
서해선,지하철,원종역,41196,37.5240628,126.8048386,개통,2023-08-26,,202308,국토교통부·서울시·경기도·인천시 개통 보도자료 및 노선 문서,https://www.molit.go.kr,2026-09-04,2023-08-26 개통 · 개통일 개별 확인
수도권 경량도시철도 신림선,지하철,서울지방병무청,11590,37.5060469,126.9227834,개통,2022-05-28,,202205,국토교통부·서울시·경기도·인천시 개통 보도자료 및 노선 문서,https://www.molit.go.kr,2026-09-04,2022-05-28 개통 · 개통일 개별 확인
수도권 경량도시철도 신림선,지하철,보라매공원,11590,37.4952254,126.9182588,개통,2022-05-28,,202205,국토교통부·서울시·경기도·인천시 개통 보도자료 및 노선 문서,https://www.molit.go.kr,2026-09-04,2022-05-28 개통 · 개통일 개별 확인
수도권 경량도시철도 신림선,지하철,보라매병원,11590,37.4929607,126.923886,개통,2022-05-28,,202205,국토교통부·서울시·경기도·인천시 개통 보도자료 및 노선 문서,https://www.molit.go.kr,2026-09-04,2022-05-28 개통 · 개통일 개별 확인
수도권 경량도시철도 신림선,지하철,당곡,11590,37.4900391,126.9275688,개통,2022-05-28,,202205,국토교통부·서울시·경기도·인천시 개통 보도자료 및 노선 문서,https://www.molit.go.kr,2026-09-04,2022-05-28 개통 · 개통일 개별 확인
수도권 경량도시철도 신림선,지하철,서원,11620,37.4782734,126.9332282,개통,2022-05-28,,202205,국토교통부·서울시·경기도·인천시 개통 보도자료 및 노선 문서,https://www.molit.go.kr,2026-09-04,2022-05-28 개통 · 개통일 개별 확인
수도권 경량도시철도 신림선,지하철,서울대벤처타운,11620,37.4720407,126.9339766,개통,2022-05-28,,202205,국토교통부·서울시·경기도·인천시 개통 보도자료 및 노선 문서,https://www.molit.go.kr,2026-09-04,2022-05-28 개통 · 개통일 개별 확인
수도권 경량도시철도 신림선,지하철,관악산,11620,37.469169,126.9449548,개통,2022-05-28,,202205,국토교통부·서울시·경기도·인천시 개통 보도자료 및 노선 문서,https://www.molit.go.kr,2026-09-04,2022-05-28 개통 · 개통일 개별 확인
수인선,지하철,달월역,28200,37.379993,126.745431,개통,2012-06-30,,201206,국토교통부·서울시·경기도·인천시 개통 보도자료 및 노선 문서,https://www.molit.go.kr,2026-09-04,2012-06-30 개통 · 개통일 개별 확인
수인선,지하철,월곶역,28200,37.39189,126.742741,개통,2012-06-30,,201206,국토교통부·서울시·경기도·인천시 개통 보도자료 및 노선 문서,https://www.molit.go.kr,2026-09-04,2012-06-30 개통 · 개통일 개별 확인
수인선,지하철,소래포구역,28200,37.400963,126.733533,개통,2012-06-30,,201206,국토교통부·서울시·경기도·인천시 개통 보도자료 및 노선 문서,https://www.molit.go.kr,2026-09-04,2012-06-30 개통 · 개통일 개별 확인
수인선,지하철,인천논현역,28200,37.400641,126.722495,개통,2012-06-30,,201206,국토교통부·서울시·경기도·인천시 개통 보도자료 및 노선 문서,https://www.molit.go.kr,2026-09-04,2012-06-30 개통 · 개통일 개별 확인
수인선,지하철,호구포역,28200,37.401622,126.708682,개통,2012-06-30,,201206,국토교통부·서울시·경기도·인천시 개통 보도자료 및 노선 문서,https://www.molit.go.kr,2026-09-04,2012-06-30 개통 · 개통일 개별 확인
수인선,지하철,남동인더스파크역,28185,37.407668,126.695613,개통,2012-06-30,,201206,국토교통부·서울시·경기도·인천시 개통 보도자료 및 노선 문서,https://www.molit.go.kr,2026-09-04,2012-06-30 개통 · 개통일 개별 확인
수인선,지하철,연수역,28185,37.417769,126.678991,개통,2012-06-30,,201206,국토교통부·서울시·경기도·인천시 개통 보도자료 및 노선 문서,https://www.molit.go.kr,2026-09-04,2012-06-30 개통 · 개통일 개별 확인
수인선,지하철,송도역,28185,37.429714,126.654486,개통,2012-06-30,,201206,국토교통부·서울시·경기도·인천시 개통 보도자료 및 노선 문서,https://www.molit.go.kr,2026-09-04,2012-06-30 개통 · 개통일 개별 확인
수인선,지하철,인하대역,28177,37.448191,126.649832,개통,2016-02-27,,201602,국토교통부·서울시·경기도·인천시 개통 보도자료 및 노선 문서,https://www.molit.go.kr,2026-09-04,2016-02-27 개통 · 개통일 개별 확인
수인선,지하철,숭의역,28177,37.460891,126.638035,개통,2016-02-27,,201602,국토교통부·서울시·경기도·인천시 개통 보도자료 및 노선 문서,https://www.molit.go.kr,2026-09-04,2016-02-27 개통 · 개통일 개별 확인
수인선,지하철,신포역,28125,37.468442,126.624509,개통,2016-02-27,,201602,국토교통부·서울시·경기도·인천시 개통 보도자료 및 노선 문서,https://www.molit.go.kr,2026-09-04,2016-02-27 개통 · 개통일 개별 확인
수인선,지하철,고색역,41113,37.249829,126.9805899,개통,2020-09-12,,202009,국토교통부·서울시·경기도·인천시 개통 보도자료 및 노선 문서,https://www.molit.go.kr,2026-09-04,2020-09-12 개통 · 개통일 개별 확인
수인선,지하철,오목천역,41113,37.243011,126.9636354,개통,2020-09-12,,202009,국토교통부·서울시·경기도·인천시 개통 보도자료 및 노선 문서,https://www.molit.go.kr,2026-09-04,2020-09-12 개통 · 개통일 개별 확인
수인선,지하철,어천역,,37.250076,126.908805,개통,2020-09-12,,202009,국토교통부·서울시·경기도·인천시 개통 보도자료 및 노선 문서,https://www.molit.go.kr,2026-09-04,2020-09-12 개통 · 개통일 개별 확인
수인선,지하철,야목역,,37.261211,126.884029,개통,2020-09-12,,202009,국토교통부·서울시·경기도·인천시 개통 보도자료 및 노선 문서,https://www.molit.go.kr,2026-09-04,2020-09-12 개통 · 개통일 개별 확인
수인선,지하철,사리역,41271,37.290809,126.857172,개통,2020-09-12,,202009,국토교통부·서울시·경기도·인천시 개통 보도자료 및 노선 문서,https://www.molit.go.kr,2026-09-04,2020-09-12 개통 · 개통일 개별 확인
에버라인,지하철,강남대,,37.2701707,127.1260669,개통,2013-04-26,,201304,국토교통부·서울시·경기도·인천시 개통 보도자료 및 노선 문서,https://www.molit.go.kr,2026-09-04,2013-04-26 개통 · 개통일 개별 확인
에버라인,지하철,지석,,37.2697373,127.1363256,개통,2013-04-26,,201304,국토교통부·서울시·경기도·인천시 개통 보도자료 및 노선 문서,https://www.molit.go.kr,2026-09-04,2013-04-26 개통 · 개통일 개별 확인
에버라인,지하철,어정,,37.2749513,127.1437499,개통,2013-04-26,,201304,국토교통부·서울시·경기도·인천시 개통 보도자료 및 노선 문서,https://www.molit.go.kr,2026-09-04,2013-04-26 개통 · 개통일 개별 확인
에버라인,지하철,동백(용인세브란스),,37.2691014,127.1526906,개통,2013-04-26,,201304,국토교통부·서울시·경기도·인천시 개통 보도자료 및 노선 문서,https://www.molit.go.kr,2026-09-04,2013-04-26 개통 · 개통일 개별 확인
에버라인,지하철,초당,,37.2608065,127.1594692,개통,2013-04-26,,201304,국토교통부·서울시·경기도·인천시 개통 보도자료 및 노선 문서,https://www.molit.go.kr,2026-09-04,2013-04-26 개통 · 개통일 개별 확인
에버라인,지하철,삼가,,37.2420599,127.16818,개통,2013-04-26,,201304,국토교통부·서울시·경기도·인천시 개통 보도자료 및 노선 문서,https://www.molit.go.kr,2026-09-04,2013-04-26 개통 · 개통일 개별 확인
에버라인,지하철,시청·용인대,,37.239442,127.1788851,개통,2013-04-26,,201304,국토교통부·서울시·경기도·인천시 개통 보도자료 및 노선 문서,https://www.molit.go.kr,2026-09-04,2013-04-26 개통 · 개통일 개별 확인
에버라인,지하철,명지대,,37.2380763,127.1902913,개통,2013-04-26,,201304,국토교통부·서울시·경기도·인천시 개통 보도자료 및 노선 문서,https://www.molit.go.kr,2026-09-04,2013-04-26 개통 · 개통일 개별 확인
에버라인,지하철,김량장,,37.2373238,127.1986109,개통,2013-04-26,,201304,국토교통부·서울시·경기도·인천시 개통 보도자료 및 노선 문서,https://www.molit.go.kr,2026-09-04,2013-04-26 개통 · 개통일 개별 확인
에버라인,지하철,용인중앙시장(용인예술과학대),,37.2379113,127.2090526,개통,2013-04-26,,201304,국토교통부·서울시·경기도·인천시 개통 보도자료 및 노선 문서,https://www.molit.go.kr,2026-09-04,2013-04-26 개통 · 개통일 개별 확인
에버라인,지하철,고진,,37.2446383,127.2141836,개통,2013-04-26,,201304,국토교통부·서울시·경기도·인천시 개통 보도자료 및 노선 문서,https://www.molit.go.kr,2026-09-04,2013-04-26 개통 · 개통일 개별 확인
에버라인,지하철,보평,,37.2589643,127.2184808,개통,2013-04-26,,201304,국토교통부·서울시·경기도·인천시 개통 보도자료 및 노선 문서,https://www.molit.go.kr,2026-09-04,2013-04-26 개통 · 개통일 개별 확인
에버라인,지하철,둔전,,37.2672122,127.2136387,개통,2013-04-26,,201304,국토교통부·서울시·경기도·인천시 개통 보도자료 및 노선 문서,https://www.molit.go.kr,2026-09-04,2013-04-26 개통 · 개통일 개별 확인
에버라인,지하철,전대·에버랜드,,37.2854133,127.219509,개통,2013-04-26,,201304,국토교통부·서울시·경기도·인천시 개통 보도자료 및 노선 문서,https://www.molit.go.kr,2026-09-04,2013-04-26 개통 · 개통일 개별 확인
우이신설선,지하철,북한산우이,11305,37.66284,127.01272,개통,2017-09-02,,201709,국토교통부·서울시·경기도·인천시 개통 보도자료 및 노선 문서,https://www.molit.go.kr,2026-09-04,2017-09-02 개통 · 개통일 개별 확인
우이신설선,지하철,솔밭공원,11320,37.65607,127.01326,개통,2017-09-02,,201709,국토교통부·서울시·경기도·인천시 개통 보도자료 및 노선 문서,https://www.molit.go.kr,2026-09-04,2017-09-02 개통 · 개통일 개별 확인
우이신설선,지하철,4.19민주묘지,11320,37.64954,127.01371,개통,2017-09-02,,201709,국토교통부·서울시·경기도·인천시 개통 보도자료 및 노선 문서,https://www.molit.go.kr,2026-09-04,2017-09-02 개통 · 개통일 개별 확인
우이신설선,지하철,가오리,11305,37.64162,127.01681,개통,2017-09-02,,201709,국토교통부·서울시·경기도·인천시 개통 보도자료 및 노선 문서,https://www.molit.go.kr,2026-09-04,2017-09-02 개통 · 개통일 개별 확인
우이신설선,지하철,화계,11305,37.63428,127.0175,개통,2017-09-02,,201709,국토교통부·서울시·경기도·인천시 개통 보도자료 및 노선 문서,https://www.molit.go.kr,2026-09-04,2017-09-02 개통 · 개통일 개별 확인
우이신설선,지하철,삼양,11305,37.62706,127.01817,개통,2017-09-02,,201709,국토교통부·서울시·경기도·인천시 개통 보도자료 및 노선 문서,https://www.molit.go.kr,2026-09-04,2017-09-02 개통 · 개통일 개별 확인
우이신설선,지하철,삼양사거리,11305,37.62144,127.02049,개통,2017-09-02,,201709,국토교통부·서울시·경기도·인천시 개통 보도자료 및 노선 문서,https://www.molit.go.kr,2026-09-04,2017-09-02 개통 · 개통일 개별 확인
우이신설선,지하철,솔샘,11305,37.62037,127.01357,개통,2017-09-02,,201709,국토교통부·서울시·경기도·인천시 개통 보도자료 및 노선 문서,https://www.molit.go.kr,2026-09-04,2017-09-02 개통 · 개통일 개별 확인
우이신설선,지하철,북한산보국문,11290,37.61233,127.00816,개통,2017-09-02,,201709,국토교통부·서울시·경기도·인천시 개통 보도자료 및 노선 문서,https://www.molit.go.kr,2026-09-04,2017-09-02 개통 · 개통일 개별 확인
우이신설선,지하철,정릉,11290,37.60278,127.01345,개통,2017-09-02,,201709,국토교통부·서울시·경기도·인천시 개통 보도자료 및 노선 문서,https://www.molit.go.kr,2026-09-04,2017-09-02 개통 · 개통일 개별 확인
의정부,지하철,발곡,41150,37.726983,127.052889,개통,2012-07-01,,201207,국토교통부·서울시·경기도·인천시 개통 보도자료 및 노선 문서,https://www.molit.go.kr,2026-09-04,2012-07-01 개통 · 개통일 개별 확인
의정부,지하철,범골,41150,37.7287279,127.0437202,개통,2012-07-01,,201207,국토교통부·서울시·경기도·인천시 개통 보도자료 및 노선 문서,https://www.molit.go.kr,2026-09-04,2012-07-01 개통 · 개통일 개별 확인
의정부,지하철,의정부시청,41150,37.7392487,127.034854,개통,2012-07-01,,201207,국토교통부·서울시·경기도·인천시 개통 보도자료 및 노선 문서,https://www.molit.go.kr,2026-09-04,2012-07-01 개통 · 개통일 개별 확인
의정부,지하철,흥선,41150,37.7432249,127.0371765,개통,2012-07-01,,201207,국토교통부·서울시·경기도·인천시 개통 보도자료 및 노선 문서,https://www.molit.go.kr,2026-09-04,2012-07-01 개통 · 개통일 개별 확인
의정부,지하철,의정부중앙,41150,37.743719,127.0496332,개통,2012-07-01,,201207,국토교통부·서울시·경기도·인천시 개통 보도자료 및 노선 문서,https://www.molit.go.kr,2026-09-04,2012-07-01 개통 · 개통일 개별 확인
의정부,지하철,동오,41150,37.7451912,127.05703,개통,2012-07-01,,201207,국토교통부·서울시·경기도·인천시 개통 보도자료 및 노선 문서,https://www.molit.go.kr,2026-09-04,2012-07-01 개통 · 개통일 개별 확인
의정부,지하철,새말,41150,37.7488994,127.063869,개통,2012-07-01,,201207,국토교통부·서울시·경기도·인천시 개통 보도자료 및 노선 문서,https://www.molit.go.kr,2026-09-04,2012-07-01 개통 · 개통일 개별 확인
의정부,지하철,경기도청북부청사,41150,37.7507321,127.0714795,개통,2012-07-01,,201207,국토교통부·서울시·경기도·인천시 개통 보도자료 및 노선 문서,https://www.molit.go.kr,2026-09-04,2012-07-01 개통 · 개통일 개별 확인
의정부,지하철,효자,41150,37.7539845,127.0773155,개통,2012-07-01,,201207,국토교통부·서울시·경기도·인천시 개통 보도자료 및 노선 문서,https://www.molit.go.kr,2026-09-04,2012-07-01 개통 · 개통일 개별 확인
의정부,지하철,곤제,41150,37.7505434,127.0838651,개통,2012-07-01,,201207,국토교통부·서울시·경기도·인천시 개통 보도자료 및 노선 문서,https://www.molit.go.kr,2026-09-04,2012-07-01 개통 · 개통일 개별 확인
의정부,지하철,어룡,41150,37.7427218,127.0852045,개통,2012-07-01,,201207,국토교통부·서울시·경기도·인천시 개통 보도자료 및 노선 문서,https://www.molit.go.kr,2026-09-04,2012-07-01 개통 · 개통일 개별 확인
의정부,지하철,송산,41150,37.7371698,127.0872755,개통,2012-07-01,,201207,국토교통부·서울시·경기도·인천시 개통 보도자료 및 노선 문서,https://www.molit.go.kr,2026-09-04,2012-07-01 개통 · 개통일 개별 확인
의정부,지하철,탑석,41150,37.7335536,127.0889064,개통,2012-07-01,,201207,국토교통부·서울시·경기도·인천시 개통 보도자료 및 노선 문서,https://www.molit.go.kr,2026-09-04,2012-07-01 개통 · 개통일 개별 확인
인천지하철 2호선,지하철,검단오류,28290,37.5950162,126.62801,개통,2016-07-30,,201607,국토교통부·서울시·경기도·인천시 개통 보도자료 및 노선 문서,https://www.molit.go.kr,2026-09-04,2016-07-30 개통 · 개통일 개별 확인
인천지하철 2호선,지하철,왕길,28290,37.5950191,126.642284,개통,2016-07-30,,201607,국토교통부·서울시·경기도·인천시 개통 보도자료 및 노선 문서,https://www.molit.go.kr,2026-09-04,2016-07-30 개통 · 개통일 개별 확인
인천지하철 2호선,지하철,검단사거리,28290,37.601693,126.656545,개통,2016-07-30,,201607,국토교통부·서울시·경기도·인천시 개통 보도자료 및 노선 문서,https://www.molit.go.kr,2026-09-04,2016-07-30 개통 · 개통일 개별 확인
인천지하철 2호선,지하철,마전,28290,37.597756,126.667195,개통,2016-07-30,,201607,국토교통부·서울시·경기도·인천시 개통 보도자료 및 노선 문서,https://www.molit.go.kr,2026-09-04,2016-07-30 개통 · 개통일 개별 확인
인천지하철 2호선,지하철,완정,28290,37.592867,126.672961,개통,2016-07-30,,201607,국토교통부·서울시·경기도·인천시 개통 보도자료 및 노선 문서,https://www.molit.go.kr,2026-09-04,2016-07-30 개통 · 개통일 개별 확인
인천지하철 2호선,지하철,독정,28290,37.584927,126.675981,개통,2016-07-30,,201607,국토교통부·서울시·경기도·인천시 개통 보도자료 및 노선 문서,https://www.molit.go.kr,2026-09-04,2016-07-30 개통 · 개통일 개별 확인
인천지하철 2호선,지하철,검바위,28275,37.561091,126.677529,개통,2016-07-30,,201607,국토교통부·서울시·경기도·인천시 개통 보도자료 및 노선 문서,https://www.molit.go.kr,2026-09-04,2016-07-30 개통 · 개통일 개별 확인
인천지하철 2호선,지하철,아시아드경기장,28275,37.551373,126.677075,개통,2016-07-30,,201607,국토교통부·서울시·경기도·인천시 개통 보도자료 및 노선 문서,https://www.molit.go.kr,2026-09-04,2016-07-30 개통 · 개통일 개별 확인
인천지하철 2호선,지하철,서구청,28275,37.543839,126.676795,개통,2016-07-30,,201607,국토교통부·서울시·경기도·인천시 개통 보도자료 및 노선 문서,https://www.molit.go.kr,2026-09-04,2016-07-30 개통 · 개통일 개별 확인
인천지하철 2호선,지하철,가정(루원시티),28275,37.524805,126.675387,개통,2016-07-30,,201607,국토교통부·서울시·경기도·인천시 개통 보도자료 및 노선 문서,https://www.molit.go.kr,2026-09-04,2016-07-30 개통 · 개통일 개별 확인
인천지하철 2호선,지하철,가정중앙시장,28275,37.517511,126.676784,개통,2016-07-30,,201607,국토교통부·서울시·경기도·인천시 개통 보도자료 및 노선 문서,https://www.molit.go.kr,2026-09-04,2016-07-30 개통 · 개통일 개별 확인
인천지하철 2호선,지하철,석남(거북시장),28275,37.507211,126.676304,개통,2016-07-30,,201607,국토교통부·서울시·경기도·인천시 개통 보도자료 및 노선 문서,https://www.molit.go.kr,2026-09-04,2016-07-30 개통 · 개통일 개별 확인
인천지하철 2호선,지하철,서부여성회관,28275,37.500298,126.675875,개통,2016-07-30,,201607,국토교통부·서울시·경기도·인천시 개통 보도자료 및 노선 문서,https://www.molit.go.kr,2026-09-04,2016-07-30 개통 · 개통일 개별 확인
인천지하철 2호선,지하철,인천가좌,28275,37.489962,126.675284,개통,2016-07-30,,201607,국토교통부·서울시·경기도·인천시 개통 보도자료 및 노선 문서,https://www.molit.go.kr,2026-09-04,2016-07-30 개통 · 개통일 개별 확인
인천지하철 2호선,지하철,가재울,28275,37.484152,126.683883,개통,2016-07-30,,201607,국토교통부·서울시·경기도·인천시 개통 보도자료 및 노선 문서,https://www.molit.go.kr,2026-09-04,2016-07-30 개통 · 개통일 개별 확인
인천지하철 2호선,지하철,주안국가산단,28177,37.473599,126.681102,개통,2016-07-30,,201607,국토교통부·서울시·경기도·인천시 개통 보도자료 및 노선 문서,https://www.molit.go.kr,2026-09-04,2016-07-30 개통 · 개통일 개별 확인
인천지하철 2호선,지하철,시민공원,28177,37.458339,126.6810091,개통,2016-07-30,,201607,국토교통부·서울시·경기도·인천시 개통 보도자료 및 노선 문서,https://www.molit.go.kr,2026-09-04,2016-07-30 개통 · 개통일 개별 확인
인천지하철 2호선,지하철,석바위시장,28177,37.457659,126.692387,개통,2016-07-30,,201607,국토교통부·서울시·경기도·인천시 개통 보도자료 및 노선 문서,https://www.molit.go.kr,2026-09-04,2016-07-30 개통 · 개통일 개별 확인
인천지하철 2호선,지하철,석천사거리,28200,37.4569323,126.710383,개통,2016-07-30,,201607,국토교통부·서울시·경기도·인천시 개통 보도자료 및 노선 문서,https://www.molit.go.kr,2026-09-04,2016-07-30 개통 · 개통일 개별 확인
인천지하철 2호선,지하철,모래내시장,28200,37.455842,126.719578,개통,2016-07-30,,201607,국토교통부·서울시·경기도·인천시 개통 보도자료 및 노선 문서,https://www.molit.go.kr,2026-09-04,2016-07-30 개통 · 개통일 개별 확인
인천지하철 2호선,지하철,만수,28200,37.454962,126.731764,개통,2016-07-30,,201607,국토교통부·서울시·경기도·인천시 개통 보도자료 및 노선 문서,https://www.molit.go.kr,2026-09-04,2016-07-30 개통 · 개통일 개별 확인
인천지하철 2호선,지하철,남동구청,28200,37.448179,126.736581,개통,2016-07-30,,201607,국토교통부·서울시·경기도·인천시 개통 보도자료 및 노선 문서,https://www.molit.go.kr,2026-09-04,2016-07-30 개통 · 개통일 개별 확인
인천지하철 2호선,지하철,인천대공원,28200,37.448475,126.753051,개통,2016-07-30,,201607,국토교통부·서울시·경기도·인천시 개통 보도자료 및 노선 문서,https://www.molit.go.kr,2026-09-04,2016-07-30 개통 · 개통일 개별 확인
인천지하철 2호선,지하철,운연,28200,37.439533,126.759609,개통,2016-07-30,,201607,국토교통부·서울시·경기도·인천시 개통 보도자료 및 노선 문서,https://www.molit.go.kr,2026-09-04,2016-07-30 개통 · 개통일 개별 확인
자기부상철도,지하철,장기주차장역,,37.44385,126.455671,개통,2016-02-03,,201602,국토교통부·서울시·경기도·인천시 개통 보도자료 및 노선 문서,https://www.molit.go.kr,2026-09-04,2016-02-03 개통 · 개통일 개별 확인
자기부상철도,지하철,합동청사역,,37.440519,126.458654,개통,2016-02-03,,201602,국토교통부·서울시·경기도·인천시 개통 보도자료 및 노선 문서,https://www.molit.go.kr,2026-09-04,2016-02-03 개통 · 개통일 개별 확인
자기부상철도,지하철,파라다이스시티역,,37.437217,126.459858,개통,2016-02-03,,201602,국토교통부·서울시·경기도·인천시 개통 보도자료 및 노선 문서,https://www.molit.go.kr,2026-09-04,2016-02-03 개통 · 개통일 개별 확인
자기부상철도,지하철,워터파크역,,37.429227,126.434183,개통,2016-02-03,,201602,국토교통부·서울시·경기도·인천시 개통 보도자료 및 노선 문서,https://www.molit.go.kr,2026-09-04,2016-02-03 개통 · 개통일 개별 확인
자기부상철도,지하철,용유역,,37.424805,126.423637,개통,2016-02-03,,201602,국토교통부·서울시·경기도·인천시 개통 보도자료 및 노선 문서,https://www.molit.go.kr,2026-09-04,2016-02-03 개통 · 개통일 개별 확인
진접선,지하철,진접역,,37.720472,127.203167,개통,2022-03-19,,202203,국토교통부·서울시·경기도·인천시 개통 보도자료 및 노선 문서,https://www.molit.go.kr,2026-09-04,2022-03-19 개통 · 개통일 개별 확인
진접선,지하철,오남역,,37.7054056,127.191644,개통,2022-03-19,,202203,국토교통부·서울시·경기도·인천시 개통 보도자료 및 노선 문서,https://www.molit.go.kr,2026-09-04,2022-03-19 개통 · 개통일 개별 확인
진접선,지하철,별내별가람역,41360,37.667833,127.116167,개통,2022-03-19,,202203,국토교통부·서울시·경기도·인천시 개통 보도자료 및 노선 문서,https://www.molit.go.kr,2026-09-04,2022-03-19 개통 · 개통일 개별 확인
5호선,지하철,미사,11740,37.56309,127.192954,개통,2020-08-08,,202008,국토교통부·서울시·경기도·인천시 개통 보도자료 및 노선 문서,https://www.molit.go.kr,2026-09-04,2020-08-08 개통 · 개통일 개별 확인
5호선,지하철,하남풍산,,37.552201,127.203897,개통,2020-08-08,,202008,국토교통부·서울시·경기도·인천시 개통 보도자료 및 노선 문서,https://www.molit.go.kr,2026-09-04,2020-08-08 개통 · 개통일 개별 확인
5호선,지하철,강일,11740,37.557521,127.176018,개통,2021-03-27,,202103,국토교통부·서울시·경기도·인천시 개통 보도자료 및 노선 문서,https://www.molit.go.kr,2026-09-04,2021-03-27 개통 · 개통일 개별 확인
5호선,지하철,하남시청(덕풍∙신장),,37.541723,127.206901,개통,2021-03-27,,202103,국토교통부·서울시·경기도·인천시 개통 보도자료 및 노선 문서,https://www.molit.go.kr,2026-09-04,2021-03-27 개통 · 개통일 개별 확인
5호선,지하철,하남검단산,,37.539729,127.223427,개통,2021-03-27,,202103,국토교통부·서울시·경기도·인천시 개통 보도자료 및 노선 문서,https://www.molit.go.kr,2026-09-04,2021-03-27 개통 · 개통일 개별 확인
분당선,지하철,서울숲역,11200,37.543647,127.044686,개통,2012-10-06,,201210,국토교통부·서울시·경기도·인천시 개통 보도자료 및 노선 문서,https://www.molit.go.kr,2026-09-04,2012-10-06 개통 · 개통일 개별 확인
분당선,지하철,압구정로데오역,11680,37.527385,127.040555,개통,2012-10-06,,201210,국토교통부·서울시·경기도·인천시 개통 보도자료 및 노선 문서,https://www.molit.go.kr,2026-09-04,2012-10-06 개통 · 개통일 개별 확인
분당선,지하철,선정릉역,11680,37.510775,127.043717,개통,2012-10-06,,201210,국토교통부·서울시·경기도·인천시 개통 보도자료 및 노선 문서,https://www.molit.go.kr,2026-09-04,2012-10-06 개통 · 개통일 개별 확인
분당선,지하철,매탄권선역,41117,37.252458,127.040824,개통,2013-11-30,,201311,국토교통부·서울시·경기도·인천시 개통 보도자료 및 노선 문서,https://www.molit.go.kr,2026-09-04,2013-11-30 개통 · 개통일 개별 확인
분당선,지하철,수원시청역,41115,37.261941,127.030736,개통,2013-11-30,,201311,국토교통부·서울시·경기도·인천시 개통 보도자료 및 노선 문서,https://www.molit.go.kr,2026-09-04,2013-11-30 개통 · 개통일 개별 확인
분당선,지하철,매교역,41113,37.265502,127.015657,개통,2013-11-30,,201311,국토교통부·서울시·경기도·인천시 개통 보도자료 및 노선 문서,https://www.molit.go.kr,2026-09-04,2013-11-30 개통 · 개통일 개별 확인
수도권 광역철도 8호선,지하철,다산역,41360,37.62437,127.1498,개통,2024-08-10,,202408,국토교통부·서울시·경기도·인천시 개통 보도자료 및 노선 문서,https://www.molit.go.kr,2026-09-04,2024-08-10 개통 · 개통일 개별 확인
