life_zone,band,rank,complex_id,name,composite,top3_share,volume,crash_rel,lead,explain
Z28177-주안동,84,1,319,구월롯데캐슬골드아파트,0.6286,0.1167,37.7917,-0.0716,0.1759,0.9519
Z28177-주안동,84,2,333,간석 래미안자이아파트,0.5829,0.4667,17.9583,-0.0371,0.1006,0.9168
Z28177-주안동,84,3,92,주안역센트레빌아파트,0.5714,0.5,6.8333,,0.3702,0.829
Z28185-동춘동,84,1,208,연수1차 현대 아파트,0.7429,0.0833,12.5,-0.0157,0.0451,0.9709
Z28185-동춘동,84,2,195,송도 파크레인 동일하이빌아파트,0.6857,0.95,12.0,0.0477,0.1756,0.8567
Z28185-동춘동,84,3,196,연수서해그랑블1단지아파트,0.5714,0.9667,7.5417,0.0882,-0.0353,0.9441
Z28185-송도동,84,1,246,송도더샵센트럴시티아파트,0.7133,0.8333,17.4583,0.0,0.1918,0.9485
Z28185-송도동,84,2,285,송도더샵그린스퀘어,0.7048,0.1,12.5417,0.0692,0.0655,0.9566
Z28185-송도동,84,3,237,송도랜드마크시티센트럴더샵아파트,0.679,0.0167,47.0417,0.0749,0.8964,0.7498
Z28237-부평동,84,1,566,삼산타운7단지,0.7714,0.9,22.3333,0.0035,0.2379,0.8607
Z28237-부평동,84,2,600,부개역푸르지오,0.6286,0.8333,4.8333,0.0872,0.0347,0.9112
Z28237-부평동,84,3,474,래미안부평아파트,0.6,0.75,17.0833,-0.0033,0.1734,0.903
Z28237-산곡동,84,1,518,산곡 한화2차 아파트,0.6867,0.3167,10.0,0.0002,0.0434,0.9635
Z28237-산곡동,84,2,508,금호이수마운트밸리,0.6267,0.9833,8.4167,0.0495,0.1645,0.7979
Z28237-산곡동,84,3,954,가좌한신휴플러스아파트,0.5467,0.0167,19.2083,-0.0002,-0.0665,0.9487
Z28245-작전동,84,1,697,작전동보아파트,0.7,1.0,10.0417,-0.0147,-0.0388,0.98
Z28245-작전동,84,2,671,계산 현대 아파트,0.6,1.0,9.1667,0.0,0.0467,0.9739
Z28245-작전동,84,3,628,e편한세상 계양 더프리미어아파트,0.2,1.0,7.5,0.1971,-0.1435,0.519
Z28125-송림동,84,1,790,송림휴먼시아1단지,0.7,1.0,4.9583,0.0,0.0521,0.9748
Z28125-송림동,84,2,786,송림 풍림아이원아파트,0.6,1.0,10.125,-0.009,0.1554,0.9523
Z28125-송림동,84,3,775,동부아파트,0.2,1.0,2.375,0.0301,-0.2832,0.828
Z28177-학익동,84,1,14,인천에스케이스카이뷰,0.6571,1.0,43.6667,-0.0084,0.3439,0.819
Z28177-학익동,84,2,51,학익풍림아이원,0.6286,1.0,30.0417,-0.0018,-0.09,0.8787
Z28177-학익동,84,3,137,옥련현대2차,0.5429,0.35,8.0417,0.0452,0.1717,0.7679
Z28275-가정동,84,1,915,루원시티프라디움아파트,0.8133,1.0,27.625,0.0104,0.0442,0.9754
Z28275-가정동,84,2,912,루원시티 SK리더스뷰,0.76,0.85,51.875,0.2944,0.9548,0.3667
Z28275-가정동,84,3,928,루원시티대성베르힐,0.5067,0.4667,17.875,-0.0104,-0.0484,0.9707
Z28275-청라동,84,1,966,청라제일풍경채2차에듀앤파크,0.8,1.0,27.25,0.0313,0.2649,0.9286
Z28275-청라동,84,2,1001,청라29블럭 호반베르디움,0.8,1.0,35.9583,0.0039,-0.096,0.9598
Z28275-청라동,84,3,965,청라센트럴에일린의뜰,0.3333,1.0,23.75,-0.0039,0.0708,0.9087
Z28290-마전동,84,1,1131,불로월드,0.7,1.0,9.4167,0.0105,0.1213,0.9339
Z28290-마전동,84,2,1028,마전영남탑스빌,0.5,1.0,5.9167,0.0,-0.0445,0.9669
Z28290-마전동,84,3,1026,마전동아,0.3,1.0,16.4583,-0.0233,-0.0555,0.9634
Z28290-당하동,84,1,1054,파라곤 센트럴파크,0.6833,0.9074,26.9167,0.1257,0.4232,0.8401
Z28290-당하동,84,2,1055,검단신도시디에트르더펠리체아파트,0.65,0.9259,14.2917,0.3106,0.5298,-0.0917
Z28290-당하동,84,3,1052,검단 신안인스빌어반퍼스트,0.4375,0.8519,18.5,,-0.0556,0.8965
Z28290-원당동,84,1,1088,검단호반써밋1차,0.85,1.0,20.9583,0.0319,0.188,0.9166
Z28290-원당동,84,2,1086,검단푸르지오더베뉴,0.55,1.0,22.7083,-0.1829,-0.7644,0.94
Z28290-원당동,84,3,1087,검단 금호어울림 센트럴,0.4375,0.9773,16.9583,,-0.0107,0.7476
Z11440-공덕동,84,1,2623,마포래미안푸르지오,0.6667,1.0,38.0833,0.0,0.1133,0.724
Z11440-공덕동,84,2,2674,마포프레스티지자이아파트,0.6333,0.8167,11.5833,0.0608,0.292,0.6558
Z11440-공덕동,84,3,2667,마포그랑자이아파트,0.5667,0.9,10.2083,-0.0618,0.3109,0.9096
Z11590-상도동,84,1,3561,래미안상도3차,0.6667,1.0,19.7083,0.0079,-0.0494,0.9701
Z11590-상도동,84,2,3573,힐스테이트상도센트럴파크,0.5333,0.9833,25.4167,-0.0154,-0.0089,0.9545
Z11590-상도동,84,3,3588,아크로 리버하임,0.4667,0.8833,16.375,0.0883,0.2552,0.875
Z11200-행당동,84,1,1312,텐즈힐1단지,0.7111,0.0333,19.7083,0.0272,0.0397,0.9241
Z11200-행당동,84,2,1362,e편한세상금호파크힐스,0.6889,0.8833,12.6667,0.0102,0.0067,0.9732
Z11200-행당동,84,3,1342,서울숲리버뷰자이아파트,0.6667,0.9833,13.7917,-0.0051,0.0646,0.909
Z11260-면목동,84,1,1676,사가정 센트럴 아이파크 아파트,0.6,1.0,26.9583,-0.0297,0.042,0.9805
Z11260-면목동,84,2,1617,래미안장안2차,0.5,1.0,22.5,0.0297,0.1575,0.9066
Z11260-면목동,84,3,1686,면목한신,0.375,1.0,4.2917,,-0.2084,0.9113
Z11215-자양동,84,1,1455,구의현대프라임,0.6,0.8462,7.2917,0.0769,-0.0125,0.9547
Z11215-자양동,84,2,1458,구의현대2단지,0.6,0.9423,22.25,-0.0053,0.1079,0.8982
Z11215-자양동,84,3,1479,광장현대파크빌,0.6,1.0,18.5,0.0053,-0.0757,0.9361
Z11230-답십리동,84,1,1587,래미안위브,0.75,0.6,35.0,-0.0392,0.1458,0.932
Z11230-답십리동,84,2,1566,전농SK,0.675,0.0,17.4583,0.0122,0.0549,0.9497
Z11230-답십리동,84,3,1563,래미안크레시티,0.625,1.0,24.9583,-0.0559,0.1443,0.9006
Z11350-공릉동,84,1,2221,하계학여울청구,0.8,0.9818,11.6667,0.0323,-0.0429,0.8759
Z11350-공릉동,84,2,1785,신내우디안1단지,0.6,0.3273,10.875,0.0,0.0035,0.9085
Z11350-공릉동,84,3,1784,신내 데시앙포레,0.5,0.1636,11.875,-0.0455,0.1594,0.8733
Z11290-정릉동,84,1,1935,래미안퍼스트하이,0.7733,0.9667,23.6667,0.031,0.2623,0.9003
Z11290-정릉동,84,2,1933,꿈의숲아이파크아파트,0.7067,0.8333,18.0417,0.1053,-0.0395,0.9359
Z11290-정릉동,84,3,1958,꿈의숲 해링턴 플레이스 아파트,0.6667,0.1333,14.0833,-0.0143,0.0191,0.9692
Z11350-상계동,84,1,2044,대상타운현대,0.64,0.4107,9.2917,0.0309,-0.0344,0.906
Z11350-상계동,84,2,2251,상계벽산,0.6133,0.7679,4.375,0.0124,0.0282,0.8941
Z11350-상계동,84,3,2118,도봉한신,0.5467,0.0714,40.8333,-0.0124,-0.0535,0.9498
Z11410-홍제동,84,1,2423,녹번역e편한세상캐슬,0.8222,0.9333,23.5417,0.0109,0.0703,0.9752
Z11410-홍제동,84,2,2594,DMC래미안e편한세상,0.7778,0.7667,42.25,0.0496,0.1033,0.9247
Z11410-홍제동,84,3,2362,DMC롯데캐슬더퍼스트,0.7111,0.15,13.0,0.0916,0.1322,0.9372
Z11470-목동,84,1,3006,강서힐스테이트아파트,0.8333,1.0,21.7083,0.0183,0.0231,0.9501
Z11470-목동,84,2,3002,우장산아이파크이편한세상,0.7667,0.8833,28.375,0.0,0.1782,0.9268
Z11470-목동,84,3,2844,목동롯데캐슬위너,0.5667,0.0667,11.5,0.1359,-0.0241,0.9132
Z11500-마곡동,84,1,3042,마곡13단지 힐스테이트마스터 아파트,0.56,0.5472,17.9167,-0.0493,-0.0614,0.9647
Z11500-마곡동,84,2,3052,마곡엠밸리6단지,0.56,0.8113,5.5833,-0.0202,-0.0812,0.9525
Z11500-마곡동,84,3,3041,마곡엠밸리9단지,0.52,0.0755,8.4167,0.2427,0.0724,0.895
Z11530-구로동,84,1,6052,광명아크포레자이위브아파트,0.68,0.8667,11.4167,0.0359,0.1581,0.9262
Z11530-구로동,84,2,3169,신도림태영타운,0.64,1.0,18.5833,-0.0493,0.1855,0.8621
Z11530-구로동,84,3,6057,광명해모로이연,0.62,0.3167,17.125,0.0,0.0574,0.9485
Z11530-항동,84,1,5989,옥길센트리뷰,0.6571,0.2333,14.1667,0.0385,0.0595,0.8541
Z11530-항동,84,2,3287,천왕연지타운2단지,0.6286,0.95,5.625,0.0715,0.1891,0.8179
Z11530-항동,84,3,5996,옥길브리즈힐,0.6286,0.1167,19.2083,0.0072,0.0065,0.9173
Z41210-소하동,84,1,6075,철산래미안자이,0.6972,0.2,24.8333,-0.0068,0.1028,0.9448
Z41210-소하동,84,2,6087,e편한세상센트레빌,0.6139,0.05,40.875,0.0088,-0.0068,0.9659
Z41210-소하동,84,3,6068,철산역 롯데캐슬 & SK VIEW 클래스티지,0.5833,0.7667,13.5833,,0.7183,0.8252
Z11560-신길동,84,1,3486,힐스테이트클래시안아파트,0.6909,0.4833,8.125,0.1267,0.1151,0.8973
Z11560-신길동,84,2,3491,래미안에스티움,0.6727,0.7,18.8333,-0.0149,0.3079,0.8401
Z11560-신길동,84,3,3434,문래자이아파트,0.6364,0.1833,10.2917,0.023,0.0748,0.9041
Z11620-봉천동,84,1,3698,관악푸르지오아파트,0.7333,1.0,15.6667,0.0289,0.0293,0.9728
Z11620-봉천동,84,2,3632,사당우성2단지,0.5333,1.0,5.4583,0.0436,0.1057,0.8533
Z11620-봉천동,84,3,3702,관악우성아파트,0.5333,0.6607,17.5833,-0.0289,-0.0191,0.9476
Z11620-신림동,84,1,3760,신림푸르지오,0.7,1.0,11.25,0.0,0.002,0.7714
Z11620-신림동,84,2,3737,삼성산주공3단지,0.4,1.0,10.125,0.0217,-0.0893,0.8842
Z11620-신림동,84,3,3739,신림현대,0.4,1.0,10.8333,-0.2116,0.1465,0.5483
Z11650-서초동,84,1,3911,서초그랑자이,0.85,0.7966,6.3333,0.0651,0.3178,0.8721
Z11650-서초동,84,2,3912,래미안리더스원,0.85,0.9661,7.625,0.0469,0.1043,0.865
Z11650-서초동,84,3,3958,서초래미안,0.4,0.9153,4.875,0.0,0.0228,0.7803
Z11650-잠원동,84,1,3888,래미안퍼스티지,0.76,1.0,14.875,0.0476,0.0179,0.9303
Z11650-잠원동,84,2,3873,래미안원베일리,0.55,0.7193,14.1667,,0.7216,0.5379
Z11650-잠원동,84,3,3883,반포자이,0.54,0.2632,18.2083,0.0,-0.1467,0.9375
Z11680-역삼동,84,1,4207,잠실엘스아파트,0.75,0.0,52.5,0.0119,0.109,0.9719
Z11680-역삼동,84,2,4002,디에이치 아너힐즈,0.6333,0.4833,5.8333,0.0581,0.2918,0.7682
Z11680-역삼동,84,3,4206,잠실리센츠,0.6333,0.0,49.875,0.0101,0.0826,0.9643
Z11710-가락동,84,1,4263,헬리오시티아파트,0.8,1.0,68.5417,0.0189,0.0447,0.9405
Z11710-가락동,84,2,4295,올림픽훼밀리타운,0.75,1.0,23.9583,0.0,0.6688,0.9399
Z11710-가락동,84,3,4355,이편한세상 송파파크센트럴,0.6,0.3333,9.0417,0.0882,-0.0641,0.9714
Z11740-길동,84,1,4409,고덕 아르테온 아파트,0.7857,0.9833,48.875,0.0255,0.0972,0.9434
Z11740-길동,84,2,4396,고덕 그라시움 아파트,0.7857,1.0,30.8333,0.0768,0.1218,0.9046
Z11740-길동,84,3,4397,래미안힐스테이트 고덕,0.7143,0.1333,41.4583,0.071,0.1007,0.909
Z11740-강일동,84,1,8151,미사강변골든센트로,0.7667,0.8667,22.3333,0.051,-0.0125,0.9652
Z11740-강일동,84,2,8143,미사강변 센텀팰리스,0.6333,0.0333,27.1667,0.0,0.0311,0.9804
Z11740-강일동,84,3,8140,미사 레스티아 아파트,0.5667,0.0167,31.9583,-0.019,0.1925,0.9642
Z41111-정자동,84,1,4600,비단마을베스트타운아파트,0.75,0.1833,21.9583,0.0486,0.0628,0.948
Z41111-정자동,84,2,4544,수원SK스카이뷰,0.7179,1.0,28.7917,0.0141,0.1591,0.8429
Z41111-정자동,84,3,4540,화서역 파크 푸르지오,0.6875,0.7833,34.0,,0.712,0.3018
Z41113-금곡동,84,1,4676,호반베르디움더센트럴아파트,0.76,1.0,20.0833,0.0128,0.145,0.9462
Z41113-금곡동,84,2,4675,수원 모아미래도센트럴타운,0.6,1.0,16.25,0.0201,0.1406,0.9459
Z41113-금곡동,84,3,4693,호매실한양수자인파크원,0.6,1.0,21.8333,0.003,0.0178,0.8639
Z41113-권선동,84,1,4864,매탄위브하늘채,0.7709,0.65,40.75,-0.0021,0.0762,0.963
Z41113-권선동,84,2,4708,수원하늘채더퍼스트2단지,0.7273,0.2333,14.4583,,0.3665,0.9477
Z41113-권선동,84,3,4709,수원하늘채더퍼스트1단지,0.6727,0.5833,16.9167,0.1668,0.0879,0.5965
Z41117-이의동,84,1,4895,광교자연앤힐스테이트,0.7,1.0,45.0417,0.0617,0.2108,0.9351
Z41117-이의동,84,2,4905,광교호수마을 호반써밋,0.4,1.0,18.9167,-0.0507,-0.1206,0.9353
Z41117-이의동,84,3,4909,광교 더 포레스트,0.4,1.0,24.375,0.0,-0.356,0.8983
Z41117-망포동,84,1,4954,힐스테이트 영통아파트,0.775,1.0,31.4583,0.1033,0.1696,0.5925
Z41117-망포동,84,2,4952,영통아이파크캐슬1단지,0.6929,1.0,19.9167,0.0266,0.2104,0.9118
Z41117-망포동,84,3,4953,영통아이파크캐슬2단지 아파트,0.5964,0.6667,13.875,0.0947,0.3598,0.7774
Z41131-신흥동,84,1,4985,산성역 포레스티아 아파트,0.7,1.0,23.375,0.0027,0.2207,0.8778
Z41131-신흥동,84,2,5082,하대원아튼빌,0.6,0.7333,10.5417,0.0329,0.0119,0.9548
Z41131-신흥동,84,3,5060,은행현대,0.5,0.2167,24.625,-0.0272,-0.0418,0.9789
Z41135-야탑동,84,1,5154,시범현대아파트,0.8571,0.9333,12.3333,0.033,0.0002,0.9272
Z41135-야탑동,84,2,5153,서현시범한양,0.7143,0.8833,5.7917,0.0529,-0.0066,0.9578
Z41135-야탑동,84,3,5183,야탑장미마을현대,0.5429,0.0,9.9167,-0.041,-0.0046,0.9463
Z41150-신곡동,84,1,5472,민락호반베르디움1차,0.7,0.7833,29.7083,0.0,0.0626,0.9493
Z41150-신곡동,84,2,5454,탑석센트럴자이아파트,0.6,0.8,15.9167,0.1083,-0.0803,0.6923
Z41150-신곡동,84,3,5415,e편한세상신곡파크비스타,0.51,0.5667,5.5417,0.042,0.1813,0.8995
Z41171-안양동,84,1,5577,래미안안양메가트리아,0.75,1.0,60.7083,0.0104,0.1437,0.9164
Z41171-안양동,84,2,5615,석수e편한세상,0.6,0.8833,19.125,-0.0158,0.1819,0.9246
Z41171-안양동,84,3,5620,석수현대,0.6,0.9333,11.7083,0.0,-0.016,0.9317
Z41173-호계동,84,1,8071,인덕원푸르지오 엘센트로아파트,0.7528,0.9333,41.5833,0.066,0.5034,0.7457
Z41173-호계동,84,2,5676,평촌더샵센트럴시티,0.6472,0.9667,26.7083,-0.0238,0.0762,0.9503
Z41173-호계동,84,3,5658,비산삼성래미안아파트,0.6389,0.0,48.875,0.0489,0.0436,0.9642
Z41194-송내동,84,1,5926,소사SK-VIEW,0.6,1.0,21.75,0.0,-0.0065,0.9694
Z41194-송내동,84,2,5976,중동역푸르지오,0.6,1.0,10.5417,0.082,0.0407,0.9031
Z41194-송내동,84,3,5924,소새울역중흥S클래스,0.3,1.0,12.4167,-0.0054,0.0381,0.9622
Z41192-중동,84,1,5826,중동팰리스카운티,0.7333,1.0,38.0417,0.0223,0.1379,0.9168
Z41192-중동,84,2,5859,중동보람마을아주,0.6667,1.0,16.125,-0.0223,-0.0203,0.9449
Z41192-중동,84,3,5835,중동금강마을주공,0.4667,0.7667,4.2917,0.0525,-0.0166,0.9045
Z41220-비전동,84,1,6252,평택센트럴해링턴플레이스,0.6,1.0,18.375,0.0,-0.0986,0.9763
Z41220-비전동,84,2,6228,평택뉴비전엘크루,0.5,1.0,12.9583,0.198,0.3974,-0.1494
Z41220-비전동,84,3,6292,힐스테이트평택2차,0.4,1.0,11.4167,-0.0333,0.0696,0.9695
Z41220-동삭동,84,1,6279,더샵 지제역 센트럴파크 2BL,0.7714,0.8333,10.75,0.0799,0.146,0.9774
Z41220-동삭동,84,2,6277,힐스테이트지제역아파트,0.6429,0.7667,12.375,,0.2118,0.939
Z41220-동삭동,84,3,6278,더샵지제역센트럴파크1BL아파트,0.5886,0.5,9.375,0.063,0.0948,0.9761
Z41271-사동,84,1,6494,그랑시티자이2차아파트,0.5,1.0,28.625,0.1016,1.0791,0.5402
Z41271-사동,84,2,6495,그랑시티자이아파트,0.5,1.0,37.25,-0.077,0.1421,0.9582
Z41271-사동,84,3,6516,신안1단지,0.5,1.0,13.25,0.0,-0.1312,0.9591
Z41271-성포동,84,1,6529,성포선경,0.8667,1.0,14.0417,0.0072,0.0114,0.9784
Z41271-성포동,84,2,6524,안산파크푸르지오 아파트,0.6667,0.9123,8.125,0.0329,0.2878,0.8045
Z41271-성포동,84,3,6528,성포예술인,0.2667,0.5263,5.5833,-0.011,-0.0124,0.9478
Z41273-고잔동,84,1,6617,안산 라프리모,0.7548,0.1,19.125,-0.0092,0.1585,0.9619
Z41273-고잔동,84,2,6557,안산레이크타운 푸르지오 아파트,0.7119,1.0,19.25,0.0628,0.077,0.8125
Z41273-고잔동,84,3,6573,고잔3차푸르지오,0.6095,0.2333,7.0833,0.0332,0.0071,0.907
Z41281-원흥동,84,1,6704,삼송2차 아이파크,0.72,1.0,23.3333,0.0599,0.0924,0.9222
Z41281-원흥동,84,2,6662,원흥동일스위트아파트,0.68,1.0,34.9167,0.0011,-0.0065,0.9644
Z41281-원흥동,84,3,6657,삼송리슈빌센트럴파크아파트,0.52,0.7,22.4583,0.0818,-0.011,0.9579
Z41287-일산동,84,1,6845,일산센트럴아이파크,0.7,1.0,33.5,0.0,0.1073,0.9519
Z41287-일산동,84,2,6860,하늘마을2단지,0.5,1.0,8.5,0.0551,-0.0964,0.9475
Z41287-일산동,84,3,6849,하늘마을5단지아파트,0.3,1.0,15.5,-0.0504,-0.0232,0.9321
Z41480-동패동,84,1,8879,해솔마을 7단지 롯데캐슬,0.7,0.9333,16.7083,0.017,0.0585,0.97
Z41480-동패동,84,2,7034,일산에듀포레푸르지오,0.62,0.0667,18.1667,-0.0305,0.105,0.9742
Z41480-동패동,84,3,8855,운정신도시 센트럴푸르지오,0.62,1.0,44.0833,-0.0109,0.3525,0.7783
Z41290-중앙동,84,1,7112,과천위버필드아파트,0.75,0.9483,17.0417,0.0,0.0723,0.9553
Z41290-중앙동,84,2,7113,과천래미안슈르,0.6,0.0345,33.7917,-0.0009,0.068,0.9559
Z41290-중앙동,84,3,7109,과천푸르지오써밋,0.5,0.9655,9.7917,0.0417,-0.0973,0.9189
Z41310-갈매동,84,1,7119,갈매역 아이파크,0.6,1.0,26.6667,-0.0119,-0.0078,0.9587
Z41310-갈매동,84,2,7126,한라비발디아파트,0.5333,0.8833,16.625,-0.0066,-0.0377,0.9636
Z41310-갈매동,84,3,7122,구리갈매스타힐스,0.4667,0.6667,12.25,0.0066,-0.0706,0.9664
Z41360-다산동,84,1,7331,다산 롯데캐슬아파트,0.7556,1.0,35.875,0.0233,0.1301,0.6473
Z41360-다산동,84,2,7322,힐스테이트 다산,0.6667,1.0,34.8333,-0.0042,0.1943,0.7852
Z41360-다산동,84,3,7325,다산 e편한세상자이아파트,0.6444,1.0,33.7917,0.0136,0.1224,0.6653
Z41360-호평동,84,1,7207,두산알프하임,0.7333,0.9804,19.0417,0.025,0.7577,0.7007
Z41360-호평동,84,2,7215,호평중흥S클래스,0.4667,0.4902,5.8333,-0.0285,0.0428,0.9823
Z41360-호평동,84,3,7220,호평파라곤,0.4667,0.8431,4.5417,0.1333,-0.1608,0.9078
Z41360-와부읍,84,1,7369,덕소아이파크,0.8,1.0,14.625,0.0077,0.0214,0.9794
Z41360-와부읍,84,2,7368,덕소동부센트레빌,0.4,1.0,12.7917,0.0,-0.0165,0.9891
Z41360-와부읍,84,3,7378,덕소두산위브,0.3,1.0,8.0,-0.0304,0.0134,0.9358
Z41360-진접읍,84,1,7411,해밀마을신안인스빌,0.7,1.0,20.3333,0.0024,0.0225,0.9718
Z41360-진접읍,84,2,7416,진접부영사랑으로아파트,0.5,1.0,17.5,-0.0024,-0.033,0.9778
Z41360-진접읍,84,3,7397,더샵남양주퍼스트시티아파트,0.25,1.0,15.5417,,0.1159,0.7076
Z41370-수청동,84,1,7542,오산시티자이1단지,0.7,1.0,5.4167,0.0206,0.174,0.9212
Z41370-수청동,84,2,7540,오산시티자이2차아파트,0.6,1.0,6.0,0.0,0.096,0.9898
Z41370-수청동,84,3,7592,오산대우,0.2,1.0,3.9167,-0.0093,-0.3074,0.8454
Z41370-원동,84,1,7563,오산역이편한세상2단지,0.6,1.0,17.75,-0.0177,0.0484,0.9608
Z41370-원동,84,2,7633,오산자이아파트,0.5,1.0,14.9583,0.0033,-0.1141,0.9383
Z41370-원동,84,3,7559,오산역e편한세상1단지,0.4,1.0,12.2917,0.0,0.0021,0.9693
Z41595-병점동,84,1,7610,세마역 트루엘 더퍼스트,0.85,1.0,18.8333,0.0451,0.0475,0.9857
Z41595-병점동,84,2,9507,병점역아이파크캐슬,0.6875,0.7833,47.9167,,0.8271,0.6703
Z41595-병점동,84,3,9514,병점역센트럴허브시티,0.5667,0.75,24.0417,-0.0001,0.0258,0.9776
Z41390-은행동,84,1,7646,시흥센트럴푸르지오아파트,0.75,0.9167,20.5,0.02,0.1702,0.924
Z41390-은행동,84,2,7685,시흥은계한양수자인더클래스아파트,0.6667,0.9167,16.125,-0.0034,0.0228,0.9871
Z41390-은행동,84,3,7679,은계파크자이아파트,0.5,0.75,13.9583,,0.5222,0.9225
Z41390-배곧동,84,1,7891,시흥배곧한신더휴,0.6667,0.9,11.625,0.0223,0.1254,0.9564
Z41390-배곧동,84,2,7896,배곧호반베르디움더프라임아파트,0.5667,0.6167,8.5,0.0335,-0.0051,0.9663
Z41390-배곧동,84,3,7890,한라비발디캠퍼스2차아파트,0.5333,0.0,26.75,-0.0097,-0.0008,0.9806
Z41461-남사읍,84,1,8286,e편한세상 용인한숲시티 5단지,0.8,1.0,28.25,0.0035,0.0281,0.9912
Z41461-남사읍,84,2,8284,e편한세상 용인한숲시티6단지,0.4,1.0,15.6667,0.0,-0.0227,0.9919
Z41461-남사읍,84,3,8288,이편한세상 용인한숲시티 3단지,0.3,1.0,15.2083,-0.0109,0.0187,0.9861
Z41463-신갈동,84,1,8325,기흥역센트럴푸르지오,0.9333,1.0,52.7917,0.0294,0.0767,0.9437
Z41463-신갈동,84,2,8322,기흥역 더샵 아파트,0.6667,1.0,28.125,-0.0105,-0.0457,0.9801
Z41463-신갈동,84,3,8414,장미마을 삼성래미안2차,0.2667,0.2759,16.2083,0.0105,-0.1292,0.8752
Z41465-죽전동,84,1,8532,e편한세상 수지아파트,0.74,0.9333,38.625,0.0561,0.2729,0.8868
Z41465-죽전동,84,2,8632,동천디이스트,0.64,0.0,40.4167,-0.001,0.063,0.9699
Z41465-죽전동,84,3,8716,광교자이 더 클래스,0.56,0.9667,17.7083,0.0128,0.138,0.8687
Z41570-풍무동,84,1,9235,풍무센트럴푸르지오,0.8,1.0,42.3333,0.0176,0.3676,0.8434
Z41570-풍무동,84,2,9222,김포 사우 아이파크,0.6,1.0,5.9583,0.0087,0.2447,0.9008
Z41570-풍무동,84,3,9244,풍무유현마을신동아,0.5,0.3167,6.0,-0.0268,-0.0525,0.9426
Z41570-장기동,84,1,9178,한강신도시롯데캐슬,0.7333,1.0,18.125,0.0017,0.0519,0.9833
Z41570-장기동,84,2,9177,풍경마을 래미안 한강2차,0.5333,1.0,21.125,0.001,0.0351,0.9831
Z41570-장기동,84,3,9186,한강센트럴자이1단지,0.4667,1.0,47.375,-0.0217,0.0231,0.9799
Z41570-구래동,84,1,9280,호수마을e편한세상,0.6667,1.0,33.875,0.0056,-0.0904,0.9813
Z41570-구래동,84,2,9253,한강동일스위트더파크뷰1단지아파트,0.6,0.85,21.375,0.0332,0.8582,0.7437
Z41570-구래동,84,3,9261,한강힐스테이트아파트,0.4,0.15,21.0,-0.0056,-0.0566,0.9867
Z41570-고촌읍,84,1,9303,캐슬앤파밀리에시티1단지,0.6,0.2931,30.75,-0.0449,0.1894,0.962
Z41570-고촌읍,84,2,9318,수기마을 힐스테이트 2단지,0.6,0.9655,8.3333,0.0331,-0.0869,0.9547
Z41570-고촌읍,84,3,9300,힐스테이트리버시티2단지,0.5333,0.8448,11.75,0.0158,-0.0175,0.9507
Z41593-봉담읍,84,1,9485,봉담그대가3단지,0.6,1.0,18.1667,-0.0005,0.0409,0.9791
Z41593-봉담읍,84,2,9475,봉담한신더휴에듀파크아파트,0.5333,0.95,11.3333,0.06,0.0242,0.9881
Z41593-봉담읍,84,3,9476,봉담센트럴푸르지오,0.5333,0.9833,22.7917,-0.0046,0.0896,0.9362
Z41597-반송동,84,1,7604,서동탄역더샵파크시티,0.7,1.0,14.6667,0.0095,0.0214,0.9835
Z41597-반송동,84,2,9537,서동탄역우남퍼스트빌,0.4,1.0,26.0,-0.0065,-0.1235,0.9463
Z41597-반송동,84,3,7600,오산대역세교자이,0.4,1.0,14.5417,0.0,0.0354,0.9688
Z41597-영천동,84,1,9641,동탄역 시범우남퍼스트빌,0.8,1.0,29.0417,0.0175,0.0692,0.9728
Z41597-영천동,84,2,9640,동탄역시범호반써밋,0.6,1.0,33.375,-0.0437,-0.0373,0.9774
Z41597-영천동,84,3,9635,동탄역시범한화꿈에그린프레스티지아파트,0.4,1.0,29.2917,-0.013,-0.0243,0.9365
Z41597-여울동,84,1,9689,힐스테이트동탄,0.7333,0.1167,31.4583,0.015,0.1064,0.9715
Z41597-여울동,84,2,9706,동탄 더샵 레이크에듀타운아파트,0.7,1.0,54.1667,-0.0051,0.1013,0.9674
Z41597-여울동,84,3,9739,동탄2신도시 하우스디 더 레이크,0.6,0.85,6.5,0.0138,0.0606,0.9748
Z41630-옥정동,84,1,9960,양주옥정신도시1차대방노블랜드더시그니처,0.65,0.8929,15.5,0.1521,0.359,0.9625
Z41630-옥정동,84,2,9965,e편한세상 옥정 더퍼스트 아파트,0.5667,0.1786,20.3333,-0.0346,0.0454,0.98
Z41630-옥정동,84,3,9970,e편한세상 옥정 에듀써밋,0.5,0.9821,14.75,-0.0382,0.0364,0.987
Z28177-주안동,59,1,333,간석 래미안자이아파트,0.65,0.9333,12.9583,-0.0069,0.1454,0.9276
Z28177-주안동,59,2,490,더샵부평센트럴시티,0.625,0.7833,16.0417,,0.9517,0.307
Z28177-주안동,59,3,92,주안역센트레빌아파트,0.5333,0.25,24.6667,-0.0511,-0.1069,0.9436
Z28185-송도동,59,1,246,송도더샵센트럴시티아파트,0.7,1.0,62.5,0.0,0.0939,0.9795
Z28185-송도동,59,2,252,송도에듀포레 푸르지오아파트,0.4,1.0,12.0,-0.0259,0.071,0.9779
Z28185-송도동,59,3,253,롯데캐슬캠퍼스타운아파트,0.4,1.0,7.5417,0.0055,-0.1802,0.9574
Z28200-만수동,59,1,384,만수주공2단지아파트,0.7,1.0,8.875,0.0197,0.0332,0.9753
Z28200-만수동,59,2,385,만수 주공4단지 아파트,0.6,1.0,4.6667,0.0,0.044,0.9566
Z28200-만수동,59,3,361,포레시안 아파트,0.2,1.0,16.375,-0.0291,-0.2033,0.8592
Z28237-부평동,59,1,568,삼산타운1단지아파트,0.6667,0.6333,49.9167,0.0201,0.0684,0.7389
Z28237-부평동,59,2,482,부평 동아1단지 아파트,0.5333,0.25,15.375,-0.0777,0.0566,0.9525
Z28237-부평동,59,3,611,부개 주공1단지 아파트,0.5,0.0,18.9167,-0.0462,0.0175,0.9493
Z28237-산곡동,59,1,945,"가좌두산위브트레지움1,2단지아파트",0.76,0.9333,23.4583,0.0521,-0.0341,0.9297
Z28237-산곡동,59,2,502,부평신일해피트리더루츠아파트,0.55,0.6333,12.3333,,-0.0553,0.9315
Z28237-산곡동,59,3,508,금호이수마운트밸리,0.54,0.9833,5.0833,0.0,0.1142,0.9101
Z28245-작전동,59,1,731,학마을영남아파트,0.68,0.9667,17.9167,-0.0088,0.1421,0.9572
Z28245-작전동,59,2,628,e편한세상 계양 더프리미어아파트,0.64,0.8333,24.625,0.0396,0.0735,0.8682
Z28245-작전동,59,3,730,학마을 서해아파트,0.64,0.9833,10.75,-0.0603,0.0792,0.9724
Z28125-송림동,59,1,786,송림 풍림아이원아파트,0.8,1.0,11.5,0.0167,0.0642,0.9732
Z28125-송림동,59,2,790,송림휴먼시아1단지,0.7,1.0,12.0417,0.0,0.0007,0.9103
Z28125-송림동,59,3,781,동인천역파크푸르지오,0.3333,0.6667,1.5417,,0.328,0.4017
Z28177-학익동,59,1,14,인천에스케이스카이뷰,0.72,1.0,25.0,0.0037,0.4215,0.7798
Z28177-학익동,59,2,137,옥련현대2차,0.6,0.4,11.1667,-0.0037,-0.0002,0.9527
Z28177-학익동,59,3,136,옥련현대4차,0.52,0.5667,8.3333,-0.0203,0.134,0.9479
Z28155-중산동,59,1,831,영종신명스카이뷰주얼리,0.6,1.0,31.5833,0.0027,0.0729,0.9368
Z28155-중산동,59,2,827,하늘도시우미린1단지,0.5,1.0,43.0,-0.0436,-0.0048,0.9831
Z28155-중산동,59,3,828,영종한양수자인아파트,0.4,1.0,39.75,0.0,-0.1154,0.9566
Z11440-공덕동,59,1,2623,마포래미안푸르지오,0.7333,0.9833,35.2083,0.0,0.0971,0.9235
Z11440-공덕동,59,2,2674,마포프레스티지자이아파트,0.6667,0.8,18.4583,0.1281,-0.1007,0.9397
Z11440-공덕동,59,3,2667,마포그랑자이아파트,0.6,0.9667,12.5417,0.0996,0.2172,0.8622
Z11590-상도동,59,1,3588,아크로 리버하임,0.6667,1.0,5.5833,0.0496,0.3867,0.782
Z11590-상도동,59,2,3543,신동아리버파크,0.6667,0.14,13.0417,0.0364,0.0217,0.9382
Z11590-상도동,59,3,3573,힐스테이트상도센트럴파크,0.4,0.98,8.375,-0.0364,-0.0463,0.8886
Z11200-행당동,59,1,1367,신금호파크자이아파트,0.7778,0.2167,18.1667,0.0313,0.1478,0.9415
Z11200-행당동,59,2,1362,e편한세상금호파크힐스,0.6444,0.8667,12.2917,0.0036,0.2413,0.8452
Z11200-행당동,59,3,1394,래미안옥수리버젠,0.5556,0.95,20.75,-0.0215,0.0441,0.7986
Z11215-자양동,59,1,1455,구의현대프라임,0.8,1.0,19.1667,0.0193,0.0409,0.9647
Z11215-자양동,59,2,1479,광장현대파크빌,0.4,1.0,9.7083,0.0,-0.0409,0.9452
Z11215-자양동,59,3,1472,광장현대3단지아파트,0.3,1.0,8.1667,-0.0198,-0.0194,0.9503
Z11230-답십리동,59,1,1587,래미안위브,0.7333,0.9333,21.9167,0.0166,0.0634,0.9472
Z11230-답십리동,59,2,1563,래미안크레시티,0.719,0.9667,22.4167,-0.0101,0.1081,0.928
Z11230-답십리동,59,3,1566,전농SK,0.4667,0.05,18.125,-0.0071,-0.0528,0.9619
Z11350-공릉동,59,1,2171,태릉해링턴플레이스,0.7,1.0,15.7917,0.0108,-0.1554,0.9631
Z11350-공릉동,59,2,2221,하계학여울청구,0.4,1.0,9.75,-0.0108,-0.0454,0.9362
Z11350-공릉동,59,3,2151,월계주공2단지,0.375,1.0,7.4583,,0.0719,0.9542
Z11290-정릉동,59,1,1945,석관두산,0.7333,0.0333,19.2083,0.0269,-0.0136,0.9427
Z11290-정릉동,59,2,1963,SK북한산시티아파트,0.7314,0.0,46.4583,0.0141,0.0161,0.9452
Z11290-정릉동,59,3,1933,꿈의숲아이파크아파트,0.7,0.7333,18.5417,,0.351,0.903
Z11350-상계동,59,1,2304,상계은빛1단지,0.675,0.1,13.8333,0.0349,-0.0024,0.9598
Z11350-상계동,59,2,2235,포레나노원 아파트,0.625,0.9333,11.875,0.0048,0.3434,0.3145
Z11350-상계동,59,3,2303,상계은빛2단지,0.55,0.0167,12.875,0.0,-0.0517,0.9723
Z11410-홍제동,59,1,2604,DMC에코자이,0.76,0.9167,13.0833,0.0105,0.1563,0.9339
Z11410-홍제동,59,2,2423,녹번역e편한세상캐슬,0.74,0.4,39.9583,-0.0434,0.2094,0.9407
Z11410-홍제동,59,3,2425,백련산 에스케이뷰 아이파크,0.68,0.0167,19.75,0.0671,-0.2478,0.9485
Z11470-목동,59,1,2970,등촌3단지주공아파트,0.6,0.0,20.25,0.0235,-0.0567,0.9345
Z11470-목동,59,2,3002,우장산아이파크이편한세상,0.6,0.9333,17.0833,-0.017,0.1074,0.9069
Z11470-목동,59,3,3006,강서힐스테이트아파트,0.5667,0.9,16.0833,-0.0248,0.1918,0.9196
Z11500-마곡동,59,1,3060,마곡엠밸리15단지,0.6,1.0,1.9583,0.1027,0.1201,0.7986
Z11500-마곡동,59,2,3042,마곡13단지 힐스테이트마스터 아파트,0.5,1.0,12.0,-0.1027,-0.0217,0.9262
Z11500-마곡동,59,3,3041,마곡엠밸리9단지,0.375,1.0,9.25,,0.1396,0.6102
Z11530-구로동,59,1,6052,광명아크포레자이위브아파트,0.7619,0.8333,38.9583,0.0091,0.271,0.8835
Z11530-구로동,59,2,6051,광명푸르지오센트베르아파트,0.6786,0.7167,36.875,,-0.0824,0.9393
Z11530-구로동,59,3,3232,개봉한마을,0.6714,0.25,29.0,0.0,-0.0357,0.9456
Z11530-항동,59,1,3297,항동하버라인3단지,0.6,1.0,9.5417,0.0435,0.2947,0.8475
Z11530-항동,59,2,5989,옥길센트리뷰,0.6,1.0,7.0417,0.0,0.0025,0.9758
Z11530-항동,59,3,5946,부천범박힐스테이트1단지,0.3,1.0,7.5833,-0.0196,-0.1069,0.9706
Z41210-소하동,59,1,6087,e편한세상센트레빌,0.6769,0.05,25.8333,0.0189,0.0463,0.9262
Z41210-소하동,59,2,3313,금천롯데캐슬골드파크3차아파트,0.6462,0.4,27.0833,0.0096,0.0672,0.6027
Z41210-소하동,59,3,6075,철산래미안자이,0.6462,0.6333,15.4167,0.0328,0.0594,0.891
Z11560-신길동,59,1,3487,신길센트럴자이,0.6444,0.6167,16.6667,-0.0014,-0.0497,0.9481
Z11560-신길동,59,2,3364,아크로타워스퀘어,0.5778,0.8667,9.9167,0.0737,0.0391,0.8288
Z11560-신길동,59,3,3486,힐스테이트클래시안아파트,0.5778,0.4333,22.2083,-0.0394,0.3987,0.7802
Z11620-봉천동,59,1,3698,관악푸르지오아파트,0.7333,1.0,41.0833,-0.0064,0.0073,0.9765
Z11620-봉천동,59,2,3632,사당우성2단지,0.4667,0.9474,6.0,0.0041,0.1467,0.8178
Z11620-봉천동,59,3,3710,관악벽산블루밍,0.4667,0.8246,31.6667,-0.0041,-0.0138,0.9612
Z11620-신림동,59,1,3739,신림현대,0.75,0.8182,7.0,,0.0258,0.9423
Z11620-신림동,59,2,3737,삼성산주공3단지,0.6,0.4773,7.9167,0.0067,0.0001,0.9371
Z11620-신림동,59,3,3727,힐스테이트뉴포레,0.5833,0.9318,21.75,,-0.0235,0.7401
Z11650-잠원동,59,1,3888,래미안퍼스티지,0.65,0.9828,5.5,0.0277,0.0397,0.9083
Z11650-잠원동,59,2,3873,래미안원베일리,0.625,0.6897,5.9583,,0.1311,0.8767
Z11650-잠원동,59,3,3886,반포리체,0.4667,0.2241,7.5417,-0.0272,0.038,0.9347
Z11680-역삼동,59,1,4207,잠실엘스아파트,0.75,0.1167,21.9167,0.0446,0.1547,0.9337
Z11680-역삼동,59,2,4001,개포래미안포레스트,0.6036,0.1,14.625,-0.0198,0.0323,0.9751
Z11680-역삼동,59,3,4206,잠실리센츠,0.5214,0.3,5.375,0.0432,-0.0732,0.9587
Z11710-가락동,59,1,4277,가락쌍용1차,0.7333,1.0,32.0833,-0.0534,0.0271,0.9713
Z11710-가락동,59,2,4263,헬리오시티아파트,0.6667,1.0,13.0833,0.0267,0.9257,0.8377
Z11710-가락동,59,3,4355,이편한세상 송파파크센트럴,0.4,0.9608,6.5,0.008,-0.0748,0.9422
Z11740-길동,59,1,4396,고덕 그라시움 아파트,0.8462,0.9833,48.6667,0.0465,0.1193,0.9357
Z11740-길동,59,2,4397,래미안힐스테이트 고덕,0.7538,0.85,23.625,0.0042,0.1375,0.9533
Z11740-길동,59,3,4409,고덕 아르테온 아파트,0.6923,0.85,29.4167,0.0125,0.1319,0.8907
Z11740-강일동,59,1,8151,미사강변골든센트로,0.8,0.9833,25.0,0.0256,0.0435,0.9277
Z11740-강일동,59,2,8148,미사강변 루나리움,0.6833,0.5833,10.4167,0.0151,0.0626,0.97
Z11740-강일동,59,3,8170,미사강변센트리버,0.4,0.75,9.3333,-0.019,-0.0967,0.9539
Z41111-정자동,59,1,4792,화서주공4단지,0.7289,0.8333,28.5417,-0.0008,0.1205,0.907
Z41111-정자동,59,2,4544,수원SK스카이뷰,0.6978,1.0,26.0,0.0413,0.1131,0.7736
Z41111-정자동,59,3,4562,화서역 우방 센트럴파크,0.6667,0.0,38.5417,-0.0513,0.1149,0.9562
Z41113-금곡동,59,1,4704,호매실스위첸,0.8,1.0,39.8333,0.0435,0.0903,0.9498
Z41113-금곡동,59,2,4699,호매실마을13단지,0.6,1.0,54.3333,-0.0248,0.2313,0.9485
Z41113-금곡동,59,3,4694,호매실 스타힐스,0.4667,1.0,25.6667,-0.0037,0.0656,0.969
Z41113-권선동,59,1,4864,매탄위브하늘채,0.7231,0.5,28.9583,0.0173,0.0999,0.9228
Z41113-권선동,59,2,4874,광교호반베르디움,0.7231,1.0,41.875,0.0185,0.2328,0.6526
Z41113-권선동,59,3,4720,수원아이파크시티7단지,0.6308,0.0,40.0,0.022,0.2729,0.8547
Z41117-망포동,59,1,4952,영통아이파크캐슬1단지,0.75,1.0,22.9167,0.065,0.1827,0.8569
Z41117-망포동,59,2,4953,영통아이파크캐슬2단지 아파트,0.6,1.0,13.8333,0.0,0.2478,0.8197
Z41117-망포동,59,3,9546,이편한세상 반월나노시티역,0.6,0.7667,14.1667,-0.0114,0.0488,0.9754
Z41131-신흥동,59,1,4985,산성역 포레스티아 아파트,0.7571,0.9636,20.5,0.0,0.2758,0.8607
Z41131-신흥동,59,2,5088,신흥역하늘채랜더스원 1단지아파트,0.75,0.7091,9.8333,,0.0029,0.9628
Z41131-신흥동,59,3,5048,e편한세상금빛그랑메종1단지아파트,0.6429,0.6909,19.5417,,-0.0811,0.9806
Z41135-야탑동,59,1,5173,이매촌한신,0.7095,0.0351,14.5833,0.0374,0.0539,0.9094
Z41135-야탑동,59,2,5154,시범현대아파트,0.5714,0.8421,4.8333,0.0382,-0.0467,0.898
Z41135-야탑동,59,3,5152,서현시범우성,0.5476,0.7193,3.9583,-0.0426,0.0436,0.921
Z41150-호원동,59,1,5405,장암동아,0.6,1.0,17.0417,-0.0152,0.0454,0.982
Z41150-호원동,59,2,5318,의정부역센트럴자이앤위브캐슬,0.5833,0.7736,57.5833,,0.2425,0.8085
Z41150-호원동,59,3,5395,신일유토빌,0.5333,1.0,6.5833,0.03,0.1027,0.9295
Z41150-신곡동,59,1,5470,민락엘레트아파트,0.7429,0.1333,53.5,-0.0095,0.055,0.977
Z41150-신곡동,59,2,5454,탑석센트럴자이아파트,0.6857,0.9,28.8333,0.1209,-0.0197,0.8591
Z41150-신곡동,59,3,5414,e편한세상 신곡 포레스타뷰,0.6,0.9167,17.5833,0.0551,-0.0251,0.886
Z41171-안양동,59,1,5577,래미안안양메가트리아,0.7,1.0,68.3333,0.0,0.1216,0.9347
Z41171-안양동,59,2,5619,석수엘지빌리지,0.6,1.0,15.625,0.0537,0.0386,0.926
Z41171-안양동,59,3,5642,한라비발디,0.2,1.0,12.2083,-0.0445,-0.1967,0.8748
Z41173-호계동,59,1,5732,평촌어바인퍼스트,0.6067,0.2,73.5833,-0.0127,0.506,0.446
Z41173-호계동,59,2,5654,평촌래미안푸르지오아파트,0.6,0.7667,18.5,,0.267,0.6927
Z41173-호계동,59,3,5676,평촌더샵센트럴시티,0.5711,0.95,11.7917,0.0114,0.2561,0.8583
Z41192-중동,59,1,5826,중동팰리스카운티,0.8,1.0,29.7083,0.0262,0.2039,0.9122
Z41192-중동,59,2,5859,중동보람마을아주,0.6,0.9831,12.0417,-0.0262,0.0339,0.924
Z41192-중동,59,3,5835,중동금강마을주공,0.3333,0.9661,7.0833,0.0566,-0.173,0.8888
Z41220-동삭동,59,1,6278,더샵지제역센트럴파크1BL아파트,0.8667,0.55,26.2917,0.0169,0.1478,0.9708
Z41220-동삭동,59,2,6279,더샵 지제역 센트럴파크 2BL,0.7133,0.7333,20.2917,-0.0026,0.2008,0.9335
Z41220-동삭동,59,3,6277,힐스테이트지제역아파트,0.5267,0.8833,14.2083,0.0137,0.0156,0.7991
Z41271-성포동,59,1,6530,성포주공11단지,0.7333,1.0,18.625,-0.0016,0.0137,0.9782
Z41271-성포동,59,2,6529,성포선경,0.6,0.8545,1.5833,0.0016,0.0709,0.9597
Z41271-성포동,59,3,6524,안산파크푸르지오 아파트,0.4667,0.8182,1.75,0.0815,0.0629,0.6514
Z41273-고잔동,59,1,6606,이편한세상 초지역 센트럴포레아파트,0.7273,0.7833,22.0833,0.0118,0.8678,0.8474
Z41273-고잔동,59,2,6554,힐스테이트중앙,0.7136,1.0,18.125,0.0384,0.2851,0.8201
Z41273-고잔동,59,3,6557,안산레이크타운 푸르지오 아파트,0.6455,1.0,9.375,0.0267,0.0333,0.8938
Z41480-동패동,59,1,7034,일산에듀포레푸르지오,0.7333,0.0833,10.7083,0.0444,0.0783,0.9731
Z41480-동패동,59,2,7043,일산두산위브더제니스,0.7,0.9667,20.0833,0.0123,0.033,0.9283
Z41480-동패동,59,3,8856,산내마을9단지 힐스테이트운정 아파트,0.7,1.0,22.625,-0.0038,0.2905,0.8682
Z41290-중앙동,59,1,7112,과천위버필드아파트,0.6,0.9057,18.625,0.0,-0.0356,0.9777
Z41290-중앙동,59,2,7109,과천푸르지오써밋,0.55,1.0,11.1667,-0.0293,0.0539,0.9707
Z41290-중앙동,59,3,7114,과천자이아파트,0.5,0.9245,14.5417,0.0512,-0.0869,0.9695
Z41360-다산동,59,1,7325,다산 e편한세상자이아파트,0.6333,1.0,22.5417,0.0091,0.1791,0.64
Z41360-다산동,59,2,7148,인창주공6단지,0.55,0.2333,31.375,0.01,-0.0785,0.9604
Z41360-다산동,59,3,7145,인창주공1단지아파트,0.5167,0.1333,39.5833,-0.0091,-0.0141,0.9724
Z41360-호평동,59,1,7233,평내호평역 대명루첸포레스티움아파트,0.7333,1.0,37.25,0.0122,0.0578,0.9379
Z41360-호평동,59,2,7207,두산알프하임,0.5167,0.9667,15.5833,-0.0122,0.349,0.8708
Z41360-호평동,59,3,7220,호평파라곤,0.5,0.2333,7.25,0.0441,0.1375,0.9155
Z41370-수청동,59,1,7542,오산시티자이1단지,0.6,1.0,15.0,0.0,0.0202,0.9214
Z41370-수청동,59,2,7540,오산시티자이2차아파트,0.5,1.0,9.125,-0.0492,0.1054,0.9679
Z41370-수청동,59,3,7592,오산대우,0.4,1.0,3.5833,0.0583,-0.1394,0.9007
Z41595-병점동,59,1,9528,병점한신,0.6,1.0,13.5417,-0.029,-0.1039,0.9748
Z41595-병점동,59,2,9514,병점역센트럴허브시티,0.5,1.0,5.3333,0.029,0.1132,0.9745
Z41595-병점동,59,3,9507,병점역아이파크캐슬,0.375,1.0,9.8333,,0.2544,0.7771
Z41390-은행동,59,1,7688,은계센트럴타운,0.7,1.0,16.75,-0.0207,0.2841,0.963
Z41390-은행동,59,2,7646,시흥센트럴푸르지오아파트,0.4,1.0,13.4167,0.0207,-0.3507,0.9463
Z41390-은행동,59,3,7679,은계파크자이아파트,0.375,1.0,12.1667,,0.5846,0.9363
Z41410-산본동,59,1,7966,산본래미안하이어스,0.7,1.0,21.1667,0.0046,0.1828,0.7809
Z41410-산본동,59,2,7940,산본세종,0.5,1.0,59.625,0.0,-0.038,0.9716
Z41410-산본동,59,3,7957,산본11단지주공,0.3,1.0,11.2917,-0.0083,-0.0313,0.9708
Z41461-김량장동,59,1,8222,우미 린 센트럴파크,0.7,1.0,16.9583,0.0174,-0.0224,0.9708
Z41461-김량장동,59,2,8223,역북 푸르지오,0.6,1.0,15.0833,-0.0174,0.0186,0.9751
Z41461-김량장동,59,3,8219,역북동 서희스타힐스포레스트아파트,0.125,1.0,16.25,,-0.0384,0.4312
Z41461-남사읍,59,1,8288,이편한세상 용인한숲시티 3단지,0.8,1.0,6.7083,0.0141,0.012,0.9858
Z41461-남사읍,59,2,8284,e편한세상 용인한숲시티6단지,0.6,1.0,18.25,0.0,0.0205,0.9847
Z41461-남사읍,59,3,8286,e편한세상 용인한숲시티 5단지,0.1,1.0,4.875,-0.2206,-0.1544,0.8849
Z41465-죽전동,59,1,8554,신정마을주공1단지아파트,0.88,1.0,40.7083,0.005,0.0249,0.9714
Z41465-죽전동,59,2,8625,동천센트럴자이아파트,0.68,0.9333,5.9583,0.0506,0.1448,0.9227
Z41465-죽전동,59,3,8716,광교자이 더 클래스,0.52,0.95,20.5,-0.005,0.0058,0.9122
Z41570-풍무동,59,1,9235,풍무센트럴푸르지오,0.7333,1.0,12.75,0.0034,0.2737,0.9103
Z41570-풍무동,59,2,9222,김포 사우 아이파크,0.4667,1.0,14.625,-0.0039,0.1002,0.9005
Z41570-풍무동,59,3,9247,당곡월드메르디앙,0.4667,0.3333,6.9583,0.0106,-0.1338,0.9372
Z41597-영천동,59,1,9661,동탄역센트럴상록아파트,0.6,1.0,40.4583,-0.0111,0.0335,0.9835
Z41597-영천동,59,2,9641,동탄역 시범우남퍼스트빌,0.5,1.0,23.75,0.0313,0.1159,0.9553
Z41597-영천동,59,3,9637,동탄역센트럴푸르지오,0.4,1.0,49.125,0.0,-0.0779,0.9556
Z41597-여울동,59,1,9739,동탄2신도시 하우스디 더 레이크,0.9,1.0,55.1667,0.0199,0.0689,0.9525
Z41597-여울동,59,2,9713,반도유보라아이비파크 10.0 1단지,0.3,1.0,33.4167,0.0,-0.1048,0.9576
Z41597-여울동,59,3,9735,동탄호수자이파밀리에,0.3,1.0,36.8333,-0.0053,0.0119,0.9378
Z28177-주안동,74,1,69,더샵인천스카이타워1단지아파트,0.6667,0.8333,18.6667,,0.9744,0.8821
Z28177-주안동,74,2,92,주안역센트레빌아파트,0.6,1.0,3.8333,0.0065,-0.0224,0.9681
Z28177-주안동,74,3,88,주안파크자이더플래티넘,0.5,0.881,11.0,,0.0643,0.2011
Z28185-동춘동,74,1,195,송도 파크레인 동일하이빌아파트,0.7,1.0,5.7083,0.0,0.09,0.9715
Z28185-동춘동,74,2,196,연수서해그랑블1단지아파트,0.6,1.0,9.9583,0.0465,-0.1866,0.8891
Z28185-동춘동,74,3,193,송도파크자이,0.2,1.0,4.5833,-0.051,0.0006,0.9666
Z28185-송도동,74,1,246,송도더샵센트럴시티아파트,0.7143,0.9833,17.0833,0.0053,0.0035,0.9611
Z28185-송도동,74,2,252,송도에듀포레 푸르지오아파트,0.6857,0.6667,14.25,-0.0004,0.0622,0.9642
Z28185-송도동,74,3,247,송도글로벌파크베르디움,0.6,1.0,6.0,0.0004,0.0442,0.9574
Z28200-만수동,74,1,384,만수주공2단지아파트,0.6,1.0,3.75,0.0,0.0091,0.9797
Z28200-만수동,74,2,385,만수 주공4단지 아파트,0.5,1.0,2.625,0.0136,0.0068,0.9747
Z28200-만수동,74,3,361,포레시안 아파트,0.4,1.0,3.9583,-0.0006,0.0511,0.8807
Z28290-당하동,74,1,1064,원당풍림아이원아파트,0.7,1.0,10.5417,0.0,0.0137,0.9726
Z28290-당하동,74,2,1055,검단신도시디에트르더펠리체아파트,0.5,1.0,7.125,0.524,0.189,-0.4078
Z28290-당하동,74,3,1066,당하 KCC스위첸 아파트,0.3,1.0,5.25,-0.006,-0.0442,0.9671
Z28290-원당동,74,1,1087,검단 금호어울림 센트럴,0.625,0.9333,18.8333,,-0.1593,0.9404
Z28290-원당동,74,2,1088,검단호반써밋1차,0.625,1.0,14.5,,-0.0558,0.9042
Z28290-원당동,74,3,1086,검단푸르지오더베뉴,0.5,0.9778,5.6667,0.0,-0.0081,0.9153
Z11350-상계동,74,1,2287,상계보람,0.6,0.9273,9.125,-0.07,0.0472,0.9391
Z11350-상계동,74,2,2251,상계벽산,0.5333,0.9273,7.5417,0.051,0.1727,0.6022
Z11350-상계동,74,3,2051,방학신동아1단지,0.4667,0.2,10.7083,-0.0,0.0081,0.9286
Z11530-항동,74,1,5991,옥길호반베르디움아파트,0.84,0.95,9.0833,0.019,0.0306,0.977
Z11530-항동,74,2,5989,옥길센트리뷰,0.75,0.7667,9.5,0.0042,0.1099,0.9008
Z11530-항동,74,3,3297,항동하버라인3단지,0.4,0.6333,2.8333,,0.3468,0.6346
Z41210-소하동,74,1,6084,철산주공12단지,0.66,0.9831,14.9167,0.0,0.0529,0.8998
Z41210-소하동,74,2,6081,철산주공13단지,0.56,0.9661,17.0833,-0.0266,0.1385,0.8878
Z41210-소하동,74,3,6091,하안주공10단지,0.52,0.1017,4.3333,0.0229,-0.0687,0.9446
Z11560-신길동,74,1,3487,신길센트럴자이,0.625,1.0,1.3333,0.0,,0.9879
Z11560-신길동,74,2,3364,아크로타워스퀘어,0.6,1.0,2.2083,0.0915,0.2408,0.8333
Z11560-신길동,74,3,3358,영등포푸르지오,0.3,1.0,32.875,-0.0105,-0.1115,0.9619
Z11680-역삼동,74,1,4015,개포주공6단지,0.7333,0.8,4.0417,0.0414,0.0433,0.9705
Z11680-역삼동,74,2,4088,은마,0.6,0.96,14.3333,-0.0005,-0.0975,0.9538
Z11680-역삼동,74,3,4001,개포래미안포레스트,0.4,0.34,3.9583,0.0005,0.6921,0.8076
Z11740-길동,74,1,4396,고덕 그라시움 아파트,0.96,1.0,14.25,0.082,0.2892,0.9285
Z11740-길동,74,2,4407,고덕자이 아파트,0.49,0.1852,3.625,-0.0065,0.2174,0.9712
Z11740-길동,74,3,4397,래미안힐스테이트 고덕,0.46,0.6852,2.0417,0.0,0.1227,0.9091
Z11740-강일동,74,1,8151,미사강변골든센트로,0.76,0.9,7.375,0.061,0.0976,0.9111
Z11740-강일동,74,2,8145,미사강변푸르지오,0.6,0.8,6.2083,0.0987,0.0511,0.8734
Z11740-강일동,74,3,8143,미사강변 센텀팰리스,0.44,0.0833,10.2083,-0.0247,-0.0025,0.9833
Z41111-정자동,74,1,4664,구운삼환,0.8,1.0,13.0417,-0.119,0.0047,0.9054
Z41111-정자동,74,2,4546,정자동신1차,0.5,1.0,0.9583,0.119,-0.0044,0.8794
Z41111-정자동,74,3,4540,화서역 파크 푸르지오,0.125,1.0,6.2917,,-0.3802,0.8205
Z41113-권선동,74,1,4720,수원아이파크시티7단지,0.6667,0.9,7.7917,0.0444,0.168,0.874
Z41113-권선동,74,2,4708,수원하늘채더퍼스트2단지,0.625,0.3833,25.9583,,0.5824,0.7655
Z41113-권선동,74,3,4709,수원하늘채더퍼스트1단지,0.625,0.6833,10.6667,,1.4058,0.2027
Z41117-망포동,74,1,4954,힐스테이트 영통아파트,0.8667,1.0,14.0417,0.0367,0.0351,0.9369
Z41117-망포동,74,2,4952,영통아이파크캐슬1단지,0.5333,1.0,8.6667,-0.0089,0.027,0.9841
Z41117-망포동,74,3,4953,영통아이파크캐슬2단지 아파트,0.4667,0.9333,5.8333,0.0089,0.0182,0.9854
Z41131-신흥동,74,1,5048,e편한세상금빛그랑메종1단지아파트,0.625,1.0,16.2083,,0.0536,0.9792
Z41131-신흥동,74,2,5088,신흥역하늘채랜더스원 1단지아파트,0.5,1.0,20.3333,,-0.1141,0.9748
Z41131-신흥동,74,3,4985,산성역 포레스티아 아파트,0.4,1.0,64.2083,0.0,-0.0647,0.9412
Z41135-야탑동,74,1,5183,야탑장미마을현대,0.6667,0.75,8.5833,0.0099,-0.048,0.9618
Z41135-야탑동,74,2,5152,서현시범우성,0.5333,0.6786,2.4167,0.0397,0.1321,0.9034
Z41135-야탑동,74,3,5169,이매촌삼성,0.5333,1.0,4.7917,-0.0654,-0.0353,0.9596
Z41150-신곡동,74,1,5414,e편한세상 신곡 포레스타뷰,0.6,0.9615,15.9583,0.0859,0.6525,0.7795
Z41150-신곡동,74,2,5415,e편한세상신곡파크비스타,0.6,1.0,23.0417,-0.0634,-0.045,0.9526
Z41150-신곡동,74,3,5513,금오2차신도브래뉴업,0.4,0.0577,1.125,-0.0407,0.0153,0.9586
Z41173-호계동,74,1,5736,평촌더샵아이파크아파트,0.8,1.0,5.4167,0.0294,0.0955,0.9618
Z41173-호계동,74,2,5732,평촌어바인퍼스트,0.375,1.0,2.375,,0.239,0.6785
Z41173-호계동,74,3,5682,동편마을3단지,0.3,1.0,5.1667,-0.0294,-0.0683,0.964
Z41220-동삭동,74,1,6278,더샵지제역센트럴파크1BL아파트,0.8333,0.3,22.0417,0.0525,0.227,0.9634
Z41220-동삭동,74,2,6279,더샵 지제역 센트럴파크 2BL,0.68,1.0,18.5,-0.0241,-0.0156,0.9547
Z41220-동삭동,74,3,6281,평택센트럴자이3단지,0.44,0.0833,6.5833,-0.0307,0.0797,0.9758
Z41271-성포동,74,1,6527,성포주공10단지,0.7333,1.0,5.2917,-0.0283,0.0709,0.9277
Z41271-성포동,74,2,6524,안산파크푸르지오 아파트,0.4667,0.8679,2.375,0.0571,0.0518,0.7266
Z41271-성포동,74,3,6528,성포예술인,0.4,0.6226,5.0833,-0.0389,0.0266,0.9634
Z41273-고잔동,74,1,6617,안산 라프리모,0.731,0.25,11.7083,0.0043,0.1134,0.9232
Z41273-고잔동,74,2,6554,힐스테이트중앙,0.6952,0.85,7.125,-0.0081,0.2575,0.8759
Z41273-고잔동,74,3,6620,안산 메트로타운 푸르지오 힐스테이트 아파트,0.6214,0.1667,10.1667,-0.0178,0.2475,0.8984
Z41281-원흥동,74,1,6704,삼송2차 아이파크,0.7,0.9661,7.7917,0.0757,0.1145,0.8825
Z41281-원흥동,74,2,6666,도래울파크뷰,0.65,0.8305,8.5,0.0,0.0325,0.9656
Z41281-원흥동,74,3,6661,도래울센트럴더포레,0.5,0.1356,5.6667,0.054,-0.0069,0.982
Z41480-동패동,74,1,8856,산내마을9단지 힐스테이트운정 아파트,0.7,1.0,30.6667,0.0,0.2679,0.8885
Z41480-동패동,74,2,7034,일산에듀포레푸르지오,0.6,1.0,8.0417,-0.0022,-0.0049,0.9853
Z41480-동패동,74,3,8855,운정신도시 센트럴푸르지오,0.55,0.9167,3.875,0.03,0.1445,0.9256
Z41310-갈매동,74,1,7122,구리갈매스타힐스,0.7,1.0,11.4167,0.0025,-0.0662,0.9711
Z41310-갈매동,74,2,7126,한라비발디아파트,0.5,1.0,6.9167,-0.0305,-0.0421,0.9425
Z41310-갈매동,74,3,7118,갈매6단지,0.3,1.0,3.875,0.0,0.2268,0.9046
Z41595-병점동,74,1,9507,병점역아이파크캐슬,0.75,1.0,11.2083,,0.3575,0.9363
Z41595-병점동,74,2,7610,세마역 트루엘 더퍼스트,0.7,1.0,7.0833,0.0206,0.0525,0.9626
Z41595-병점동,74,3,7607,세마e편한세상,0.1,1.0,1.875,-0.0206,-0.0116,0.9595
Z41390-은행동,74,1,7648,은계어반리더스아파트,0.6667,0.102,20.2083,-0.003,0.0518,0.9626
Z41390-은행동,74,2,7685,시흥은계한양수자인더클래스아파트,0.6,0.9388,7.2917,0.024,0.0317,0.9538
Z41390-은행동,74,3,7679,은계파크자이아파트,0.5625,0.898,17.5,,0.3893,0.8956
Z41390-배곧동,74,1,7894,한라비발디캠퍼스,0.6,1.0,13.0417,0.0,0.0017,0.9758
Z41390-배곧동,74,2,7899,시흥 배곧 SK VIEW 아파트,0.5,1.0,6.75,0.0342,-0.075,0.9591
Z41390-배곧동,74,3,7891,시흥배곧한신더휴,0.4,1.0,2.7917,-0.0296,0.0641,0.9786
Z41461-김량장동,74,1,8223,역북 푸르지오,0.8,1.0,9.8333,0.0146,0.001,0.9808
Z41461-김량장동,74,2,8222,우미 린 센트럴파크,0.5,1.0,3.0,-0.0146,0.002,0.9813
Z41461-김량장동,74,3,8219,역북동 서희스타힐스포레스트아파트,0.125,1.0,8.0833,,-0.3285,0.3779
Z41570-풍무동,74,1,9222,김포 사우 아이파크,0.6,1.0,11.1667,0.0051,0.0022,0.9842
Z41570-풍무동,74,2,9235,풍무센트럴푸르지오,0.6,1.0,22.7083,-0.006,0.1718,0.9188
Z41570-풍무동,74,3,9247,당곡월드메르디앙,0.3,1.0,7.5833,0.0,-0.3242,0.8983
Z41570-고촌읍,74,1,9300,힐스테이트리버시티2단지,0.8,1.0,6.125,0.0668,0.3646,0.9056
Z41570-고촌읍,74,2,9303,캐슬앤파밀리에시티1단지,0.375,1.0,3.9167,,-0.0346,0.5799
Z41570-고촌읍,74,3,9299,힐스테이트 리버시티1단지,0.3,1.0,4.9583,-0.0668,-0.1963,0.9109
Z41597-영천동,74,1,9641,동탄역 시범우남퍼스트빌,0.6,1.0,15.25,0.0443,0.041,0.9592
Z41597-영천동,74,2,9661,동탄역센트럴상록아파트,0.6,1.0,17.1667,-0.0664,-0.0208,0.9668
Z41597-영천동,74,3,9637,동탄역센트럴푸르지오,0.3,1.0,13.2917,0.0,-0.0043,0.9658
Z41597-여울동,74,1,9739,동탄2신도시 하우스디 더 레이크,0.85,1.0,17.3333,0.0436,0.1257,0.9674
Z41597-여울동,74,2,9694,e편한세상동탄아파트,0.5,0.25,10.375,0.0203,-0.0672,0.9879
Z41597-여울동,74,3,9689,힐스테이트동탄,0.4,1.0,14.9583,-0.0335,0.0834,0.9274
Z41630-옥정동,74,1,9970,e편한세상 옥정 에듀써밋,0.7833,0.9815,8.0833,0.0069,0.0997,0.9871
Z41630-옥정동,74,2,9961,e편한세상 옥정 메트로포레,0.65,0.9444,12.0417,0.1155,-0.2673,0.9748
Z41630-옥정동,74,3,9954,옥정유림노르웨이숲아파트,0.375,0.037,8.1667,,-0.0579,0.9358
